ISO-10303-21;
HEADER;
FILE_DESCRIPTION(('KiCad electronic assembly'),'2;1');
FILE_NAME('algoritmi_foc_driver.step','2025-01-09T19:57:18',('Pcbnew'),(
    'Kicad'),'Open CASCADE STEP processor 7.8','KiCad to STEP converter'
  ,'Unknown');
FILE_SCHEMA(('AUTOMOTIVE_DESIGN { 1 0 10303 214 1 1 1 1 }'));
ENDSEC;
DATA;
#1 = APPLICATION_PROTOCOL_DEFINITION('international standard',
  'automotive_design',2000,#2);
#2 = APPLICATION_CONTEXT(
  'core data for automotive mechanical design processes');
#3 = SHAPE_DEFINITION_REPRESENTATION(#4,#10);
#4 = PRODUCT_DEFINITION_SHAPE('','',#5);
#5 = PRODUCT_DEFINITION('design','',#6,#9);
#6 = PRODUCT_DEFINITION_FORMATION('','',#7);
#7 = PRODUCT('algoritmi_foc_driver 1','algoritmi_foc_driver 1','',(#8));
#8 = PRODUCT_CONTEXT('',#2,'mechanical');
#9 = PRODUCT_DEFINITION_CONTEXT('part definition',#2,'design');
#10 = SHAPE_REPRESENTATION('',(#11,#15,#19,#23,#27,#31,#35,#39,#43,#47,
    #51,#55,#59,#63,#67,#71,#75,#79,#83,#87,#91),#95);
#11 = AXIS2_PLACEMENT_3D('',#12,#13,#14);
#12 = CARTESIAN_POINT('',(0.,0.,0.));
#13 = DIRECTION('',(0.,0.,1.));
#14 = DIRECTION('',(1.,0.,-0.));
#15 = AXIS2_PLACEMENT_3D('',#16,#17,#18);
#16 = CARTESIAN_POINT('',(100.238,-88.89,1.65));
#17 = DIRECTION('',(0.,-0.,1.));
#18 = DIRECTION('',(1.110223024625E-16,1.,0.));
#19 = AXIS2_PLACEMENT_3D('',#20,#21,#22);
#20 = CARTESIAN_POINT('',(98.118,-74.97,1.65));
#21 = DIRECTION('',(0.,-0.,1.));
#22 = DIRECTION('',(1.110223024625E-16,1.,0.));
#23 = AXIS2_PLACEMENT_3D('',#24,#25,#26);
#24 = CARTESIAN_POINT('',(100.038,-79.485,1.65));
#25 = DIRECTION('',(-0.,0.,1.));
#26 = DIRECTION('',(1.110223024625E-16,-1.,0.));
#27 = AXIS2_PLACEMENT_3D('',#28,#29,#30);
#28 = CARTESIAN_POINT('',(96.638,-74.75,1.65));
#29 = DIRECTION('',(0.,-0.,1.));
#30 = DIRECTION('',(1.110223024625E-16,1.,0.));
#31 = AXIS2_PLACEMENT_3D('',#32,#33,#34);
#32 = CARTESIAN_POINT('',(98.438,-79.48,1.65));
#33 = DIRECTION('',(-0.,0.,1.));
#34 = DIRECTION('',(1.110223024625E-16,-1.,0.));
#35 = AXIS2_PLACEMENT_3D('',#36,#37,#38);
#36 = CARTESIAN_POINT('',(102.638,-89.29,1.65));
#37 = DIRECTION('',(0.,-0.,1.));
#38 = DIRECTION('',(1.110223024625E-16,1.,0.));
#39 = AXIS2_PLACEMENT_3D('',#40,#41,#42);
#40 = CARTESIAN_POINT('',(97.098,-85.,1.65));
#41 = DIRECTION('',(0.,0.,1.));
#42 = DIRECTION('',(1.,0.,0.));
#43 = AXIS2_PLACEMENT_3D('',#44,#45,#46);
#44 = CARTESIAN_POINT('',(98.438,-88.89,1.65));
#45 = DIRECTION('',(0.,-0.,1.));
#46 = DIRECTION('',(1.110223024625E-16,1.,0.));
#47 = AXIS2_PLACEMENT_3D('',#48,#49,#50);
#48 = CARTESIAN_POINT('',(97.038,-89.29,1.65));
#49 = DIRECTION('',(-0.,0.,1.));
#50 = DIRECTION('',(1.110223024625E-16,-1.,0.));
#51 = AXIS2_PLACEMENT_3D('',#52,#53,#54);
#52 = CARTESIAN_POINT('',(98.428,-86.64,1.65));
#53 = DIRECTION('',(-0.,0.,1.));
#54 = DIRECTION('',(1.110223024625E-16,-1.,0.));
#55 = AXIS2_PLACEMENT_3D('',#56,#57,#58);
#56 = CARTESIAN_POINT('',(97.098,-82.89,1.65));
#57 = DIRECTION('',(0.,0.,1.));
#58 = DIRECTION('',(1.,0.,0.));
#59 = AXIS2_PLACEMENT_3D('',#60,#61,#62);
#60 = CARTESIAN_POINT('',(105.438,-80.89,1.65));
#61 = DIRECTION('',(0.,-0.,1.));
#62 = DIRECTION('',(1.110223024625E-16,1.,0.));
#63 = AXIS2_PLACEMENT_3D('',#64,#65,#66);
#64 = CARTESIAN_POINT('',(94.238,-74.74,1.65));
#65 = DIRECTION('',(0.,-0.,1.));
#66 = DIRECTION('',(1.110223024625E-16,1.,0.));
#67 = AXIS2_PLACEMENT_3D('',#68,#69,#70);
#68 = CARTESIAN_POINT('',(101.638,-89.29,1.65));
#69 = DIRECTION('',(-0.,0.,1.));
#70 = DIRECTION('',(1.110223024625E-16,-1.,0.));
#71 = AXIS2_PLACEMENT_3D('',#72,#73,#74);
#72 = CARTESIAN_POINT('',(105.438,-86.09,1.65));
#73 = DIRECTION('',(-0.,0.,1.));
#74 = DIRECTION('',(1.110223024625E-16,-1.,0.));
#75 = AXIS2_PLACEMENT_3D('',#76,#77,#78);
#76 = CARTESIAN_POINT('',(103.6,-79.49,1.65));
#77 = DIRECTION('',(-0.,0.,1.));
#78 = DIRECTION('',(1.110223024625E-16,-1.,0.));
#79 = AXIS2_PLACEMENT_3D('',#80,#81,#82);
#80 = CARTESIAN_POINT('',(97.098,-81.09,1.65));
#81 = DIRECTION('',(0.,0.,1.));
#82 = DIRECTION('',(1.,0.,0.));
#83 = AXIS2_PLACEMENT_3D('',#84,#85,#86);
#84 = CARTESIAN_POINT('',(102.,-79.49,1.65));
#85 = DIRECTION('',(-0.,0.,1.));
#86 = DIRECTION('',(1.110223024625E-16,-1.,0.));
#87 = AXIS2_PLACEMENT_3D('',#88,#89,#90);
#88 = CARTESIAN_POINT('',(94.238,-78.49,1.65));
#89 = DIRECTION('',(0.,-0.,1.));
#90 = DIRECTION('',(1.110223024625E-16,1.,0.));
#91 = AXIS2_PLACEMENT_3D('',#92,#93,#94);
#92 = CARTESIAN_POINT('',(0.,0.,0.));
#93 = DIRECTION('',(0.,0.,1.));
#94 = DIRECTION('',(1.,0.,-0.));
#95 = ( GEOMETRIC_REPRESENTATION_CONTEXT(3) 
GLOBAL_UNCERTAINTY_ASSIGNED_CONTEXT((#99)) GLOBAL_UNIT_ASSIGNED_CONTEXT(
(#96,#97,#98)) REPRESENTATION_CONTEXT('Context #1',
  '3D Context with UNIT and UNCERTAINTY') );
#96 = ( LENGTH_UNIT() NAMED_UNIT(*) SI_UNIT(.MILLI.,.METRE.) );
#97 = ( NAMED_UNIT(*) PLANE_ANGLE_UNIT() SI_UNIT($,.RADIAN.) );
#98 = ( NAMED_UNIT(*) SI_UNIT($,.STERADIAN.) SOLID_ANGLE_UNIT() );
#99 = UNCERTAINTY_MEASURE_WITH_UNIT(LENGTH_MEASURE(1.E-07),#96,
  'distance_accuracy_value','confusion accuracy');
#100 = PRODUCT_RELATED_PRODUCT_CATEGORY('part',$,(#7));
#101 = SHAPE_DEFINITION_REPRESENTATION(#102,#108);
#102 = PRODUCT_DEFINITION_SHAPE('','',#103);
#103 = PRODUCT_DEFINITION('design','',#104,#107);
#104 = PRODUCT_DEFINITION_FORMATION('','',#105);
#105 = PRODUCT('LED_0603_1608Metric','LED_0603_1608Metric','',(#106));
#106 = PRODUCT_CONTEXT('',#2,'mechanical');
#107 = PRODUCT_DEFINITION_CONTEXT('part definition',#2,'design');
#108 = SHAPE_REPRESENTATION('',(#11,#109),#113);
#109 = AXIS2_PLACEMENT_3D('',#110,#111,#112);
#110 = CARTESIAN_POINT('',(0.,0.,0.));
#111 = DIRECTION('',(0.,0.,1.));
#112 = DIRECTION('',(1.,0.,-0.));
#113 = ( GEOMETRIC_REPRESENTATION_CONTEXT(3) 
GLOBAL_UNCERTAINTY_ASSIGNED_CONTEXT((#117)) GLOBAL_UNIT_ASSIGNED_CONTEXT
((#114,#115,#116)) REPRESENTATION_CONTEXT('Context #1',
  '3D Context with UNIT and UNCERTAINTY') );
#114 = ( LENGTH_UNIT() NAMED_UNIT(*) SI_UNIT(.MILLI.,.METRE.) );
#115 = ( NAMED_UNIT(*) PLANE_ANGLE_UNIT() SI_UNIT($,.RADIAN.) );
#116 = ( NAMED_UNIT(*) SI_UNIT($,.STERADIAN.) SOLID_ANGLE_UNIT() );
#117 = UNCERTAINTY_MEASURE_WITH_UNIT(LENGTH_MEASURE(1.E-07),#114,
  'distance_accuracy_value','confusion accuracy');
#118 = CONTEXT_DEPENDENT_SHAPE_REPRESENTATION(#119,#121);
#119 = ( REPRESENTATION_RELATIONSHIP('','',#108,#10) 
REPRESENTATION_RELATIONSHIP_WITH_TRANSFORMATION(#120) 
SHAPE_REPRESENTATION_RELATIONSHIP() );
#120 = ITEM_DEFINED_TRANSFORMATION('','',#11,#15);
#121 = PRODUCT_DEFINITION_SHAPE('Placement','Placement of an item',#122
  );
#122 = NEXT_ASSEMBLY_USAGE_OCCURRENCE('2','ERROR','',#5,#103,$);
#123 = PRODUCT_RELATED_PRODUCT_CATEGORY('part',$,(#105));
#124 = SHAPE_DEFINITION_REPRESENTATION(#125,#131);
#125 = PRODUCT_DEFINITION_SHAPE('','',#126);
#126 = PRODUCT_DEFINITION('design','',#127,#130);
#127 = PRODUCT_DEFINITION_FORMATION('','',#128);
#128 = PRODUCT('LED_0603_1608Metric','LED_0603_1608Metric','',(#129));
#129 = PRODUCT_CONTEXT('',#2,'mechanical');
#130 = PRODUCT_DEFINITION_CONTEXT('part definition',#2,'design');
#131 = ADVANCED_BREP_SHAPE_REPRESENTATION('',(#11,#132),#1655);
#132 = MANIFOLD_SOLID_BREP('',#133);
#133 = CLOSED_SHELL('',(#134,#174,#221,#300,#324,#364,#395,#412,#445,
    #469,#536,#657,#724,#748,#779,#812,#868,#892,#916,#940,#973,#985,
    #1048,#1073,#1090,#1114,#1132,#1150,#1168,#1185,#1202,#1233,#1258,
    #1283,#1307,#1324,#1355,#1379,#1396,#1424,#1449,#1473,#1498,#1545,
    #1562,#1574,#1596,#1608,#1626,#1644));
#134 = ADVANCED_FACE('',(#135),#169,.F.);
#135 = FACE_BOUND('',#136,.F.);
#136 = EDGE_LOOP('',(#137,#147,#155,#163));
#137 = ORIENTED_EDGE('',*,*,#138,.T.);
#138 = EDGE_CURVE('',#139,#141,#143,.T.);
#139 = VERTEX_POINT('',#140);
#140 = CARTESIAN_POINT('',(-0.5,-0.4,0.47));
#141 = VERTEX_POINT('',#142);
#142 = CARTESIAN_POINT('',(-0.45,-0.4,1.1));
#143 = LINE('',#144,#145);
#144 = CARTESIAN_POINT('',(-0.5,-0.4,0.47));
#145 = VECTOR('',#146,1.);
#146 = DIRECTION('',(7.911630099815E-02,0.,0.996865392576));
#147 = ORIENTED_EDGE('',*,*,#148,.T.);
#148 = EDGE_CURVE('',#141,#149,#151,.T.);
#149 = VERTEX_POINT('',#150);
#150 = CARTESIAN_POINT('',(0.45,-0.4,1.1));
#151 = LINE('',#152,#153);
#152 = CARTESIAN_POINT('',(-0.45,-0.4,1.1));
#153 = VECTOR('',#154,1.);
#154 = DIRECTION('',(1.,0.,0.));
#155 = ORIENTED_EDGE('',*,*,#156,.T.);
#156 = EDGE_CURVE('',#149,#157,#159,.T.);
#157 = VERTEX_POINT('',#158);
#158 = CARTESIAN_POINT('',(0.5,-0.4,0.47));
#159 = LINE('',#160,#161);
#160 = CARTESIAN_POINT('',(0.45,-0.4,1.1));
#161 = VECTOR('',#162,1.);
#162 = DIRECTION('',(7.911630099815E-02,0.,-0.996865392576));
#163 = ORIENTED_EDGE('',*,*,#164,.T.);
#164 = EDGE_CURVE('',#157,#139,#165,.T.);
#165 = LINE('',#166,#167);
#166 = CARTESIAN_POINT('',(0.5,-0.4,0.47));
#167 = VECTOR('',#168,1.);
#168 = DIRECTION('',(-1.,0.,0.));
#169 = PLANE('',#170);
#170 = AXIS2_PLACEMENT_3D('',#171,#172,#173);
#171 = CARTESIAN_POINT('',(-8.772411109409E-18,-0.4,0.775044128294));
#172 = DIRECTION('',(0.,1.,0.));
#173 = DIRECTION('',(0.,-0.,1.));
#174 = ADVANCED_FACE('',(#175),#216,.T.);
#175 = FACE_BOUND('',#176,.T.);
#176 = EDGE_LOOP('',(#177,#187,#195,#201,#202,#210));
#177 = ORIENTED_EDGE('',*,*,#178,.T.);
#178 = EDGE_CURVE('',#179,#181,#183,.T.);
#179 = VERTEX_POINT('',#180);
#180 = CARTESIAN_POINT('',(-0.5,0.4,0.47));
#181 = VERTEX_POINT('',#182);
#182 = CARTESIAN_POINT('',(-0.5,0.3,0.47));
#183 = LINE('',#184,#185);
#184 = CARTESIAN_POINT('',(-0.5,0.4,0.47));
#185 = VECTOR('',#186,1.);
#186 = DIRECTION('',(0.,-1.,0.));
#187 = ORIENTED_EDGE('',*,*,#188,.F.);
#188 = EDGE_CURVE('',#189,#181,#191,.T.);
#189 = VERTEX_POINT('',#190);
#190 = CARTESIAN_POINT('',(-0.5,-0.3,0.47));
#191 = LINE('',#192,#193);
#192 = CARTESIAN_POINT('',(-0.5,-0.4,0.47));
#193 = VECTOR('',#194,1.);
#194 = DIRECTION('',(0.,1.,0.));
#195 = ORIENTED_EDGE('',*,*,#196,.T.);
#196 = EDGE_CURVE('',#189,#139,#197,.T.);
#197 = LINE('',#198,#199);
#198 = CARTESIAN_POINT('',(-0.5,0.4,0.47));
#199 = VECTOR('',#200,1.);
#200 = DIRECTION('',(0.,-1.,0.));
#201 = ORIENTED_EDGE('',*,*,#138,.T.);
#202 = ORIENTED_EDGE('',*,*,#203,.F.);
#203 = EDGE_CURVE('',#204,#141,#206,.T.);
#204 = VERTEX_POINT('',#205);
#205 = CARTESIAN_POINT('',(-0.45,0.4,1.1));
#206 = LINE('',#207,#208);
#207 = CARTESIAN_POINT('',(-0.45,0.4,1.1));
#208 = VECTOR('',#209,1.);
#209 = DIRECTION('',(0.,-1.,0.));
#210 = ORIENTED_EDGE('',*,*,#211,.F.);
#211 = EDGE_CURVE('',#179,#204,#212,.T.);
#212 = LINE('',#213,#214);
#213 = CARTESIAN_POINT('',(-0.5,0.4,0.47));
#214 = VECTOR('',#215,1.);
#215 = DIRECTION('',(7.911630099815E-02,0.,0.996865392576));
#216 = PLANE('',#217);
#217 = AXIS2_PLACEMENT_3D('',#218,#219,#220);
#218 = CARTESIAN_POINT('',(-0.5,0.4,0.47));
#219 = DIRECTION('',(-0.996865392576,0.,7.911630099815E-02));
#220 = DIRECTION('',(7.911630099815E-02,0.,0.996865392576));
#221 = ADVANCED_FACE('',(#222),#295,.F.);
#222 = FACE_BOUND('',#223,.F.);
#223 = EDGE_LOOP('',(#224,#234,#242,#250,#256,#257,#265,#273,#281,#289)
  );
#224 = ORIENTED_EDGE('',*,*,#225,.F.);
#225 = EDGE_CURVE('',#226,#228,#230,.T.);
#226 = VERTEX_POINT('',#227);
#227 = CARTESIAN_POINT('',(-0.77,-0.4,3.E-02));
#228 = VERTEX_POINT('',#229);
#229 = CARTESIAN_POINT('',(-0.725,-0.4,3.E-02));
#230 = LINE('',#231,#232);
#231 = CARTESIAN_POINT('',(-0.77,-0.4,3.E-02));
#232 = VECTOR('',#233,1.);
#233 = DIRECTION('',(1.,0.,0.));
#234 = ORIENTED_EDGE('',*,*,#235,.T.);
#235 = EDGE_CURVE('',#226,#236,#238,.T.);
#236 = VERTEX_POINT('',#237);
#237 = CARTESIAN_POINT('',(-0.77,-0.4,0.47));
#238 = LINE('',#239,#240);
#239 = CARTESIAN_POINT('',(-0.77,-0.4,3.E-02));
#240 = VECTOR('',#241,1.);
#241 = DIRECTION('',(0.,0.,1.));
#242 = ORIENTED_EDGE('',*,*,#243,.T.);
#243 = EDGE_CURVE('',#236,#244,#246,.T.);
#244 = VERTEX_POINT('',#245);
#245 = CARTESIAN_POINT('',(-0.725,-0.4,0.47));
#246 = LINE('',#247,#248);
#247 = CARTESIAN_POINT('',(-0.77,-0.4,0.47));
#248 = VECTOR('',#249,1.);
#249 = DIRECTION('',(1.,0.,0.));
#250 = ORIENTED_EDGE('',*,*,#251,.T.);
#251 = EDGE_CURVE('',#244,#139,#252,.T.);
#252 = LINE('',#253,#254);
#253 = CARTESIAN_POINT('',(-0.77,-0.4,0.47));
#254 = VECTOR('',#255,1.);
#255 = DIRECTION('',(1.,0.,0.));
#256 = ORIENTED_EDGE('',*,*,#164,.F.);
#257 = ORIENTED_EDGE('',*,*,#258,.T.);
#258 = EDGE_CURVE('',#157,#259,#261,.T.);
#259 = VERTEX_POINT('',#260);
#260 = CARTESIAN_POINT('',(0.725,-0.4,0.47));
#261 = LINE('',#262,#263);
#262 = CARTESIAN_POINT('',(-0.77,-0.4,0.47));
#263 = VECTOR('',#264,1.);
#264 = DIRECTION('',(1.,0.,0.));
#265 = ORIENTED_EDGE('',*,*,#266,.T.);
#266 = EDGE_CURVE('',#259,#267,#269,.T.);
#267 = VERTEX_POINT('',#268);
#268 = CARTESIAN_POINT('',(0.77,-0.4,0.47));
#269 = LINE('',#270,#271);
#270 = CARTESIAN_POINT('',(-0.77,-0.4,0.47));
#271 = VECTOR('',#272,1.);
#272 = DIRECTION('',(1.,0.,0.));
#273 = ORIENTED_EDGE('',*,*,#274,.F.);
#274 = EDGE_CURVE('',#275,#267,#277,.T.);
#275 = VERTEX_POINT('',#276);
#276 = CARTESIAN_POINT('',(0.77,-0.4,3.E-02));
#277 = LINE('',#278,#279);
#278 = CARTESIAN_POINT('',(0.77,-0.4,3.E-02));
#279 = VECTOR('',#280,1.);
#280 = DIRECTION('',(0.,0.,1.));
#281 = ORIENTED_EDGE('',*,*,#282,.F.);
#282 = EDGE_CURVE('',#283,#275,#285,.T.);
#283 = VERTEX_POINT('',#284);
#284 = CARTESIAN_POINT('',(0.725,-0.4,3.E-02));
#285 = LINE('',#286,#287);
#286 = CARTESIAN_POINT('',(-0.77,-0.4,3.E-02));
#287 = VECTOR('',#288,1.);
#288 = DIRECTION('',(1.,0.,0.));
#289 = ORIENTED_EDGE('',*,*,#290,.F.);
#290 = EDGE_CURVE('',#228,#283,#291,.T.);
#291 = LINE('',#292,#293);
#292 = CARTESIAN_POINT('',(-0.77,-0.4,3.E-02));
#293 = VECTOR('',#294,1.);
#294 = DIRECTION('',(1.,0.,0.));
#295 = PLANE('',#296);
#296 = AXIS2_PLACEMENT_3D('',#297,#298,#299);
#297 = CARTESIAN_POINT('',(-0.77,-0.4,3.E-02));
#298 = DIRECTION('',(0.,1.,0.));
#299 = DIRECTION('',(0.,-0.,1.));
#300 = ADVANCED_FACE('',(#301),#319,.T.);
#301 = FACE_BOUND('',#302,.T.);
#302 = EDGE_LOOP('',(#303,#304,#305,#313));
#303 = ORIENTED_EDGE('',*,*,#203,.T.);
#304 = ORIENTED_EDGE('',*,*,#148,.T.);
#305 = ORIENTED_EDGE('',*,*,#306,.F.);
#306 = EDGE_CURVE('',#307,#149,#309,.T.);
#307 = VERTEX_POINT('',#308);
#308 = CARTESIAN_POINT('',(0.45,0.4,1.1));
#309 = LINE('',#310,#311);
#310 = CARTESIAN_POINT('',(0.45,0.4,1.1));
#311 = VECTOR('',#312,1.);
#312 = DIRECTION('',(0.,-1.,0.));
#313 = ORIENTED_EDGE('',*,*,#314,.F.);
#314 = EDGE_CURVE('',#204,#307,#315,.T.);
#315 = LINE('',#316,#317);
#316 = CARTESIAN_POINT('',(-0.45,0.4,1.1));
#317 = VECTOR('',#318,1.);
#318 = DIRECTION('',(1.,0.,0.));
#319 = PLANE('',#320);
#320 = AXIS2_PLACEMENT_3D('',#321,#322,#323);
#321 = CARTESIAN_POINT('',(-0.45,0.4,1.1));
#322 = DIRECTION('',(0.,0.,1.));
#323 = DIRECTION('',(1.,0.,-0.));
#324 = ADVANCED_FACE('',(#325),#359,.T.);
#325 = FACE_BOUND('',#326,.T.);
#326 = EDGE_LOOP('',(#327,#328,#329,#337,#345,#353));
#327 = ORIENTED_EDGE('',*,*,#306,.T.);
#328 = ORIENTED_EDGE('',*,*,#156,.T.);
#329 = ORIENTED_EDGE('',*,*,#330,.F.);
#330 = EDGE_CURVE('',#331,#157,#333,.T.);
#331 = VERTEX_POINT('',#332);
#332 = CARTESIAN_POINT('',(0.5,-0.3,0.47));
#333 = LINE('',#334,#335);
#334 = CARTESIAN_POINT('',(0.5,0.4,0.47));
#335 = VECTOR('',#336,1.);
#336 = DIRECTION('',(0.,-1.,0.));
#337 = ORIENTED_EDGE('',*,*,#338,.T.);
#338 = EDGE_CURVE('',#331,#339,#341,.T.);
#339 = VERTEX_POINT('',#340);
#340 = CARTESIAN_POINT('',(0.5,0.3,0.47));
#341 = LINE('',#342,#343);
#342 = CARTESIAN_POINT('',(0.5,-0.4,0.47));
#343 = VECTOR('',#344,1.);
#344 = DIRECTION('',(0.,1.,0.));
#345 = ORIENTED_EDGE('',*,*,#346,.F.);
#346 = EDGE_CURVE('',#347,#339,#349,.T.);
#347 = VERTEX_POINT('',#348);
#348 = CARTESIAN_POINT('',(0.5,0.4,0.47));
#349 = LINE('',#350,#351);
#350 = CARTESIAN_POINT('',(0.5,0.4,0.47));
#351 = VECTOR('',#352,1.);
#352 = DIRECTION('',(0.,-1.,0.));
#353 = ORIENTED_EDGE('',*,*,#354,.F.);
#354 = EDGE_CURVE('',#307,#347,#355,.T.);
#355 = LINE('',#356,#357);
#356 = CARTESIAN_POINT('',(0.45,0.4,1.1));
#357 = VECTOR('',#358,1.);
#358 = DIRECTION('',(7.911630099815E-02,0.,-0.996865392576));
#359 = PLANE('',#360);
#360 = AXIS2_PLACEMENT_3D('',#361,#362,#363);
#361 = CARTESIAN_POINT('',(0.45,0.4,1.1));
#362 = DIRECTION('',(0.996865392576,0.,7.911630099815E-02));
#363 = DIRECTION('',(7.911630099815E-02,0.,-0.996865392576));
#364 = ADVANCED_FACE('',(#365),#390,.T.);
#365 = FACE_BOUND('',#366,.T.);
#366 = EDGE_LOOP('',(#367,#375,#383,#389));
#367 = ORIENTED_EDGE('',*,*,#368,.F.);
#368 = EDGE_CURVE('',#369,#179,#371,.T.);
#369 = VERTEX_POINT('',#370);
#370 = CARTESIAN_POINT('',(-0.725,0.4,0.47));
#371 = LINE('',#372,#373);
#372 = CARTESIAN_POINT('',(-0.77,0.4,0.47));
#373 = VECTOR('',#374,1.);
#374 = DIRECTION('',(1.,0.,0.));
#375 = ORIENTED_EDGE('',*,*,#376,.F.);
#376 = EDGE_CURVE('',#377,#369,#379,.T.);
#377 = VERTEX_POINT('',#378);
#378 = CARTESIAN_POINT('',(-0.725,0.3,0.47));
#379 = LINE('',#380,#381);
#380 = CARTESIAN_POINT('',(-0.725,5.E-02,0.47));
#381 = VECTOR('',#382,1.);
#382 = DIRECTION('',(0.,1.,0.));
#383 = ORIENTED_EDGE('',*,*,#384,.F.);
#384 = EDGE_CURVE('',#181,#377,#385,.T.);
#385 = LINE('',#386,#387);
#386 = CARTESIAN_POINT('',(-0.7475,0.3,0.47));
#387 = VECTOR('',#388,1.);
#388 = DIRECTION('',(-1.,0.,0.));
#389 = ORIENTED_EDGE('',*,*,#178,.F.);
#390 = PLANE('',#391);
#391 = AXIS2_PLACEMENT_3D('',#392,#393,#394);
#392 = CARTESIAN_POINT('',(-0.77,-0.4,0.47));
#393 = DIRECTION('',(0.,0.,1.));
#394 = DIRECTION('',(1.,0.,-0.));
#395 = ADVANCED_FACE('',(#396),#407,.T.);
#396 = FACE_BOUND('',#397,.T.);
#397 = EDGE_LOOP('',(#398,#399,#400,#401));
#398 = ORIENTED_EDGE('',*,*,#211,.T.);
#399 = ORIENTED_EDGE('',*,*,#314,.T.);
#400 = ORIENTED_EDGE('',*,*,#354,.T.);
#401 = ORIENTED_EDGE('',*,*,#402,.T.);
#402 = EDGE_CURVE('',#347,#179,#403,.T.);
#403 = LINE('',#404,#405);
#404 = CARTESIAN_POINT('',(0.5,0.4,0.47));
#405 = VECTOR('',#406,1.);
#406 = DIRECTION('',(-1.,0.,0.));
#407 = PLANE('',#408);
#408 = AXIS2_PLACEMENT_3D('',#409,#410,#411);
#409 = CARTESIAN_POINT('',(-8.772411109409E-18,0.4,0.775044128294));
#410 = DIRECTION('',(0.,1.,0.));
#411 = DIRECTION('',(0.,-0.,1.));
#412 = ADVANCED_FACE('',(#413),#440,.T.);
#413 = FACE_BOUND('',#414,.T.);
#414 = EDGE_LOOP('',(#415,#424,#432,#439));
#415 = ORIENTED_EDGE('',*,*,#416,.F.);
#416 = EDGE_CURVE('',#417,#181,#419,.T.);
#417 = VERTEX_POINT('',#418);
#418 = CARTESIAN_POINT('',(-0.53,0.3,0.5));
#419 = CIRCLE('',#420,3.E-02);
#420 = AXIS2_PLACEMENT_3D('',#421,#422,#423);
#421 = CARTESIAN_POINT('',(-0.53,0.3,0.47));
#422 = DIRECTION('',(-0.,1.,0.));
#423 = DIRECTION('',(1.,0.,0.));
#424 = ORIENTED_EDGE('',*,*,#425,.F.);
#425 = EDGE_CURVE('',#426,#417,#428,.T.);
#426 = VERTEX_POINT('',#427);
#427 = CARTESIAN_POINT('',(-0.53,-0.3,0.5));
#428 = LINE('',#429,#430);
#429 = CARTESIAN_POINT('',(-0.53,-0.4,0.5));
#430 = VECTOR('',#431,1.);
#431 = DIRECTION('',(0.,1.,0.));
#432 = ORIENTED_EDGE('',*,*,#433,.T.);
#433 = EDGE_CURVE('',#426,#189,#434,.T.);
#434 = CIRCLE('',#435,3.E-02);
#435 = AXIS2_PLACEMENT_3D('',#436,#437,#438);
#436 = CARTESIAN_POINT('',(-0.53,-0.3,0.47));
#437 = DIRECTION('',(-0.,1.,0.));
#438 = DIRECTION('',(1.,0.,0.));
#439 = ORIENTED_EDGE('',*,*,#188,.T.);
#440 = CYLINDRICAL_SURFACE('',#441,3.E-02);
#441 = AXIS2_PLACEMENT_3D('',#442,#443,#444);
#442 = CARTESIAN_POINT('',(-0.53,-0.4,0.47));
#443 = DIRECTION('',(0.,1.,0.));
#444 = DIRECTION('',(1.,0.,0.));
#445 = ADVANCED_FACE('',(#446),#464,.T.);
#446 = FACE_BOUND('',#447,.T.);
#447 = EDGE_LOOP('',(#448,#456,#457,#458));
#448 = ORIENTED_EDGE('',*,*,#449,.F.);
#449 = EDGE_CURVE('',#244,#450,#452,.T.);
#450 = VERTEX_POINT('',#451);
#451 = CARTESIAN_POINT('',(-0.725,-0.3,0.47));
#452 = LINE('',#453,#454);
#453 = CARTESIAN_POINT('',(-0.725,-0.35,0.47));
#454 = VECTOR('',#455,1.);
#455 = DIRECTION('',(0.,1.,0.));
#456 = ORIENTED_EDGE('',*,*,#251,.T.);
#457 = ORIENTED_EDGE('',*,*,#196,.F.);
#458 = ORIENTED_EDGE('',*,*,#459,.F.);
#459 = EDGE_CURVE('',#450,#189,#460,.T.);
#460 = LINE('',#461,#462);
#461 = CARTESIAN_POINT('',(-2.25E-02,-0.3,0.47));
#462 = VECTOR('',#463,1.);
#463 = DIRECTION('',(1.,0.,0.));
#464 = PLANE('',#465);
#465 = AXIS2_PLACEMENT_3D('',#466,#467,#468);
#466 = CARTESIAN_POINT('',(-0.77,-0.4,0.47));
#467 = DIRECTION('',(0.,0.,1.));
#468 = DIRECTION('',(1.,0.,-0.));
#469 = ADVANCED_FACE('',(#470),#531,.F.);
#470 = FACE_BOUND('',#471,.F.);
#471 = EDGE_LOOP('',(#472,#482,#491,#499,#508,#516,#522,#523,#524,#525)
  );
#472 = ORIENTED_EDGE('',*,*,#473,.F.);
#473 = EDGE_CURVE('',#474,#476,#478,.T.);
#474 = VERTEX_POINT('',#475);
#475 = CARTESIAN_POINT('',(-0.77,-0.4,-3.469446951954E-18));
#476 = VERTEX_POINT('',#477);
#477 = CARTESIAN_POINT('',(-0.725,-0.4,0.));
#478 = LINE('',#479,#480);
#479 = CARTESIAN_POINT('',(-0.8,-0.4,0.));
#480 = VECTOR('',#481,1.);
#481 = DIRECTION('',(1.,0.,0.));
#482 = ORIENTED_EDGE('',*,*,#483,.F.);
#483 = EDGE_CURVE('',#484,#474,#486,.T.);
#484 = VERTEX_POINT('',#485);
#485 = CARTESIAN_POINT('',(-0.8,-0.4,3.E-02));
#486 = CIRCLE('',#487,3.E-02);
#487 = AXIS2_PLACEMENT_3D('',#488,#489,#490);
#488 = CARTESIAN_POINT('',(-0.77,-0.4,3.E-02));
#489 = DIRECTION('',(0.,-1.,0.));
#490 = DIRECTION('',(0.,0.,1.));
#491 = ORIENTED_EDGE('',*,*,#492,.T.);
#492 = EDGE_CURVE('',#484,#493,#495,.T.);
#493 = VERTEX_POINT('',#494);
#494 = CARTESIAN_POINT('',(-0.8,-0.4,0.47));
#495 = LINE('',#496,#497);
#496 = CARTESIAN_POINT('',(-0.8,-0.4,0.));
#497 = VECTOR('',#498,1.);
#498 = DIRECTION('',(0.,0.,1.));
#499 = ORIENTED_EDGE('',*,*,#500,.T.);
#500 = EDGE_CURVE('',#493,#501,#503,.T.);
#501 = VERTEX_POINT('',#502);
#502 = CARTESIAN_POINT('',(-0.77,-0.4,0.5));
#503 = CIRCLE('',#504,3.E-02);
#504 = AXIS2_PLACEMENT_3D('',#505,#506,#507);
#505 = CARTESIAN_POINT('',(-0.77,-0.4,0.47));
#506 = DIRECTION('',(0.,1.,0.));
#507 = DIRECTION('',(0.,-0.,1.));
#508 = ORIENTED_EDGE('',*,*,#509,.T.);
#509 = EDGE_CURVE('',#501,#510,#512,.T.);
#510 = VERTEX_POINT('',#511);
#511 = CARTESIAN_POINT('',(-0.725,-0.4,0.5));
#512 = LINE('',#513,#514);
#513 = CARTESIAN_POINT('',(-0.8,-0.4,0.5));
#514 = VECTOR('',#515,1.);
#515 = DIRECTION('',(1.,0.,0.));
#516 = ORIENTED_EDGE('',*,*,#517,.F.);
#517 = EDGE_CURVE('',#244,#510,#518,.T.);
#518 = LINE('',#519,#520);
#519 = CARTESIAN_POINT('',(-0.725,-0.4,0.375));
#520 = VECTOR('',#521,1.);
#521 = DIRECTION('',(0.,0.,1.));
#522 = ORIENTED_EDGE('',*,*,#243,.F.);
#523 = ORIENTED_EDGE('',*,*,#235,.F.);
#524 = ORIENTED_EDGE('',*,*,#225,.T.);
#525 = ORIENTED_EDGE('',*,*,#526,.F.);
#526 = EDGE_CURVE('',#476,#228,#527,.T.);
#527 = LINE('',#528,#529);
#528 = CARTESIAN_POINT('',(-0.725,-0.4,0.375));
#529 = VECTOR('',#530,1.);
#530 = DIRECTION('',(0.,0.,1.));
#531 = PLANE('',#532);
#532 = AXIS2_PLACEMENT_3D('',#533,#534,#535);
#533 = CARTESIAN_POINT('',(-0.8,-0.4,0.));
#534 = DIRECTION('',(0.,1.,0.));
#535 = DIRECTION('',(0.,-0.,1.));
#536 = ADVANCED_FACE('',(#537,#626),#652,.F.);
#537 = FACE_BOUND('',#538,.F.);
#538 = EDGE_LOOP('',(#539,#547,#548,#556,#564,#572,#580,#588,#596,#604,
    #612,#620));
#539 = ORIENTED_EDGE('',*,*,#540,.F.);
#540 = EDGE_CURVE('',#228,#541,#543,.T.);
#541 = VERTEX_POINT('',#542);
#542 = CARTESIAN_POINT('',(-0.725,-0.3,3.E-02));
#543 = LINE('',#544,#545);
#544 = CARTESIAN_POINT('',(-0.725,-0.35,3.E-02));
#545 = VECTOR('',#546,1.);
#546 = DIRECTION('',(0.,1.,0.));
#547 = ORIENTED_EDGE('',*,*,#290,.T.);
#548 = ORIENTED_EDGE('',*,*,#549,.F.);
#549 = EDGE_CURVE('',#550,#283,#552,.T.);
#550 = VERTEX_POINT('',#551);
#551 = CARTESIAN_POINT('',(0.725,-0.3,3.E-02));
#552 = LINE('',#553,#554);
#553 = CARTESIAN_POINT('',(0.725,-0.45,3.E-02));
#554 = VECTOR('',#555,1.);
#555 = DIRECTION('',(0.,-1.,0.));
#556 = ORIENTED_EDGE('',*,*,#557,.F.);
#557 = EDGE_CURVE('',#558,#550,#560,.T.);
#558 = VERTEX_POINT('',#559);
#559 = CARTESIAN_POINT('',(0.5,-0.3,3.E-02));
#560 = LINE('',#561,#562);
#561 = CARTESIAN_POINT('',(-2.25E-02,-0.3,3.E-02));
#562 = VECTOR('',#563,1.);
#563 = DIRECTION('',(1.,0.,0.));
#564 = ORIENTED_EDGE('',*,*,#565,.T.);
#565 = EDGE_CURVE('',#558,#566,#568,.T.);
#566 = VERTEX_POINT('',#567);
#567 = CARTESIAN_POINT('',(0.5,0.3,3.E-02));
#568 = LINE('',#569,#570);
#569 = CARTESIAN_POINT('',(0.5,-0.4,3.E-02));
#570 = VECTOR('',#571,1.);
#571 = DIRECTION('',(0.,1.,0.));
#572 = ORIENTED_EDGE('',*,*,#573,.F.);
#573 = EDGE_CURVE('',#574,#566,#576,.T.);
#574 = VERTEX_POINT('',#575);
#575 = CARTESIAN_POINT('',(0.725,0.3,3.E-02));
#576 = LINE('',#577,#578);
#577 = CARTESIAN_POINT('',(-0.7475,0.3,3.E-02));
#578 = VECTOR('',#579,1.);
#579 = DIRECTION('',(-1.,0.,0.));
#580 = ORIENTED_EDGE('',*,*,#581,.F.);
#581 = EDGE_CURVE('',#582,#574,#584,.T.);
#582 = VERTEX_POINT('',#583);
#583 = CARTESIAN_POINT('',(0.725,0.4,3.E-02));
#584 = LINE('',#585,#586);
#585 = CARTESIAN_POINT('',(0.725,-5.E-02,3.E-02));
#586 = VECTOR('',#587,1.);
#587 = DIRECTION('',(0.,-1.,0.));
#588 = ORIENTED_EDGE('',*,*,#589,.F.);
#589 = EDGE_CURVE('',#590,#582,#592,.T.);
#590 = VERTEX_POINT('',#591);
#591 = CARTESIAN_POINT('',(-0.725,0.4,3.E-02));
#592 = LINE('',#593,#594);
#593 = CARTESIAN_POINT('',(-0.77,0.4,3.E-02));
#594 = VECTOR('',#595,1.);
#595 = DIRECTION('',(1.,0.,0.));
#596 = ORIENTED_EDGE('',*,*,#597,.F.);
#597 = EDGE_CURVE('',#598,#590,#600,.T.);
#598 = VERTEX_POINT('',#599);
#599 = CARTESIAN_POINT('',(-0.725,0.3,3.E-02));
#600 = LINE('',#601,#602);
#601 = CARTESIAN_POINT('',(-0.725,5.E-02,3.E-02));
#602 = VECTOR('',#603,1.);
#603 = DIRECTION('',(0.,1.,0.));
#604 = ORIENTED_EDGE('',*,*,#605,.F.);
#605 = EDGE_CURVE('',#606,#598,#608,.T.);
#606 = VERTEX_POINT('',#607);
#607 = CARTESIAN_POINT('',(-0.5,0.3,3.E-02));
#608 = LINE('',#609,#610);
#609 = CARTESIAN_POINT('',(-0.7475,0.3,3.E-02));
#610 = VECTOR('',#611,1.);
#611 = DIRECTION('',(-1.,0.,0.));
#612 = ORIENTED_EDGE('',*,*,#613,.F.);
#613 = EDGE_CURVE('',#614,#606,#616,.T.);
#614 = VERTEX_POINT('',#615);
#615 = CARTESIAN_POINT('',(-0.5,-0.3,3.E-02));
#616 = LINE('',#617,#618);
#617 = CARTESIAN_POINT('',(-0.5,-0.4,3.E-02));
#618 = VECTOR('',#619,1.);
#619 = DIRECTION('',(0.,1.,0.));
#620 = ORIENTED_EDGE('',*,*,#621,.F.);
#621 = EDGE_CURVE('',#541,#614,#622,.T.);
#622 = LINE('',#623,#624);
#623 = CARTESIAN_POINT('',(-2.25E-02,-0.3,3.E-02));
#624 = VECTOR('',#625,1.);
#625 = DIRECTION('',(1.,0.,0.));
#626 = FACE_BOUND('',#627,.F.);
#627 = EDGE_LOOP('',(#628,#638,#646));
#628 = ORIENTED_EDGE('',*,*,#629,.T.);
#629 = EDGE_CURVE('',#630,#632,#634,.T.);
#630 = VERTEX_POINT('',#631);
#631 = CARTESIAN_POINT('',(0.277128129211,0.32,3.E-02));
#632 = VERTEX_POINT('',#633);
#633 = CARTESIAN_POINT('',(0.277128129211,-0.32,3.E-02));
#634 = LINE('',#635,#636);
#635 = CARTESIAN_POINT('',(0.277128129211,0.32,3.E-02));
#636 = VECTOR('',#637,1.);
#637 = DIRECTION('',(0.,-1.,0.));
#638 = ORIENTED_EDGE('',*,*,#639,.T.);
#639 = EDGE_CURVE('',#632,#640,#642,.T.);
#640 = VERTEX_POINT('',#641);
#641 = CARTESIAN_POINT('',(-0.277128129211,0.,3.E-02));
#642 = LINE('',#643,#644);
#643 = CARTESIAN_POINT('',(0.277128129211,-0.32,3.E-02));
#644 = VECTOR('',#645,1.);
#645 = DIRECTION('',(-0.866025403784,0.5,0.));
#646 = ORIENTED_EDGE('',*,*,#647,.T.);
#647 = EDGE_CURVE('',#640,#630,#648,.T.);
#648 = LINE('',#649,#650);
#649 = CARTESIAN_POINT('',(-0.277128129211,0.,3.E-02));
#650 = VECTOR('',#651,1.);
#651 = DIRECTION('',(0.866025403784,0.5,0.));
#652 = PLANE('',#653);
#653 = AXIS2_PLACEMENT_3D('',#654,#655,#656);
#654 = CARTESIAN_POINT('',(-0.77,-0.4,3.E-02));
#655 = DIRECTION('',(0.,0.,1.));
#656 = DIRECTION('',(1.,0.,-0.));
#657 = ADVANCED_FACE('',(#658),#719,.F.);
#658 = FACE_BOUND('',#659,.F.);
#659 = EDGE_LOOP('',(#660,#670,#676,#677,#678,#679,#687,#695,#704,#712)
  );
#660 = ORIENTED_EDGE('',*,*,#661,.F.);
#661 = EDGE_CURVE('',#662,#664,#666,.T.);
#662 = VERTEX_POINT('',#663);
#663 = CARTESIAN_POINT('',(0.725,-0.4,0.));
#664 = VERTEX_POINT('',#665);
#665 = CARTESIAN_POINT('',(0.77,-0.4,-3.469446951954E-18));
#666 = LINE('',#667,#668);
#667 = CARTESIAN_POINT('',(0.5,-0.4,0.));
#668 = VECTOR('',#669,1.);
#669 = DIRECTION('',(1.,0.,0.));
#670 = ORIENTED_EDGE('',*,*,#671,.F.);
#671 = EDGE_CURVE('',#283,#662,#672,.T.);
#672 = LINE('',#673,#674);
#673 = CARTESIAN_POINT('',(0.725,-0.4,0.375));
#674 = VECTOR('',#675,1.);
#675 = DIRECTION('',(0.,0.,-1.));
#676 = ORIENTED_EDGE('',*,*,#282,.T.);
#677 = ORIENTED_EDGE('',*,*,#274,.T.);
#678 = ORIENTED_EDGE('',*,*,#266,.F.);
#679 = ORIENTED_EDGE('',*,*,#680,.F.);
#680 = EDGE_CURVE('',#681,#259,#683,.T.);
#681 = VERTEX_POINT('',#682);
#682 = CARTESIAN_POINT('',(0.725,-0.4,0.5));
#683 = LINE('',#684,#685);
#684 = CARTESIAN_POINT('',(0.725,-0.4,0.375));
#685 = VECTOR('',#686,1.);
#686 = DIRECTION('',(0.,0.,-1.));
#687 = ORIENTED_EDGE('',*,*,#688,.T.);
#688 = EDGE_CURVE('',#681,#689,#691,.T.);
#689 = VERTEX_POINT('',#690);
#690 = CARTESIAN_POINT('',(0.77,-0.4,0.5));
#691 = LINE('',#692,#693);
#692 = CARTESIAN_POINT('',(0.5,-0.4,0.5));
#693 = VECTOR('',#694,1.);
#694 = DIRECTION('',(1.,0.,0.));
#695 = ORIENTED_EDGE('',*,*,#696,.F.);
#696 = EDGE_CURVE('',#697,#689,#699,.T.);
#697 = VERTEX_POINT('',#698);
#698 = CARTESIAN_POINT('',(0.8,-0.4,0.47));
#699 = CIRCLE('',#700,3.E-02);
#700 = AXIS2_PLACEMENT_3D('',#701,#702,#703);
#701 = CARTESIAN_POINT('',(0.77,-0.4,0.47));
#702 = DIRECTION('',(0.,-1.,0.));
#703 = DIRECTION('',(0.,0.,1.));
#704 = ORIENTED_EDGE('',*,*,#705,.F.);
#705 = EDGE_CURVE('',#706,#697,#708,.T.);
#706 = VERTEX_POINT('',#707);
#707 = CARTESIAN_POINT('',(0.8,-0.4,3.E-02));
#708 = LINE('',#709,#710);
#709 = CARTESIAN_POINT('',(0.8,-0.4,0.));
#710 = VECTOR('',#711,1.);
#711 = DIRECTION('',(0.,0.,1.));
#712 = ORIENTED_EDGE('',*,*,#713,.T.);
#713 = EDGE_CURVE('',#706,#664,#714,.T.);
#714 = CIRCLE('',#715,3.E-02);
#715 = AXIS2_PLACEMENT_3D('',#716,#717,#718);
#716 = CARTESIAN_POINT('',(0.77,-0.4,3.E-02));
#717 = DIRECTION('',(0.,1.,0.));
#718 = DIRECTION('',(0.,-0.,1.));
#719 = PLANE('',#720);
#720 = AXIS2_PLACEMENT_3D('',#721,#722,#723);
#721 = CARTESIAN_POINT('',(0.5,-0.4,0.));
#722 = DIRECTION('',(0.,1.,0.));
#723 = DIRECTION('',(0.,-0.,1.));
#724 = ADVANCED_FACE('',(#725),#743,.T.);
#725 = FACE_BOUND('',#726,.T.);
#726 = EDGE_LOOP('',(#727,#735,#736,#737));
#727 = ORIENTED_EDGE('',*,*,#728,.F.);
#728 = EDGE_CURVE('',#331,#729,#731,.T.);
#729 = VERTEX_POINT('',#730);
#730 = CARTESIAN_POINT('',(0.725,-0.3,0.47));
#731 = LINE('',#732,#733);
#732 = CARTESIAN_POINT('',(-2.25E-02,-0.3,0.47));
#733 = VECTOR('',#734,1.);
#734 = DIRECTION('',(1.,0.,0.));
#735 = ORIENTED_EDGE('',*,*,#330,.T.);
#736 = ORIENTED_EDGE('',*,*,#258,.T.);
#737 = ORIENTED_EDGE('',*,*,#738,.F.);
#738 = EDGE_CURVE('',#729,#259,#739,.T.);
#739 = LINE('',#740,#741);
#740 = CARTESIAN_POINT('',(0.725,-0.45,0.47));
#741 = VECTOR('',#742,1.);
#742 = DIRECTION('',(0.,-1.,0.));
#743 = PLANE('',#744);
#744 = AXIS2_PLACEMENT_3D('',#745,#746,#747);
#745 = CARTESIAN_POINT('',(-0.77,-0.4,0.47));
#746 = DIRECTION('',(0.,0.,1.));
#747 = DIRECTION('',(1.,0.,-0.));
#748 = ADVANCED_FACE('',(#749),#774,.T.);
#749 = FACE_BOUND('',#750,.T.);
#750 = EDGE_LOOP('',(#751,#759,#760,#768));
#751 = ORIENTED_EDGE('',*,*,#752,.F.);
#752 = EDGE_CURVE('',#347,#753,#755,.T.);
#753 = VERTEX_POINT('',#754);
#754 = CARTESIAN_POINT('',(0.725,0.4,0.47));
#755 = LINE('',#756,#757);
#756 = CARTESIAN_POINT('',(-0.77,0.4,0.47));
#757 = VECTOR('',#758,1.);
#758 = DIRECTION('',(1.,0.,0.));
#759 = ORIENTED_EDGE('',*,*,#346,.T.);
#760 = ORIENTED_EDGE('',*,*,#761,.F.);
#761 = EDGE_CURVE('',#762,#339,#764,.T.);
#762 = VERTEX_POINT('',#763);
#763 = CARTESIAN_POINT('',(0.725,0.3,0.47));
#764 = LINE('',#765,#766);
#765 = CARTESIAN_POINT('',(-0.7475,0.3,0.47));
#766 = VECTOR('',#767,1.);
#767 = DIRECTION('',(-1.,0.,0.));
#768 = ORIENTED_EDGE('',*,*,#769,.F.);
#769 = EDGE_CURVE('',#753,#762,#770,.T.);
#770 = LINE('',#771,#772);
#771 = CARTESIAN_POINT('',(0.725,-5.E-02,0.47));
#772 = VECTOR('',#773,1.);
#773 = DIRECTION('',(0.,-1.,0.));
#774 = PLANE('',#775);
#775 = AXIS2_PLACEMENT_3D('',#776,#777,#778);
#776 = CARTESIAN_POINT('',(-0.77,-0.4,0.47));
#777 = DIRECTION('',(0.,0.,1.));
#778 = DIRECTION('',(1.,0.,-0.));
#779 = ADVANCED_FACE('',(#780),#807,.T.);
#780 = FACE_BOUND('',#781,.T.);
#781 = EDGE_LOOP('',(#782,#783,#792,#800));
#782 = ORIENTED_EDGE('',*,*,#338,.F.);
#783 = ORIENTED_EDGE('',*,*,#784,.T.);
#784 = EDGE_CURVE('',#331,#785,#787,.T.);
#785 = VERTEX_POINT('',#786);
#786 = CARTESIAN_POINT('',(0.53,-0.3,0.5));
#787 = CIRCLE('',#788,3.E-02);
#788 = AXIS2_PLACEMENT_3D('',#789,#790,#791);
#789 = CARTESIAN_POINT('',(0.53,-0.3,0.47));
#790 = DIRECTION('',(0.,1.,-0.));
#791 = DIRECTION('',(-1.,0.,0.));
#792 = ORIENTED_EDGE('',*,*,#793,.T.);
#793 = EDGE_CURVE('',#785,#794,#796,.T.);
#794 = VERTEX_POINT('',#795);
#795 = CARTESIAN_POINT('',(0.53,0.3,0.5));
#796 = LINE('',#797,#798);
#797 = CARTESIAN_POINT('',(0.53,-0.4,0.5));
#798 = VECTOR('',#799,1.);
#799 = DIRECTION('',(0.,1.,0.));
#800 = ORIENTED_EDGE('',*,*,#801,.F.);
#801 = EDGE_CURVE('',#339,#794,#802,.T.);
#802 = CIRCLE('',#803,3.E-02);
#803 = AXIS2_PLACEMENT_3D('',#804,#805,#806);
#804 = CARTESIAN_POINT('',(0.53,0.3,0.47));
#805 = DIRECTION('',(0.,1.,-0.));
#806 = DIRECTION('',(-1.,0.,0.));
#807 = CYLINDRICAL_SURFACE('',#808,3.E-02);
#808 = AXIS2_PLACEMENT_3D('',#809,#810,#811);
#809 = CARTESIAN_POINT('',(0.53,-0.4,0.47));
#810 = DIRECTION('',(0.,1.,0.));
#811 = DIRECTION('',(-1.,0.,0.));
#812 = ADVANCED_FACE('',(#813),#863,.T.);
#813 = FACE_BOUND('',#814,.T.);
#814 = EDGE_LOOP('',(#815,#823,#831,#837,#838,#839,#840,#848,#856,#862)
  );
#815 = ORIENTED_EDGE('',*,*,#816,.F.);
#816 = EDGE_CURVE('',#817,#590,#819,.T.);
#817 = VERTEX_POINT('',#818);
#818 = CARTESIAN_POINT('',(-0.77,0.4,3.E-02));
#819 = LINE('',#820,#821);
#820 = CARTESIAN_POINT('',(-0.77,0.4,3.E-02));
#821 = VECTOR('',#822,1.);
#822 = DIRECTION('',(1.,0.,0.));
#823 = ORIENTED_EDGE('',*,*,#824,.T.);
#824 = EDGE_CURVE('',#817,#825,#827,.T.);
#825 = VERTEX_POINT('',#826);
#826 = CARTESIAN_POINT('',(-0.77,0.4,0.47));
#827 = LINE('',#828,#829);
#828 = CARTESIAN_POINT('',(-0.77,0.4,3.E-02));
#829 = VECTOR('',#830,1.);
#830 = DIRECTION('',(0.,0.,1.));
#831 = ORIENTED_EDGE('',*,*,#832,.T.);
#832 = EDGE_CURVE('',#825,#369,#833,.T.);
#833 = LINE('',#834,#835);
#834 = CARTESIAN_POINT('',(-0.77,0.4,0.47));
#835 = VECTOR('',#836,1.);
#836 = DIRECTION('',(1.,0.,0.));
#837 = ORIENTED_EDGE('',*,*,#368,.T.);
#838 = ORIENTED_EDGE('',*,*,#402,.F.);
#839 = ORIENTED_EDGE('',*,*,#752,.T.);
#840 = ORIENTED_EDGE('',*,*,#841,.T.);
#841 = EDGE_CURVE('',#753,#842,#844,.T.);
#842 = VERTEX_POINT('',#843);
#843 = CARTESIAN_POINT('',(0.77,0.4,0.47));
#844 = LINE('',#845,#846);
#845 = CARTESIAN_POINT('',(-0.77,0.4,0.47));
#846 = VECTOR('',#847,1.);
#847 = DIRECTION('',(1.,0.,0.));
#848 = ORIENTED_EDGE('',*,*,#849,.F.);
#849 = EDGE_CURVE('',#850,#842,#852,.T.);
#850 = VERTEX_POINT('',#851);
#851 = CARTESIAN_POINT('',(0.77,0.4,3.E-02));
#852 = LINE('',#853,#854);
#853 = CARTESIAN_POINT('',(0.77,0.4,3.E-02));
#854 = VECTOR('',#855,1.);
#855 = DIRECTION('',(0.,0.,1.));
#856 = ORIENTED_EDGE('',*,*,#857,.F.);
#857 = EDGE_CURVE('',#582,#850,#858,.T.);
#858 = LINE('',#859,#860);
#859 = CARTESIAN_POINT('',(-0.77,0.4,3.E-02));
#860 = VECTOR('',#861,1.);
#861 = DIRECTION('',(1.,0.,0.));
#862 = ORIENTED_EDGE('',*,*,#589,.F.);
#863 = PLANE('',#864);
#864 = AXIS2_PLACEMENT_3D('',#865,#866,#867);
#865 = CARTESIAN_POINT('',(-0.77,0.4,3.E-02));
#866 = DIRECTION('',(0.,1.,0.));
#867 = DIRECTION('',(0.,-0.,1.));
#868 = ADVANCED_FACE('',(#869),#887,.F.);
#869 = FACE_BOUND('',#870,.F.);
#870 = EDGE_LOOP('',(#871,#879,#885,#886));
#871 = ORIENTED_EDGE('',*,*,#872,.F.);
#872 = EDGE_CURVE('',#873,#417,#875,.T.);
#873 = VERTEX_POINT('',#874);
#874 = CARTESIAN_POINT('',(-0.725,0.3,0.5));
#875 = LINE('',#876,#877);
#876 = CARTESIAN_POINT('',(-0.7625,0.3,0.5));
#877 = VECTOR('',#878,1.);
#878 = DIRECTION('',(1.,0.,0.));
#879 = ORIENTED_EDGE('',*,*,#880,.T.);
#880 = EDGE_CURVE('',#873,#377,#881,.T.);
#881 = LINE('',#882,#883);
#882 = CARTESIAN_POINT('',(-0.725,0.3,0.75));
#883 = VECTOR('',#884,1.);
#884 = DIRECTION('',(-0.,-0.,-1.));
#885 = ORIENTED_EDGE('',*,*,#384,.F.);
#886 = ORIENTED_EDGE('',*,*,#416,.F.);
#887 = PLANE('',#888);
#888 = AXIS2_PLACEMENT_3D('',#889,#890,#891);
#889 = CARTESIAN_POINT('',(-0.725,0.3,0.75));
#890 = DIRECTION('',(0.,-1.,0.));
#891 = DIRECTION('',(1.,0.,0.));
#892 = ADVANCED_FACE('',(#893),#911,.F.);
#893 = FACE_BOUND('',#894,.F.);
#894 = EDGE_LOOP('',(#895,#896,#904,#910));
#895 = ORIENTED_EDGE('',*,*,#880,.F.);
#896 = ORIENTED_EDGE('',*,*,#897,.F.);
#897 = EDGE_CURVE('',#898,#873,#900,.T.);
#898 = VERTEX_POINT('',#899);
#899 = CARTESIAN_POINT('',(-0.725,0.4,0.5));
#900 = LINE('',#901,#902);
#901 = CARTESIAN_POINT('',(-0.725,5.E-02,0.5));
#902 = VECTOR('',#903,1.);
#903 = DIRECTION('',(0.,-1.,0.));
#904 = ORIENTED_EDGE('',*,*,#905,.F.);
#905 = EDGE_CURVE('',#369,#898,#906,.T.);
#906 = LINE('',#907,#908);
#907 = CARTESIAN_POINT('',(-0.725,0.4,0.375));
#908 = VECTOR('',#909,1.);
#909 = DIRECTION('',(0.,0.,1.));
#910 = ORIENTED_EDGE('',*,*,#376,.F.);
#911 = PLANE('',#912);
#912 = AXIS2_PLACEMENT_3D('',#913,#914,#915);
#913 = CARTESIAN_POINT('',(-0.725,0.5,0.75));
#914 = DIRECTION('',(-1.,0.,0.));
#915 = DIRECTION('',(0.,-1.,0.));
#916 = ADVANCED_FACE('',(#917),#935,.F.);
#917 = FACE_BOUND('',#918,.F.);
#918 = EDGE_LOOP('',(#919,#927,#933,#934));
#919 = ORIENTED_EDGE('',*,*,#920,.F.);
#920 = EDGE_CURVE('',#921,#450,#923,.T.);
#921 = VERTEX_POINT('',#922);
#922 = CARTESIAN_POINT('',(-0.725,-0.3,0.5));
#923 = LINE('',#924,#925);
#924 = CARTESIAN_POINT('',(-0.725,-0.3,0.75));
#925 = VECTOR('',#926,1.);
#926 = DIRECTION('',(-0.,-0.,-1.));
#927 = ORIENTED_EDGE('',*,*,#928,.F.);
#928 = EDGE_CURVE('',#426,#921,#929,.T.);
#929 = LINE('',#930,#931);
#930 = CARTESIAN_POINT('',(-3.75E-02,-0.3,0.5));
#931 = VECTOR('',#932,1.);
#932 = DIRECTION('',(-1.,0.,0.));
#933 = ORIENTED_EDGE('',*,*,#433,.T.);
#934 = ORIENTED_EDGE('',*,*,#459,.F.);
#935 = PLANE('',#936);
#936 = AXIS2_PLACEMENT_3D('',#937,#938,#939);
#937 = CARTESIAN_POINT('',(0.725,-0.3,0.75));
#938 = DIRECTION('',(0.,1.,0.));
#939 = DIRECTION('',(-1.,0.,0.));
#940 = ADVANCED_FACE('',(#941),#968,.T.);
#941 = FACE_BOUND('',#942,.T.);
#942 = EDGE_LOOP('',(#943,#951,#957,#958,#964,#965,#966,#967));
#943 = ORIENTED_EDGE('',*,*,#944,.F.);
#944 = EDGE_CURVE('',#945,#898,#947,.T.);
#945 = VERTEX_POINT('',#946);
#946 = CARTESIAN_POINT('',(-0.77,0.4,0.5));
#947 = LINE('',#948,#949);
#948 = CARTESIAN_POINT('',(-0.8,0.4,0.5));
#949 = VECTOR('',#950,1.);
#950 = DIRECTION('',(1.,0.,0.));
#951 = ORIENTED_EDGE('',*,*,#952,.F.);
#952 = EDGE_CURVE('',#501,#945,#953,.T.);
#953 = LINE('',#954,#955);
#954 = CARTESIAN_POINT('',(-0.77,-0.4,0.5));
#955 = VECTOR('',#956,1.);
#956 = DIRECTION('',(0.,1.,0.));
#957 = ORIENTED_EDGE('',*,*,#509,.T.);
#958 = ORIENTED_EDGE('',*,*,#959,.F.);
#959 = EDGE_CURVE('',#921,#510,#960,.T.);
#960 = LINE('',#961,#962);
#961 = CARTESIAN_POINT('',(-0.725,-0.35,0.5));
#962 = VECTOR('',#963,1.);
#963 = DIRECTION('',(0.,-1.,0.));
#964 = ORIENTED_EDGE('',*,*,#928,.F.);
#965 = ORIENTED_EDGE('',*,*,#425,.T.);
#966 = ORIENTED_EDGE('',*,*,#872,.F.);
#967 = ORIENTED_EDGE('',*,*,#897,.F.);
#968 = PLANE('',#969);
#969 = AXIS2_PLACEMENT_3D('',#970,#971,#972);
#970 = CARTESIAN_POINT('',(-0.8,-0.4,0.5));
#971 = DIRECTION('',(0.,0.,1.));
#972 = DIRECTION('',(1.,0.,-0.));
#973 = ADVANCED_FACE('',(#974),#980,.F.);
#974 = FACE_BOUND('',#975,.F.);
#975 = EDGE_LOOP('',(#976,#977,#978,#979));
#976 = ORIENTED_EDGE('',*,*,#959,.F.);
#977 = ORIENTED_EDGE('',*,*,#920,.T.);
#978 = ORIENTED_EDGE('',*,*,#449,.F.);
#979 = ORIENTED_EDGE('',*,*,#517,.T.);
#980 = PLANE('',#981);
#981 = AXIS2_PLACEMENT_3D('',#982,#983,#984);
#982 = CARTESIAN_POINT('',(-0.725,-0.3,0.75));
#983 = DIRECTION('',(-1.,0.,0.));
#984 = DIRECTION('',(0.,-1.,0.));
#985 = ADVANCED_FACE('',(#986),#1043,.F.);
#986 = FACE_BOUND('',#987,.F.);
#987 = EDGE_LOOP('',(#988,#998,#1004,#1005,#1013,#1021,#1029,#1037));
#988 = ORIENTED_EDGE('',*,*,#989,.F.);
#989 = EDGE_CURVE('',#990,#992,#994,.T.);
#990 = VERTEX_POINT('',#991);
#991 = CARTESIAN_POINT('',(-0.77,0.4,-3.469446951954E-18));
#992 = VERTEX_POINT('',#993);
#993 = CARTESIAN_POINT('',(-0.725,0.4,0.));
#994 = LINE('',#995,#996);
#995 = CARTESIAN_POINT('',(-0.8,0.4,0.));
#996 = VECTOR('',#997,1.);
#997 = DIRECTION('',(1.,0.,0.));
#998 = ORIENTED_EDGE('',*,*,#999,.F.);
#999 = EDGE_CURVE('',#474,#990,#1000,.T.);
#1000 = LINE('',#1001,#1002);
#1001 = CARTESIAN_POINT('',(-0.77,-0.4,-3.469446951954E-18));
#1002 = VECTOR('',#1003,1.);
#1003 = DIRECTION('',(0.,1.,0.));
#1004 = ORIENTED_EDGE('',*,*,#473,.T.);
#1005 = ORIENTED_EDGE('',*,*,#1006,.F.);
#1006 = EDGE_CURVE('',#1007,#476,#1009,.T.);
#1007 = VERTEX_POINT('',#1008);
#1008 = CARTESIAN_POINT('',(-0.725,-0.3,0.));
#1009 = LINE('',#1010,#1011);
#1010 = CARTESIAN_POINT('',(-0.725,-0.35,0.));
#1011 = VECTOR('',#1012,1.);
#1012 = DIRECTION('',(0.,-1.,0.));
#1013 = ORIENTED_EDGE('',*,*,#1014,.F.);
#1014 = EDGE_CURVE('',#1015,#1007,#1017,.T.);
#1015 = VERTEX_POINT('',#1016);
#1016 = CARTESIAN_POINT('',(-0.53,-0.3,-3.469446951954E-18));
#1017 = LINE('',#1018,#1019);
#1018 = CARTESIAN_POINT('',(-3.75E-02,-0.3,0.));
#1019 = VECTOR('',#1020,1.);
#1020 = DIRECTION('',(-1.,0.,0.));
#1021 = ORIENTED_EDGE('',*,*,#1022,.T.);
#1022 = EDGE_CURVE('',#1015,#1023,#1025,.T.);
#1023 = VERTEX_POINT('',#1024);
#1024 = CARTESIAN_POINT('',(-0.53,0.3,-3.469446951954E-18));
#1025 = LINE('',#1026,#1027);
#1026 = CARTESIAN_POINT('',(-0.53,-0.4,-3.469446951954E-18));
#1027 = VECTOR('',#1028,1.);
#1028 = DIRECTION('',(0.,1.,0.));
#1029 = ORIENTED_EDGE('',*,*,#1030,.F.);
#1030 = EDGE_CURVE('',#1031,#1023,#1033,.T.);
#1031 = VERTEX_POINT('',#1032);
#1032 = CARTESIAN_POINT('',(-0.725,0.3,0.));
#1033 = LINE('',#1034,#1035);
#1034 = CARTESIAN_POINT('',(-0.7625,0.3,0.));
#1035 = VECTOR('',#1036,1.);
#1036 = DIRECTION('',(1.,0.,0.));
#1037 = ORIENTED_EDGE('',*,*,#1038,.F.);
#1038 = EDGE_CURVE('',#992,#1031,#1039,.T.);
#1039 = LINE('',#1040,#1041);
#1040 = CARTESIAN_POINT('',(-0.725,5.E-02,0.));
#1041 = VECTOR('',#1042,1.);
#1042 = DIRECTION('',(0.,-1.,0.));
#1043 = PLANE('',#1044);
#1044 = AXIS2_PLACEMENT_3D('',#1045,#1046,#1047);
#1045 = CARTESIAN_POINT('',(-0.8,-0.4,0.));
#1046 = DIRECTION('',(0.,0.,1.));
#1047 = DIRECTION('',(1.,0.,-0.));
#1048 = ADVANCED_FACE('',(#1049),#1068,.T.);
#1049 = FACE_BOUND('',#1050,.T.);
#1050 = EDGE_LOOP('',(#1051,#1059,#1066,#1067));
#1051 = ORIENTED_EDGE('',*,*,#1052,.T.);
#1052 = EDGE_CURVE('',#484,#1053,#1055,.T.);
#1053 = VERTEX_POINT('',#1054);
#1054 = CARTESIAN_POINT('',(-0.8,0.4,3.E-02));
#1055 = LINE('',#1056,#1057);
#1056 = CARTESIAN_POINT('',(-0.8,-0.4,3.E-02));
#1057 = VECTOR('',#1058,1.);
#1058 = DIRECTION('',(0.,1.,0.));
#1059 = ORIENTED_EDGE('',*,*,#1060,.T.);
#1060 = EDGE_CURVE('',#1053,#990,#1061,.T.);
#1061 = CIRCLE('',#1062,3.E-02);
#1062 = AXIS2_PLACEMENT_3D('',#1063,#1064,#1065);
#1063 = CARTESIAN_POINT('',(-0.77,0.4,3.E-02));
#1064 = DIRECTION('',(0.,-1.,0.));
#1065 = DIRECTION('',(0.,0.,1.));
#1066 = ORIENTED_EDGE('',*,*,#999,.F.);
#1067 = ORIENTED_EDGE('',*,*,#483,.F.);
#1068 = CYLINDRICAL_SURFACE('',#1069,3.E-02);
#1069 = AXIS2_PLACEMENT_3D('',#1070,#1071,#1072);
#1070 = CARTESIAN_POINT('',(-0.77,-0.4,3.E-02));
#1071 = DIRECTION('',(0.,1.,0.));
#1072 = DIRECTION('',(-1.,0.,0.));
#1073 = ADVANCED_FACE('',(#1074),#1085,.F.);
#1074 = FACE_BOUND('',#1075,.F.);
#1075 = EDGE_LOOP('',(#1076,#1077,#1083,#1084));
#1076 = ORIENTED_EDGE('',*,*,#540,.T.);
#1077 = ORIENTED_EDGE('',*,*,#1078,.T.);
#1078 = EDGE_CURVE('',#541,#1007,#1079,.T.);
#1079 = LINE('',#1080,#1081);
#1080 = CARTESIAN_POINT('',(-0.725,-0.3,0.75));
#1081 = VECTOR('',#1082,1.);
#1082 = DIRECTION('',(-0.,-0.,-1.));
#1083 = ORIENTED_EDGE('',*,*,#1006,.T.);
#1084 = ORIENTED_EDGE('',*,*,#526,.T.);
#1085 = PLANE('',#1086);
#1086 = AXIS2_PLACEMENT_3D('',#1087,#1088,#1089);
#1087 = CARTESIAN_POINT('',(-0.725,-0.3,0.75));
#1088 = DIRECTION('',(-1.,0.,0.));
#1089 = DIRECTION('',(0.,-1.,0.));
#1090 = ADVANCED_FACE('',(#1091),#1109,.F.);
#1091 = FACE_BOUND('',#1092,.F.);
#1092 = EDGE_LOOP('',(#1093,#1094,#1095,#1103));
#1093 = ORIENTED_EDGE('',*,*,#492,.F.);
#1094 = ORIENTED_EDGE('',*,*,#1052,.T.);
#1095 = ORIENTED_EDGE('',*,*,#1096,.T.);
#1096 = EDGE_CURVE('',#1053,#1097,#1099,.T.);
#1097 = VERTEX_POINT('',#1098);
#1098 = CARTESIAN_POINT('',(-0.8,0.4,0.47));
#1099 = LINE('',#1100,#1101);
#1100 = CARTESIAN_POINT('',(-0.8,0.4,0.));
#1101 = VECTOR('',#1102,1.);
#1102 = DIRECTION('',(0.,0.,1.));
#1103 = ORIENTED_EDGE('',*,*,#1104,.F.);
#1104 = EDGE_CURVE('',#493,#1097,#1105,.T.);
#1105 = LINE('',#1106,#1107);
#1106 = CARTESIAN_POINT('',(-0.8,-0.4,0.47));
#1107 = VECTOR('',#1108,1.);
#1108 = DIRECTION('',(0.,1.,0.));
#1109 = PLANE('',#1110);
#1110 = AXIS2_PLACEMENT_3D('',#1111,#1112,#1113);
#1111 = CARTESIAN_POINT('',(-0.8,-0.4,0.));
#1112 = DIRECTION('',(1.,0.,0.));
#1113 = DIRECTION('',(0.,0.,1.));
#1114 = ADVANCED_FACE('',(#1115),#1127,.T.);
#1115 = FACE_BOUND('',#1116,.T.);
#1116 = EDGE_LOOP('',(#1117,#1118,#1119,#1126));
#1117 = ORIENTED_EDGE('',*,*,#500,.T.);
#1118 = ORIENTED_EDGE('',*,*,#952,.T.);
#1119 = ORIENTED_EDGE('',*,*,#1120,.F.);
#1120 = EDGE_CURVE('',#1097,#945,#1121,.T.);
#1121 = CIRCLE('',#1122,3.E-02);
#1122 = AXIS2_PLACEMENT_3D('',#1123,#1124,#1125);
#1123 = CARTESIAN_POINT('',(-0.77,0.4,0.47));
#1124 = DIRECTION('',(0.,1.,0.));
#1125 = DIRECTION('',(0.,-0.,1.));
#1126 = ORIENTED_EDGE('',*,*,#1104,.F.);
#1127 = CYLINDRICAL_SURFACE('',#1128,3.E-02);
#1128 = AXIS2_PLACEMENT_3D('',#1129,#1130,#1131);
#1129 = CARTESIAN_POINT('',(-0.77,-0.4,0.47));
#1130 = DIRECTION('',(0.,1.,0.));
#1131 = DIRECTION('',(-1.,0.,0.));
#1132 = ADVANCED_FACE('',(#1133),#1145,.F.);
#1133 = FACE_BOUND('',#1134,.F.);
#1134 = EDGE_LOOP('',(#1135,#1136,#1137,#1144));
#1135 = ORIENTED_EDGE('',*,*,#1078,.F.);
#1136 = ORIENTED_EDGE('',*,*,#621,.T.);
#1137 = ORIENTED_EDGE('',*,*,#1138,.T.);
#1138 = EDGE_CURVE('',#614,#1015,#1139,.T.);
#1139 = CIRCLE('',#1140,3.E-02);
#1140 = AXIS2_PLACEMENT_3D('',#1141,#1142,#1143);
#1141 = CARTESIAN_POINT('',(-0.53,-0.3,3.E-02));
#1142 = DIRECTION('',(-0.,1.,0.));
#1143 = DIRECTION('',(1.,0.,0.));
#1144 = ORIENTED_EDGE('',*,*,#1014,.T.);
#1145 = PLANE('',#1146);
#1146 = AXIS2_PLACEMENT_3D('',#1147,#1148,#1149);
#1147 = CARTESIAN_POINT('',(0.725,-0.3,0.75));
#1148 = DIRECTION('',(0.,1.,0.));
#1149 = DIRECTION('',(-1.,0.,0.));
#1150 = ADVANCED_FACE('',(#1151),#1163,.T.);
#1151 = FACE_BOUND('',#1152,.T.);
#1152 = EDGE_LOOP('',(#1153,#1154,#1155,#1156));
#1153 = ORIENTED_EDGE('',*,*,#613,.F.);
#1154 = ORIENTED_EDGE('',*,*,#1138,.T.);
#1155 = ORIENTED_EDGE('',*,*,#1022,.T.);
#1156 = ORIENTED_EDGE('',*,*,#1157,.F.);
#1157 = EDGE_CURVE('',#606,#1023,#1158,.T.);
#1158 = CIRCLE('',#1159,3.E-02);
#1159 = AXIS2_PLACEMENT_3D('',#1160,#1161,#1162);
#1160 = CARTESIAN_POINT('',(-0.53,0.3,3.E-02));
#1161 = DIRECTION('',(-0.,1.,0.));
#1162 = DIRECTION('',(1.,0.,0.));
#1163 = CYLINDRICAL_SURFACE('',#1164,3.E-02);
#1164 = AXIS2_PLACEMENT_3D('',#1165,#1166,#1167);
#1165 = CARTESIAN_POINT('',(-0.53,-0.4,3.E-02));
#1166 = DIRECTION('',(0.,1.,0.));
#1167 = DIRECTION('',(1.,0.,0.));
#1168 = ADVANCED_FACE('',(#1169),#1180,.F.);
#1169 = FACE_BOUND('',#1170,.F.);
#1170 = EDGE_LOOP('',(#1171,#1172,#1178,#1179));
#1171 = ORIENTED_EDGE('',*,*,#605,.T.);
#1172 = ORIENTED_EDGE('',*,*,#1173,.T.);
#1173 = EDGE_CURVE('',#598,#1031,#1174,.T.);
#1174 = LINE('',#1175,#1176);
#1175 = CARTESIAN_POINT('',(-0.725,0.3,0.75));
#1176 = VECTOR('',#1177,1.);
#1177 = DIRECTION('',(-0.,-0.,-1.));
#1178 = ORIENTED_EDGE('',*,*,#1030,.T.);
#1179 = ORIENTED_EDGE('',*,*,#1157,.F.);
#1180 = PLANE('',#1181);
#1181 = AXIS2_PLACEMENT_3D('',#1182,#1183,#1184);
#1182 = CARTESIAN_POINT('',(-0.725,0.3,0.75));
#1183 = DIRECTION('',(0.,-1.,0.));
#1184 = DIRECTION('',(1.,0.,0.));
#1185 = ADVANCED_FACE('',(#1186),#1197,.F.);
#1186 = FACE_BOUND('',#1187,.F.);
#1187 = EDGE_LOOP('',(#1188,#1189,#1190,#1196));
#1188 = ORIENTED_EDGE('',*,*,#1173,.F.);
#1189 = ORIENTED_EDGE('',*,*,#597,.T.);
#1190 = ORIENTED_EDGE('',*,*,#1191,.F.);
#1191 = EDGE_CURVE('',#992,#590,#1192,.T.);
#1192 = LINE('',#1193,#1194);
#1193 = CARTESIAN_POINT('',(-0.725,0.4,0.375));
#1194 = VECTOR('',#1195,1.);
#1195 = DIRECTION('',(0.,0.,1.));
#1196 = ORIENTED_EDGE('',*,*,#1038,.T.);
#1197 = PLANE('',#1198);
#1198 = AXIS2_PLACEMENT_3D('',#1199,#1200,#1201);
#1199 = CARTESIAN_POINT('',(-0.725,0.5,0.75));
#1200 = DIRECTION('',(-1.,0.,0.));
#1201 = DIRECTION('',(0.,-1.,0.));
#1202 = ADVANCED_FACE('',(#1203),#1228,.F.);
#1203 = FACE_BOUND('',#1204,.F.);
#1204 = EDGE_LOOP('',(#1205,#1206,#1214,#1222));
#1205 = ORIENTED_EDGE('',*,*,#581,.T.);
#1206 = ORIENTED_EDGE('',*,*,#1207,.T.);
#1207 = EDGE_CURVE('',#574,#1208,#1210,.T.);
#1208 = VERTEX_POINT('',#1209);
#1209 = CARTESIAN_POINT('',(0.725,0.3,0.));
#1210 = LINE('',#1211,#1212);
#1211 = CARTESIAN_POINT('',(0.725,0.3,0.75));
#1212 = VECTOR('',#1213,1.);
#1213 = DIRECTION('',(-0.,-0.,-1.));
#1214 = ORIENTED_EDGE('',*,*,#1215,.T.);
#1215 = EDGE_CURVE('',#1208,#1216,#1218,.T.);
#1216 = VERTEX_POINT('',#1217);
#1217 = CARTESIAN_POINT('',(0.725,0.4,0.));
#1218 = LINE('',#1219,#1220);
#1219 = CARTESIAN_POINT('',(0.725,-5.E-02,0.));
#1220 = VECTOR('',#1221,1.);
#1221 = DIRECTION('',(0.,1.,0.));
#1222 = ORIENTED_EDGE('',*,*,#1223,.F.);
#1223 = EDGE_CURVE('',#582,#1216,#1224,.T.);
#1224 = LINE('',#1225,#1226);
#1225 = CARTESIAN_POINT('',(0.725,0.4,0.375));
#1226 = VECTOR('',#1227,1.);
#1227 = DIRECTION('',(0.,0.,-1.));
#1228 = PLANE('',#1229);
#1229 = AXIS2_PLACEMENT_3D('',#1230,#1231,#1232);
#1230 = CARTESIAN_POINT('',(0.725,0.3,0.75));
#1231 = DIRECTION('',(1.,0.,0.));
#1232 = DIRECTION('',(-0.,1.,0.));
#1233 = ADVANCED_FACE('',(#1234),#1253,.F.);
#1234 = FACE_BOUND('',#1235,.F.);
#1235 = EDGE_LOOP('',(#1236,#1237,#1238,#1247));
#1236 = ORIENTED_EDGE('',*,*,#1207,.F.);
#1237 = ORIENTED_EDGE('',*,*,#573,.T.);
#1238 = ORIENTED_EDGE('',*,*,#1239,.F.);
#1239 = EDGE_CURVE('',#1240,#566,#1242,.T.);
#1240 = VERTEX_POINT('',#1241);
#1241 = CARTESIAN_POINT('',(0.53,0.3,-3.469446951954E-18));
#1242 = CIRCLE('',#1243,3.E-02);
#1243 = AXIS2_PLACEMENT_3D('',#1244,#1245,#1246);
#1244 = CARTESIAN_POINT('',(0.53,0.3,3.E-02));
#1245 = DIRECTION('',(0.,1.,-0.));
#1246 = DIRECTION('',(-1.,0.,0.));
#1247 = ORIENTED_EDGE('',*,*,#1248,.T.);
#1248 = EDGE_CURVE('',#1240,#1208,#1249,.T.);
#1249 = LINE('',#1250,#1251);
#1250 = CARTESIAN_POINT('',(-0.1125,0.3,0.));
#1251 = VECTOR('',#1252,1.);
#1252 = DIRECTION('',(1.,0.,0.));
#1253 = PLANE('',#1254);
#1254 = AXIS2_PLACEMENT_3D('',#1255,#1256,#1257);
#1255 = CARTESIAN_POINT('',(-0.725,0.3,0.75));
#1256 = DIRECTION('',(0.,-1.,0.));
#1257 = DIRECTION('',(1.,0.,0.));
#1258 = ADVANCED_FACE('',(#1259),#1278,.T.);
#1259 = FACE_BOUND('',#1260,.T.);
#1260 = EDGE_LOOP('',(#1261,#1262,#1270,#1277));
#1261 = ORIENTED_EDGE('',*,*,#1239,.F.);
#1262 = ORIENTED_EDGE('',*,*,#1263,.F.);
#1263 = EDGE_CURVE('',#1264,#1240,#1266,.T.);
#1264 = VERTEX_POINT('',#1265);
#1265 = CARTESIAN_POINT('',(0.53,-0.3,-3.469446951954E-18));
#1266 = LINE('',#1267,#1268);
#1267 = CARTESIAN_POINT('',(0.53,-0.4,-3.469446951954E-18));
#1268 = VECTOR('',#1269,1.);
#1269 = DIRECTION('',(0.,1.,0.));
#1270 = ORIENTED_EDGE('',*,*,#1271,.T.);
#1271 = EDGE_CURVE('',#1264,#558,#1272,.T.);
#1272 = CIRCLE('',#1273,3.E-02);
#1273 = AXIS2_PLACEMENT_3D('',#1274,#1275,#1276);
#1274 = CARTESIAN_POINT('',(0.53,-0.3,3.E-02));
#1275 = DIRECTION('',(0.,1.,-0.));
#1276 = DIRECTION('',(-1.,0.,0.));
#1277 = ORIENTED_EDGE('',*,*,#565,.T.);
#1278 = CYLINDRICAL_SURFACE('',#1279,3.E-02);
#1279 = AXIS2_PLACEMENT_3D('',#1280,#1281,#1282);
#1280 = CARTESIAN_POINT('',(0.53,-0.4,3.E-02));
#1281 = DIRECTION('',(0.,1.,0.));
#1282 = DIRECTION('',(-1.,0.,0.));
#1283 = ADVANCED_FACE('',(#1284),#1302,.F.);
#1284 = FACE_BOUND('',#1285,.F.);
#1285 = EDGE_LOOP('',(#1286,#1287,#1295,#1301));
#1286 = ORIENTED_EDGE('',*,*,#557,.T.);
#1287 = ORIENTED_EDGE('',*,*,#1288,.T.);
#1288 = EDGE_CURVE('',#550,#1289,#1291,.T.);
#1289 = VERTEX_POINT('',#1290);
#1290 = CARTESIAN_POINT('',(0.725,-0.3,0.));
#1291 = LINE('',#1292,#1293);
#1292 = CARTESIAN_POINT('',(0.725,-0.3,0.75));
#1293 = VECTOR('',#1294,1.);
#1294 = DIRECTION('',(-0.,-0.,-1.));
#1295 = ORIENTED_EDGE('',*,*,#1296,.T.);
#1296 = EDGE_CURVE('',#1289,#1264,#1297,.T.);
#1297 = LINE('',#1298,#1299);
#1298 = CARTESIAN_POINT('',(0.6125,-0.3,0.));
#1299 = VECTOR('',#1300,1.);
#1300 = DIRECTION('',(-1.,0.,0.));
#1301 = ORIENTED_EDGE('',*,*,#1271,.T.);
#1302 = PLANE('',#1303);
#1303 = AXIS2_PLACEMENT_3D('',#1304,#1305,#1306);
#1304 = CARTESIAN_POINT('',(0.725,-0.3,0.75));
#1305 = DIRECTION('',(0.,1.,0.));
#1306 = DIRECTION('',(-1.,0.,0.));
#1307 = ADVANCED_FACE('',(#1308),#1319,.F.);
#1308 = FACE_BOUND('',#1309,.F.);
#1309 = EDGE_LOOP('',(#1310,#1311,#1312,#1313));
#1310 = ORIENTED_EDGE('',*,*,#1288,.F.);
#1311 = ORIENTED_EDGE('',*,*,#549,.T.);
#1312 = ORIENTED_EDGE('',*,*,#671,.T.);
#1313 = ORIENTED_EDGE('',*,*,#1314,.T.);
#1314 = EDGE_CURVE('',#662,#1289,#1315,.T.);
#1315 = LINE('',#1316,#1317);
#1316 = CARTESIAN_POINT('',(0.725,-0.45,0.));
#1317 = VECTOR('',#1318,1.);
#1318 = DIRECTION('',(0.,1.,0.));
#1319 = PLANE('',#1320);
#1320 = AXIS2_PLACEMENT_3D('',#1321,#1322,#1323);
#1321 = CARTESIAN_POINT('',(0.725,-0.5,0.75));
#1322 = DIRECTION('',(1.,0.,0.));
#1323 = DIRECTION('',(-0.,1.,0.));
#1324 = ADVANCED_FACE('',(#1325),#1350,.T.);
#1325 = FACE_BOUND('',#1326,.T.);
#1326 = EDGE_LOOP('',(#1327,#1335,#1336,#1344));
#1327 = ORIENTED_EDGE('',*,*,#1328,.T.);
#1328 = EDGE_CURVE('',#1329,#630,#1331,.T.);
#1329 = VERTEX_POINT('',#1330);
#1330 = CARTESIAN_POINT('',(0.277128129211,0.32,1.5E-02));
#1331 = LINE('',#1332,#1333);
#1332 = CARTESIAN_POINT('',(0.277128129211,0.32,1.5E-02));
#1333 = VECTOR('',#1334,1.);
#1334 = DIRECTION('',(0.,0.,1.));
#1335 = ORIENTED_EDGE('',*,*,#629,.T.);
#1336 = ORIENTED_EDGE('',*,*,#1337,.F.);
#1337 = EDGE_CURVE('',#1338,#632,#1340,.T.);
#1338 = VERTEX_POINT('',#1339);
#1339 = CARTESIAN_POINT('',(0.277128129211,-0.32,1.5E-02));
#1340 = LINE('',#1341,#1342);
#1341 = CARTESIAN_POINT('',(0.277128129211,-0.32,1.5E-02));
#1342 = VECTOR('',#1343,1.);
#1343 = DIRECTION('',(0.,0.,1.));
#1344 = ORIENTED_EDGE('',*,*,#1345,.F.);
#1345 = EDGE_CURVE('',#1329,#1338,#1346,.T.);
#1346 = LINE('',#1347,#1348);
#1347 = CARTESIAN_POINT('',(0.277128129211,0.32,1.5E-02));
#1348 = VECTOR('',#1349,1.);
#1349 = DIRECTION('',(0.,-1.,0.));
#1350 = PLANE('',#1351);
#1351 = AXIS2_PLACEMENT_3D('',#1352,#1353,#1354);
#1352 = CARTESIAN_POINT('',(0.277128129211,0.32,1.5E-02));
#1353 = DIRECTION('',(1.,0.,0.));
#1354 = DIRECTION('',(0.,-1.,0.));
#1355 = ADVANCED_FACE('',(#1356),#1374,.T.);
#1356 = FACE_BOUND('',#1357,.T.);
#1357 = EDGE_LOOP('',(#1358,#1366,#1367,#1368));
#1358 = ORIENTED_EDGE('',*,*,#1359,.T.);
#1359 = EDGE_CURVE('',#1360,#640,#1362,.T.);
#1360 = VERTEX_POINT('',#1361);
#1361 = CARTESIAN_POINT('',(-0.277128129211,0.,1.5E-02));
#1362 = LINE('',#1363,#1364);
#1363 = CARTESIAN_POINT('',(-0.277128129211,0.,1.5E-02));
#1364 = VECTOR('',#1365,1.);
#1365 = DIRECTION('',(0.,0.,1.));
#1366 = ORIENTED_EDGE('',*,*,#647,.T.);
#1367 = ORIENTED_EDGE('',*,*,#1328,.F.);
#1368 = ORIENTED_EDGE('',*,*,#1369,.F.);
#1369 = EDGE_CURVE('',#1360,#1329,#1370,.T.);
#1370 = LINE('',#1371,#1372);
#1371 = CARTESIAN_POINT('',(-0.277128129211,0.,1.5E-02));
#1372 = VECTOR('',#1373,1.);
#1373 = DIRECTION('',(0.866025403784,0.5,0.));
#1374 = PLANE('',#1375);
#1375 = AXIS2_PLACEMENT_3D('',#1376,#1377,#1378);
#1376 = CARTESIAN_POINT('',(-0.277128129211,0.,1.5E-02));
#1377 = DIRECTION('',(-0.5,0.866025403784,0.));
#1378 = DIRECTION('',(0.866025403784,0.5,0.));
#1379 = ADVANCED_FACE('',(#1380),#1391,.T.);
#1380 = FACE_BOUND('',#1381,.T.);
#1381 = EDGE_LOOP('',(#1382,#1383,#1384,#1385));
#1382 = ORIENTED_EDGE('',*,*,#1337,.T.);
#1383 = ORIENTED_EDGE('',*,*,#639,.T.);
#1384 = ORIENTED_EDGE('',*,*,#1359,.F.);
#1385 = ORIENTED_EDGE('',*,*,#1386,.F.);
#1386 = EDGE_CURVE('',#1338,#1360,#1387,.T.);
#1387 = LINE('',#1388,#1389);
#1388 = CARTESIAN_POINT('',(0.277128129211,-0.32,1.5E-02));
#1389 = VECTOR('',#1390,1.);
#1390 = DIRECTION('',(-0.866025403784,0.5,0.));
#1391 = PLANE('',#1392);
#1392 = AXIS2_PLACEMENT_3D('',#1393,#1394,#1395);
#1393 = CARTESIAN_POINT('',(0.277128129211,-0.32,1.5E-02));
#1394 = DIRECTION('',(-0.5,-0.866025403784,0.));
#1395 = DIRECTION('',(-0.866025403784,0.5,0.));
#1396 = ADVANCED_FACE('',(#1397),#1419,.F.);
#1397 = FACE_BOUND('',#1398,.F.);
#1398 = EDGE_LOOP('',(#1399,#1407,#1408,#1409,#1410,#1411,#1412,#1413));
#1399 = ORIENTED_EDGE('',*,*,#1400,.F.);
#1400 = EDGE_CURVE('',#1216,#1401,#1403,.T.);
#1401 = VERTEX_POINT('',#1402);
#1402 = CARTESIAN_POINT('',(0.77,0.4,-3.469446951954E-18));
#1403 = LINE('',#1404,#1405);
#1404 = CARTESIAN_POINT('',(0.5,0.4,0.));
#1405 = VECTOR('',#1406,1.);
#1406 = DIRECTION('',(1.,0.,0.));
#1407 = ORIENTED_EDGE('',*,*,#1215,.F.);
#1408 = ORIENTED_EDGE('',*,*,#1248,.F.);
#1409 = ORIENTED_EDGE('',*,*,#1263,.F.);
#1410 = ORIENTED_EDGE('',*,*,#1296,.F.);
#1411 = ORIENTED_EDGE('',*,*,#1314,.F.);
#1412 = ORIENTED_EDGE('',*,*,#661,.T.);
#1413 = ORIENTED_EDGE('',*,*,#1414,.T.);
#1414 = EDGE_CURVE('',#664,#1401,#1415,.T.);
#1415 = LINE('',#1416,#1417);
#1416 = CARTESIAN_POINT('',(0.77,-0.4,-3.469446951954E-18));
#1417 = VECTOR('',#1418,1.);
#1418 = DIRECTION('',(0.,1.,0.));
#1419 = PLANE('',#1420);
#1420 = AXIS2_PLACEMENT_3D('',#1421,#1422,#1423);
#1421 = CARTESIAN_POINT('',(0.5,-0.4,0.));
#1422 = DIRECTION('',(0.,0.,1.));
#1423 = DIRECTION('',(1.,0.,-0.));
#1424 = ADVANCED_FACE('',(#1425),#1444,.T.);
#1425 = FACE_BOUND('',#1426,.T.);
#1426 = EDGE_LOOP('',(#1427,#1428,#1429,#1438));
#1427 = ORIENTED_EDGE('',*,*,#713,.T.);
#1428 = ORIENTED_EDGE('',*,*,#1414,.T.);
#1429 = ORIENTED_EDGE('',*,*,#1430,.F.);
#1430 = EDGE_CURVE('',#1431,#1401,#1433,.T.);
#1431 = VERTEX_POINT('',#1432);
#1432 = CARTESIAN_POINT('',(0.8,0.4,3.E-02));
#1433 = CIRCLE('',#1434,3.E-02);
#1434 = AXIS2_PLACEMENT_3D('',#1435,#1436,#1437);
#1435 = CARTESIAN_POINT('',(0.77,0.4,3.E-02));
#1436 = DIRECTION('',(0.,1.,0.));
#1437 = DIRECTION('',(0.,-0.,1.));
#1438 = ORIENTED_EDGE('',*,*,#1439,.F.);
#1439 = EDGE_CURVE('',#706,#1431,#1440,.T.);
#1440 = LINE('',#1441,#1442);
#1441 = CARTESIAN_POINT('',(0.8,-0.4,3.E-02));
#1442 = VECTOR('',#1443,1.);
#1443 = DIRECTION('',(0.,1.,0.));
#1444 = CYLINDRICAL_SURFACE('',#1445,3.E-02);
#1445 = AXIS2_PLACEMENT_3D('',#1446,#1447,#1448);
#1446 = CARTESIAN_POINT('',(0.77,-0.4,3.E-02));
#1447 = DIRECTION('',(0.,1.,0.));
#1448 = DIRECTION('',(1.,0.,0.));
#1449 = ADVANCED_FACE('',(#1450),#1468,.T.);
#1450 = FACE_BOUND('',#1451,.T.);
#1451 = EDGE_LOOP('',(#1452,#1453,#1454,#1462));
#1452 = ORIENTED_EDGE('',*,*,#705,.F.);
#1453 = ORIENTED_EDGE('',*,*,#1439,.T.);
#1454 = ORIENTED_EDGE('',*,*,#1455,.T.);
#1455 = EDGE_CURVE('',#1431,#1456,#1458,.T.);
#1456 = VERTEX_POINT('',#1457);
#1457 = CARTESIAN_POINT('',(0.8,0.4,0.47));
#1458 = LINE('',#1459,#1460);
#1459 = CARTESIAN_POINT('',(0.8,0.4,0.));
#1460 = VECTOR('',#1461,1.);
#1461 = DIRECTION('',(0.,0.,1.));
#1462 = ORIENTED_EDGE('',*,*,#1463,.F.);
#1463 = EDGE_CURVE('',#697,#1456,#1464,.T.);
#1464 = LINE('',#1465,#1466);
#1465 = CARTESIAN_POINT('',(0.8,-0.4,0.47));
#1466 = VECTOR('',#1467,1.);
#1467 = DIRECTION('',(0.,1.,0.));
#1468 = PLANE('',#1469);
#1469 = AXIS2_PLACEMENT_3D('',#1470,#1471,#1472);
#1470 = CARTESIAN_POINT('',(0.8,-0.4,0.));
#1471 = DIRECTION('',(1.,0.,0.));
#1472 = DIRECTION('',(0.,0.,1.));
#1473 = ADVANCED_FACE('',(#1474),#1493,.T.);
#1474 = FACE_BOUND('',#1475,.T.);
#1475 = EDGE_LOOP('',(#1476,#1477,#1486,#1492));
#1476 = ORIENTED_EDGE('',*,*,#1463,.T.);
#1477 = ORIENTED_EDGE('',*,*,#1478,.T.);
#1478 = EDGE_CURVE('',#1456,#1479,#1481,.T.);
#1479 = VERTEX_POINT('',#1480);
#1480 = CARTESIAN_POINT('',(0.77,0.4,0.5));
#1481 = CIRCLE('',#1482,3.E-02);
#1482 = AXIS2_PLACEMENT_3D('',#1483,#1484,#1485);
#1483 = CARTESIAN_POINT('',(0.77,0.4,0.47));
#1484 = DIRECTION('',(0.,-1.,0.));
#1485 = DIRECTION('',(0.,0.,1.));
#1486 = ORIENTED_EDGE('',*,*,#1487,.F.);
#1487 = EDGE_CURVE('',#689,#1479,#1488,.T.);
#1488 = LINE('',#1489,#1490);
#1489 = CARTESIAN_POINT('',(0.77,-0.4,0.5));
#1490 = VECTOR('',#1491,1.);
#1491 = DIRECTION('',(0.,1.,0.));
#1492 = ORIENTED_EDGE('',*,*,#696,.F.);
#1493 = CYLINDRICAL_SURFACE('',#1494,3.E-02);
#1494 = AXIS2_PLACEMENT_3D('',#1495,#1496,#1497);
#1495 = CARTESIAN_POINT('',(0.77,-0.4,0.47));
#1496 = DIRECTION('',(0.,1.,0.));
#1497 = DIRECTION('',(1.,0.,0.));
#1498 = ADVANCED_FACE('',(#1499),#1540,.T.);
#1499 = FACE_BOUND('',#1500,.T.);
#1500 = EDGE_LOOP('',(#1501,#1509,#1517,#1523,#1524,#1532,#1538,#1539));
#1501 = ORIENTED_EDGE('',*,*,#1502,.F.);
#1502 = EDGE_CURVE('',#1503,#1479,#1505,.T.);
#1503 = VERTEX_POINT('',#1504);
#1504 = CARTESIAN_POINT('',(0.725,0.4,0.5));
#1505 = LINE('',#1506,#1507);
#1506 = CARTESIAN_POINT('',(0.5,0.4,0.5));
#1507 = VECTOR('',#1508,1.);
#1508 = DIRECTION('',(1.,0.,0.));
#1509 = ORIENTED_EDGE('',*,*,#1510,.F.);
#1510 = EDGE_CURVE('',#1511,#1503,#1513,.T.);
#1511 = VERTEX_POINT('',#1512);
#1512 = CARTESIAN_POINT('',(0.725,0.3,0.5));
#1513 = LINE('',#1514,#1515);
#1514 = CARTESIAN_POINT('',(0.725,-5.E-02,0.5));
#1515 = VECTOR('',#1516,1.);
#1516 = DIRECTION('',(0.,1.,0.));
#1517 = ORIENTED_EDGE('',*,*,#1518,.F.);
#1518 = EDGE_CURVE('',#794,#1511,#1519,.T.);
#1519 = LINE('',#1520,#1521);
#1520 = CARTESIAN_POINT('',(-0.1125,0.3,0.5));
#1521 = VECTOR('',#1522,1.);
#1522 = DIRECTION('',(1.,0.,0.));
#1523 = ORIENTED_EDGE('',*,*,#793,.F.);
#1524 = ORIENTED_EDGE('',*,*,#1525,.F.);
#1525 = EDGE_CURVE('',#1526,#785,#1528,.T.);
#1526 = VERTEX_POINT('',#1527);
#1527 = CARTESIAN_POINT('',(0.725,-0.3,0.5));
#1528 = LINE('',#1529,#1530);
#1529 = CARTESIAN_POINT('',(0.6125,-0.3,0.5));
#1530 = VECTOR('',#1531,1.);
#1531 = DIRECTION('',(-1.,0.,0.));
#1532 = ORIENTED_EDGE('',*,*,#1533,.F.);
#1533 = EDGE_CURVE('',#681,#1526,#1534,.T.);
#1534 = LINE('',#1535,#1536);
#1535 = CARTESIAN_POINT('',(0.725,-0.45,0.5));
#1536 = VECTOR('',#1537,1.);
#1537 = DIRECTION('',(0.,1.,0.));
#1538 = ORIENTED_EDGE('',*,*,#688,.T.);
#1539 = ORIENTED_EDGE('',*,*,#1487,.T.);
#1540 = PLANE('',#1541);
#1541 = AXIS2_PLACEMENT_3D('',#1542,#1543,#1544);
#1542 = CARTESIAN_POINT('',(0.5,-0.4,0.5));
#1543 = DIRECTION('',(0.,0.,1.));
#1544 = DIRECTION('',(1.,0.,-0.));
#1545 = ADVANCED_FACE('',(#1546),#1557,.F.);
#1546 = FACE_BOUND('',#1547,.F.);
#1547 = EDGE_LOOP('',(#1548,#1554,#1555,#1556));
#1548 = ORIENTED_EDGE('',*,*,#1549,.F.);
#1549 = EDGE_CURVE('',#1526,#729,#1550,.T.);
#1550 = LINE('',#1551,#1552);
#1551 = CARTESIAN_POINT('',(0.725,-0.3,0.75));
#1552 = VECTOR('',#1553,1.);
#1553 = DIRECTION('',(-0.,-0.,-1.));
#1554 = ORIENTED_EDGE('',*,*,#1533,.F.);
#1555 = ORIENTED_EDGE('',*,*,#680,.T.);
#1556 = ORIENTED_EDGE('',*,*,#738,.F.);
#1557 = PLANE('',#1558);
#1558 = AXIS2_PLACEMENT_3D('',#1559,#1560,#1561);
#1559 = CARTESIAN_POINT('',(0.725,-0.5,0.75));
#1560 = DIRECTION('',(1.,0.,0.));
#1561 = DIRECTION('',(-0.,1.,0.));
#1562 = ADVANCED_FACE('',(#1563),#1569,.F.);
#1563 = FACE_BOUND('',#1564,.F.);
#1564 = EDGE_LOOP('',(#1565,#1566,#1567,#1568));
#1565 = ORIENTED_EDGE('',*,*,#1525,.F.);
#1566 = ORIENTED_EDGE('',*,*,#1549,.T.);
#1567 = ORIENTED_EDGE('',*,*,#728,.F.);
#1568 = ORIENTED_EDGE('',*,*,#784,.T.);
#1569 = PLANE('',#1570);
#1570 = AXIS2_PLACEMENT_3D('',#1571,#1572,#1573);
#1571 = CARTESIAN_POINT('',(0.725,-0.3,0.75));
#1572 = DIRECTION('',(0.,1.,0.));
#1573 = DIRECTION('',(-1.,0.,0.));
#1574 = ADVANCED_FACE('',(#1575),#1591,.F.);
#1575 = FACE_BOUND('',#1576,.F.);
#1576 = EDGE_LOOP('',(#1577,#1578,#1584,#1585));
#1577 = ORIENTED_EDGE('',*,*,#1510,.F.);
#1578 = ORIENTED_EDGE('',*,*,#1579,.T.);
#1579 = EDGE_CURVE('',#1511,#762,#1580,.T.);
#1580 = LINE('',#1581,#1582);
#1581 = CARTESIAN_POINT('',(0.725,0.3,0.75));
#1582 = VECTOR('',#1583,1.);
#1583 = DIRECTION('',(-0.,-0.,-1.));
#1584 = ORIENTED_EDGE('',*,*,#769,.F.);
#1585 = ORIENTED_EDGE('',*,*,#1586,.F.);
#1586 = EDGE_CURVE('',#1503,#753,#1587,.T.);
#1587 = LINE('',#1588,#1589);
#1588 = CARTESIAN_POINT('',(0.725,0.4,0.375));
#1589 = VECTOR('',#1590,1.);
#1590 = DIRECTION('',(0.,0.,-1.));
#1591 = PLANE('',#1592);
#1592 = AXIS2_PLACEMENT_3D('',#1593,#1594,#1595);
#1593 = CARTESIAN_POINT('',(0.725,0.3,0.75));
#1594 = DIRECTION('',(1.,0.,0.));
#1595 = DIRECTION('',(-0.,1.,0.));
#1596 = ADVANCED_FACE('',(#1597),#1603,.F.);
#1597 = FACE_BOUND('',#1598,.F.);
#1598 = EDGE_LOOP('',(#1599,#1600,#1601,#1602));
#1599 = ORIENTED_EDGE('',*,*,#1579,.F.);
#1600 = ORIENTED_EDGE('',*,*,#1518,.F.);
#1601 = ORIENTED_EDGE('',*,*,#801,.F.);
#1602 = ORIENTED_EDGE('',*,*,#761,.F.);
#1603 = PLANE('',#1604);
#1604 = AXIS2_PLACEMENT_3D('',#1605,#1606,#1607);
#1605 = CARTESIAN_POINT('',(-0.725,0.3,0.75));
#1606 = DIRECTION('',(0.,-1.,0.));
#1607 = DIRECTION('',(1.,0.,0.));
#1608 = ADVANCED_FACE('',(#1609),#1621,.T.);
#1609 = FACE_BOUND('',#1610,.T.);
#1610 = EDGE_LOOP('',(#1611,#1612,#1613,#1614,#1615,#1616,#1617,#1618,
    #1619,#1620));
#1611 = ORIENTED_EDGE('',*,*,#989,.F.);
#1612 = ORIENTED_EDGE('',*,*,#1060,.F.);
#1613 = ORIENTED_EDGE('',*,*,#1096,.T.);
#1614 = ORIENTED_EDGE('',*,*,#1120,.T.);
#1615 = ORIENTED_EDGE('',*,*,#944,.T.);
#1616 = ORIENTED_EDGE('',*,*,#905,.F.);
#1617 = ORIENTED_EDGE('',*,*,#832,.F.);
#1618 = ORIENTED_EDGE('',*,*,#824,.F.);
#1619 = ORIENTED_EDGE('',*,*,#816,.T.);
#1620 = ORIENTED_EDGE('',*,*,#1191,.F.);
#1621 = PLANE('',#1622);
#1622 = AXIS2_PLACEMENT_3D('',#1623,#1624,#1625);
#1623 = CARTESIAN_POINT('',(-0.8,0.4,0.));
#1624 = DIRECTION('',(0.,1.,0.));
#1625 = DIRECTION('',(0.,-0.,1.));
#1626 = ADVANCED_FACE('',(#1627),#1639,.T.);
#1627 = FACE_BOUND('',#1628,.T.);
#1628 = EDGE_LOOP('',(#1629,#1630,#1631,#1632,#1633,#1634,#1635,#1636,
    #1637,#1638));
#1629 = ORIENTED_EDGE('',*,*,#1400,.F.);
#1630 = ORIENTED_EDGE('',*,*,#1223,.F.);
#1631 = ORIENTED_EDGE('',*,*,#857,.T.);
#1632 = ORIENTED_EDGE('',*,*,#849,.T.);
#1633 = ORIENTED_EDGE('',*,*,#841,.F.);
#1634 = ORIENTED_EDGE('',*,*,#1586,.F.);
#1635 = ORIENTED_EDGE('',*,*,#1502,.T.);
#1636 = ORIENTED_EDGE('',*,*,#1478,.F.);
#1637 = ORIENTED_EDGE('',*,*,#1455,.F.);
#1638 = ORIENTED_EDGE('',*,*,#1430,.T.);
#1639 = PLANE('',#1640);
#1640 = AXIS2_PLACEMENT_3D('',#1641,#1642,#1643);
#1641 = CARTESIAN_POINT('',(0.5,0.4,0.));
#1642 = DIRECTION('',(0.,1.,0.));
#1643 = DIRECTION('',(0.,-0.,1.));
#1644 = ADVANCED_FACE('',(#1645),#1650,.T.);
#1645 = FACE_BOUND('',#1646,.T.);
#1646 = EDGE_LOOP('',(#1647,#1648,#1649));
#1647 = ORIENTED_EDGE('',*,*,#1369,.T.);
#1648 = ORIENTED_EDGE('',*,*,#1345,.T.);
#1649 = ORIENTED_EDGE('',*,*,#1386,.T.);
#1650 = PLANE('',#1651);
#1651 = AXIS2_PLACEMENT_3D('',#1652,#1653,#1654);
#1652 = CARTESIAN_POINT('',(9.237604307034E-02,0.,1.5E-02));
#1653 = DIRECTION('',(-0.,-0.,-1.));
#1654 = DIRECTION('',(-1.,0.,0.));
#1655 = ( GEOMETRIC_REPRESENTATION_CONTEXT(3) 
GLOBAL_UNCERTAINTY_ASSIGNED_CONTEXT((#1659)) 
GLOBAL_UNIT_ASSIGNED_CONTEXT((#1656,#1657,#1658)) REPRESENTATION_CONTEXT
('Context #1','3D Context with UNIT and UNCERTAINTY') );
#1656 = ( LENGTH_UNIT() NAMED_UNIT(*) SI_UNIT(.MILLI.,.METRE.) );
#1657 = ( NAMED_UNIT(*) PLANE_ANGLE_UNIT() SI_UNIT($,.RADIAN.) );
#1658 = ( NAMED_UNIT(*) SI_UNIT($,.STERADIAN.) SOLID_ANGLE_UNIT() );
#1659 = UNCERTAINTY_MEASURE_WITH_UNIT(LENGTH_MEASURE(1.E-07),#1656,
  'distance_accuracy_value','confusion accuracy');
#1660 = CONTEXT_DEPENDENT_SHAPE_REPRESENTATION(#1661,#1663);
#1661 = ( REPRESENTATION_RELATIONSHIP('','',#131,#108) 
REPRESENTATION_RELATIONSHIP_WITH_TRANSFORMATION(#1662) 
SHAPE_REPRESENTATION_RELATIONSHIP() );
#1662 = ITEM_DEFINED_TRANSFORMATION('','',#11,#109);
#1663 = PRODUCT_DEFINITION_SHAPE('Placement','Placement of an item',
  #1664);
#1664 = NEXT_ASSEMBLY_USAGE_OCCURRENCE('1','=>[0:1:1:3]','',#103,#126,$
  );
#1665 = PRODUCT_RELATED_PRODUCT_CATEGORY('part',$,(#128));
#1666 = SHAPE_DEFINITION_REPRESENTATION(#1667,#1673);
#1667 = PRODUCT_DEFINITION_SHAPE('','',#1668);
#1668 = PRODUCT_DEFINITION('design','',#1669,#1672);
#1669 = PRODUCT_DEFINITION_FORMATION('','',#1670);
#1670 = PRODUCT('C_0201_0603Metric','C_0201_0603Metric','',(#1671));
#1671 = PRODUCT_CONTEXT('',#2,'mechanical');
#1672 = PRODUCT_DEFINITION_CONTEXT('part definition',#2,'design');
#1673 = SHAPE_REPRESENTATION('',(#11,#1674),#1678);
#1674 = AXIS2_PLACEMENT_3D('',#1675,#1676,#1677);
#1675 = CARTESIAN_POINT('',(0.,0.,0.));
#1676 = DIRECTION('',(0.,0.,1.));
#1677 = DIRECTION('',(1.,0.,-0.));
#1678 = ( GEOMETRIC_REPRESENTATION_CONTEXT(3) 
GLOBAL_UNCERTAINTY_ASSIGNED_CONTEXT((#1682)) 
GLOBAL_UNIT_ASSIGNED_CONTEXT((#1679,#1680,#1681)) REPRESENTATION_CONTEXT
('Context #1','3D Context with UNIT and UNCERTAINTY') );
#1679 = ( LENGTH_UNIT() NAMED_UNIT(*) SI_UNIT(.MILLI.,.METRE.) );
#1680 = ( NAMED_UNIT(*) PLANE_ANGLE_UNIT() SI_UNIT($,.RADIAN.) );
#1681 = ( NAMED_UNIT(*) SI_UNIT($,.STERADIAN.) SOLID_ANGLE_UNIT() );
#1682 = UNCERTAINTY_MEASURE_WITH_UNIT(LENGTH_MEASURE(1.E-07),#1679,
  'distance_accuracy_value','confusion accuracy');
#1683 = CONTEXT_DEPENDENT_SHAPE_REPRESENTATION(#1684,#1686);
#1684 = ( REPRESENTATION_RELATIONSHIP('','',#1673,#10) 
REPRESENTATION_RELATIONSHIP_WITH_TRANSFORMATION(#1685) 
SHAPE_REPRESENTATION_RELATIONSHIP() );
#1685 = ITEM_DEFINED_TRANSFORMATION('','',#11,#19);
#1686 = PRODUCT_DEFINITION_SHAPE('Placement','Placement of an item',
  #1687);
#1687 = NEXT_ASSEMBLY_USAGE_OCCURRENCE('4','C1','',#5,#1668,$);
#1688 = PRODUCT_RELATED_PRODUCT_CATEGORY('part',$,(#1670));
#1689 = SHAPE_DEFINITION_REPRESENTATION(#1690,#1696);
#1690 = PRODUCT_DEFINITION_SHAPE('','',#1691);
#1691 = PRODUCT_DEFINITION('design','',#1692,#1695);
#1692 = PRODUCT_DEFINITION_FORMATION('','',#1693);
#1693 = PRODUCT('C_0201_0603Metric','C_0201_0603Metric','',(#1694));
#1694 = PRODUCT_CONTEXT('',#2,'mechanical');
#1695 = PRODUCT_DEFINITION_CONTEXT('part definition',#2,'design');
#1696 = ADVANCED_BREP_SHAPE_REPRESENTATION('',(#11,#1697),#2551);
#1697 = MANIFOLD_SOLID_BREP('',#1698);
#1698 = CLOSED_SHELL('',(#1699,#1775,#1806,#1831,#1856,#1880,#1904,#1929
    ,#1954,#1971,#2057,#2089,#2113,#2138,#2162,#2187,#2211,#2236,#2253,
    #2339,#2370,#2395,#2420,#2444,#2468,#2493,#2518,#2535));
#1699 = ADVANCED_FACE('',(#1700),#1770,.F.);
#1700 = FACE_BOUND('',#1701,.F.);
#1701 = EDGE_LOOP('',(#1702,#1712,#1721,#1729,#1738,#1746,#1755,#1763));
#1702 = ORIENTED_EDGE('',*,*,#1703,.F.);
#1703 = EDGE_CURVE('',#1704,#1706,#1708,.T.);
#1704 = VERTEX_POINT('',#1705);
#1705 = CARTESIAN_POINT('',(-0.3,-0.15,1.5E-02));
#1706 = VERTEX_POINT('',#1707);
#1707 = CARTESIAN_POINT('',(-0.3,-0.15,0.285));
#1708 = LINE('',#1709,#1710);
#1709 = CARTESIAN_POINT('',(-0.3,-0.15,0.));
#1710 = VECTOR('',#1711,1.);
#1711 = DIRECTION('',(0.,0.,1.));
#1712 = ORIENTED_EDGE('',*,*,#1713,.T.);
#1713 = EDGE_CURVE('',#1704,#1714,#1716,.T.);
#1714 = VERTEX_POINT('',#1715);
#1715 = CARTESIAN_POINT('',(-0.3,-0.135,-2.775557561563E-17));
#1716 = CIRCLE('',#1717,1.5E-02);
#1717 = AXIS2_PLACEMENT_3D('',#1718,#1719,#1720);
#1718 = CARTESIAN_POINT('',(-0.3,-0.135,1.5E-02));
#1719 = DIRECTION('',(1.,0.,-0.));
#1720 = DIRECTION('',(0.,0.,1.));
#1721 = ORIENTED_EDGE('',*,*,#1722,.T.);
#1722 = EDGE_CURVE('',#1714,#1723,#1725,.T.);
#1723 = VERTEX_POINT('',#1724);
#1724 = CARTESIAN_POINT('',(-0.3,0.135,-2.775557561563E-17));
#1725 = LINE('',#1726,#1727);
#1726 = CARTESIAN_POINT('',(-0.3,-0.15,0.));
#1727 = VECTOR('',#1728,1.);
#1728 = DIRECTION('',(0.,1.,0.));
#1729 = ORIENTED_EDGE('',*,*,#1730,.F.);
#1730 = EDGE_CURVE('',#1731,#1723,#1733,.T.);
#1731 = VERTEX_POINT('',#1732);
#1732 = CARTESIAN_POINT('',(-0.3,0.15,1.5E-02));
#1733 = CIRCLE('',#1734,1.5E-02);
#1734 = AXIS2_PLACEMENT_3D('',#1735,#1736,#1737);
#1735 = CARTESIAN_POINT('',(-0.3,0.135,1.5E-02));
#1736 = DIRECTION('',(-1.,0.,0.));
#1737 = DIRECTION('',(0.,0.,1.));
#1738 = ORIENTED_EDGE('',*,*,#1739,.T.);
#1739 = EDGE_CURVE('',#1731,#1740,#1742,.T.);
#1740 = VERTEX_POINT('',#1741);
#1741 = CARTESIAN_POINT('',(-0.3,0.15,0.285));
#1742 = LINE('',#1743,#1744);
#1743 = CARTESIAN_POINT('',(-0.3,0.15,0.));
#1744 = VECTOR('',#1745,1.);
#1745 = DIRECTION('',(0.,0.,1.));
#1746 = ORIENTED_EDGE('',*,*,#1747,.T.);
#1747 = EDGE_CURVE('',#1740,#1748,#1750,.T.);
#1748 = VERTEX_POINT('',#1749);
#1749 = CARTESIAN_POINT('',(-0.3,0.135,0.3));
#1750 = CIRCLE('',#1751,1.5E-02);
#1751 = AXIS2_PLACEMENT_3D('',#1752,#1753,#1754);
#1752 = CARTESIAN_POINT('',(-0.3,0.135,0.285));
#1753 = DIRECTION('',(1.,0.,-0.));
#1754 = DIRECTION('',(0.,0.,1.));
#1755 = ORIENTED_EDGE('',*,*,#1756,.F.);
#1756 = EDGE_CURVE('',#1757,#1748,#1759,.T.);
#1757 = VERTEX_POINT('',#1758);
#1758 = CARTESIAN_POINT('',(-0.3,-0.135,0.3));
#1759 = LINE('',#1760,#1761);
#1760 = CARTESIAN_POINT('',(-0.3,-0.15,0.3));
#1761 = VECTOR('',#1762,1.);
#1762 = DIRECTION('',(0.,1.,0.));
#1763 = ORIENTED_EDGE('',*,*,#1764,.F.);
#1764 = EDGE_CURVE('',#1706,#1757,#1765,.T.);
#1765 = CIRCLE('',#1766,1.5E-02);
#1766 = AXIS2_PLACEMENT_3D('',#1767,#1768,#1769);
#1767 = CARTESIAN_POINT('',(-0.3,-0.135,0.285));
#1768 = DIRECTION('',(-1.,0.,0.));
#1769 = DIRECTION('',(0.,0.,1.));
#1770 = PLANE('',#1771);
#1771 = AXIS2_PLACEMENT_3D('',#1772,#1773,#1774);
#1772 = CARTESIAN_POINT('',(-0.3,-0.15,0.));
#1773 = DIRECTION('',(1.,0.,0.));
#1774 = DIRECTION('',(0.,0.,1.));
#1775 = ADVANCED_FACE('',(#1776),#1801,.F.);
#1776 = FACE_BOUND('',#1777,.F.);
#1777 = EDGE_LOOP('',(#1778,#1788,#1794,#1795));
#1778 = ORIENTED_EDGE('',*,*,#1779,.F.);
#1779 = EDGE_CURVE('',#1780,#1782,#1784,.T.);
#1780 = VERTEX_POINT('',#1781);
#1781 = CARTESIAN_POINT('',(-0.15,-0.15,1.5E-02));
#1782 = VERTEX_POINT('',#1783);
#1783 = CARTESIAN_POINT('',(-0.15,-0.15,0.285));
#1784 = LINE('',#1785,#1786);
#1785 = CARTESIAN_POINT('',(-0.15,-0.15,0.));
#1786 = VECTOR('',#1787,1.);
#1787 = DIRECTION('',(0.,0.,1.));
#1788 = ORIENTED_EDGE('',*,*,#1789,.F.);
#1789 = EDGE_CURVE('',#1704,#1780,#1790,.T.);
#1790 = LINE('',#1791,#1792);
#1791 = CARTESIAN_POINT('',(-0.3,-0.15,1.5E-02));
#1792 = VECTOR('',#1793,1.);
#1793 = DIRECTION('',(1.,0.,0.));
#1794 = ORIENTED_EDGE('',*,*,#1703,.T.);
#1795 = ORIENTED_EDGE('',*,*,#1796,.T.);
#1796 = EDGE_CURVE('',#1706,#1782,#1797,.T.);
#1797 = LINE('',#1798,#1799);
#1798 = CARTESIAN_POINT('',(-0.3,-0.15,0.285));
#1799 = VECTOR('',#1800,1.);
#1800 = DIRECTION('',(1.,0.,0.));
#1801 = PLANE('',#1802);
#1802 = AXIS2_PLACEMENT_3D('',#1803,#1804,#1805);
#1803 = CARTESIAN_POINT('',(-0.3,-0.15,0.));
#1804 = DIRECTION('',(0.,1.,0.));
#1805 = DIRECTION('',(0.,-0.,1.));
#1806 = ADVANCED_FACE('',(#1807),#1826,.T.);
#1807 = FACE_BOUND('',#1808,.T.);
#1808 = EDGE_LOOP('',(#1809,#1810,#1818,#1825));
#1809 = ORIENTED_EDGE('',*,*,#1713,.T.);
#1810 = ORIENTED_EDGE('',*,*,#1811,.T.);
#1811 = EDGE_CURVE('',#1714,#1812,#1814,.T.);
#1812 = VERTEX_POINT('',#1813);
#1813 = CARTESIAN_POINT('',(-0.15,-0.135,-2.775557561563E-17));
#1814 = LINE('',#1815,#1816);
#1815 = CARTESIAN_POINT('',(-0.3,-0.135,-2.775557561563E-17));
#1816 = VECTOR('',#1817,1.);
#1817 = DIRECTION('',(1.,0.,0.));
#1818 = ORIENTED_EDGE('',*,*,#1819,.F.);
#1819 = EDGE_CURVE('',#1780,#1812,#1820,.T.);
#1820 = CIRCLE('',#1821,1.5E-02);
#1821 = AXIS2_PLACEMENT_3D('',#1822,#1823,#1824);
#1822 = CARTESIAN_POINT('',(-0.15,-0.135,1.5E-02));
#1823 = DIRECTION('',(1.,0.,-0.));
#1824 = DIRECTION('',(0.,0.,1.));
#1825 = ORIENTED_EDGE('',*,*,#1789,.F.);
#1826 = CYLINDRICAL_SURFACE('',#1827,1.5E-02);
#1827 = AXIS2_PLACEMENT_3D('',#1828,#1829,#1830);
#1828 = CARTESIAN_POINT('',(-0.3,-0.135,1.5E-02));
#1829 = DIRECTION('',(1.,0.,0.));
#1830 = DIRECTION('',(0.,-1.,0.));
#1831 = ADVANCED_FACE('',(#1832),#1851,.T.);
#1832 = FACE_BOUND('',#1833,.T.);
#1833 = EDGE_LOOP('',(#1834,#1835,#1844,#1850));
#1834 = ORIENTED_EDGE('',*,*,#1796,.T.);
#1835 = ORIENTED_EDGE('',*,*,#1836,.T.);
#1836 = EDGE_CURVE('',#1782,#1837,#1839,.T.);
#1837 = VERTEX_POINT('',#1838);
#1838 = CARTESIAN_POINT('',(-0.15,-0.135,0.3));
#1839 = CIRCLE('',#1840,1.5E-02);
#1840 = AXIS2_PLACEMENT_3D('',#1841,#1842,#1843);
#1841 = CARTESIAN_POINT('',(-0.15,-0.135,0.285));
#1842 = DIRECTION('',(-1.,0.,0.));
#1843 = DIRECTION('',(0.,0.,1.));
#1844 = ORIENTED_EDGE('',*,*,#1845,.F.);
#1845 = EDGE_CURVE('',#1757,#1837,#1846,.T.);
#1846 = LINE('',#1847,#1848);
#1847 = CARTESIAN_POINT('',(-0.3,-0.135,0.3));
#1848 = VECTOR('',#1849,1.);
#1849 = DIRECTION('',(1.,0.,0.));
#1850 = ORIENTED_EDGE('',*,*,#1764,.F.);
#1851 = CYLINDRICAL_SURFACE('',#1852,1.5E-02);
#1852 = AXIS2_PLACEMENT_3D('',#1853,#1854,#1855);
#1853 = CARTESIAN_POINT('',(-0.3,-0.135,0.285));
#1854 = DIRECTION('',(1.,0.,0.));
#1855 = DIRECTION('',(0.,-1.,0.));
#1856 = ADVANCED_FACE('',(#1857),#1875,.F.);
#1857 = FACE_BOUND('',#1858,.F.);
#1858 = EDGE_LOOP('',(#1859,#1860,#1861,#1869));
#1859 = ORIENTED_EDGE('',*,*,#1722,.F.);
#1860 = ORIENTED_EDGE('',*,*,#1811,.T.);
#1861 = ORIENTED_EDGE('',*,*,#1862,.T.);
#1862 = EDGE_CURVE('',#1812,#1863,#1865,.T.);
#1863 = VERTEX_POINT('',#1864);
#1864 = CARTESIAN_POINT('',(-0.15,0.135,-2.775557561563E-17));
#1865 = LINE('',#1866,#1867);
#1866 = CARTESIAN_POINT('',(-0.15,-0.15,0.));
#1867 = VECTOR('',#1868,1.);
#1868 = DIRECTION('',(0.,1.,0.));
#1869 = ORIENTED_EDGE('',*,*,#1870,.F.);
#1870 = EDGE_CURVE('',#1723,#1863,#1871,.T.);
#1871 = LINE('',#1872,#1873);
#1872 = CARTESIAN_POINT('',(-0.3,0.135,-2.775557561563E-17));
#1873 = VECTOR('',#1874,1.);
#1874 = DIRECTION('',(1.,0.,0.));
#1875 = PLANE('',#1876);
#1876 = AXIS2_PLACEMENT_3D('',#1877,#1878,#1879);
#1877 = CARTESIAN_POINT('',(-0.3,-0.15,0.));
#1878 = DIRECTION('',(0.,0.,1.));
#1879 = DIRECTION('',(1.,0.,-0.));
#1880 = ADVANCED_FACE('',(#1881),#1899,.T.);
#1881 = FACE_BOUND('',#1882,.T.);
#1882 = EDGE_LOOP('',(#1883,#1884,#1885,#1893));
#1883 = ORIENTED_EDGE('',*,*,#1756,.F.);
#1884 = ORIENTED_EDGE('',*,*,#1845,.T.);
#1885 = ORIENTED_EDGE('',*,*,#1886,.T.);
#1886 = EDGE_CURVE('',#1837,#1887,#1889,.T.);
#1887 = VERTEX_POINT('',#1888);
#1888 = CARTESIAN_POINT('',(-0.15,0.135,0.3));
#1889 = LINE('',#1890,#1891);
#1890 = CARTESIAN_POINT('',(-0.15,-0.15,0.3));
#1891 = VECTOR('',#1892,1.);
#1892 = DIRECTION('',(0.,1.,0.));
#1893 = ORIENTED_EDGE('',*,*,#1894,.F.);
#1894 = EDGE_CURVE('',#1748,#1887,#1895,.T.);
#1895 = LINE('',#1896,#1897);
#1896 = CARTESIAN_POINT('',(-0.3,0.135,0.3));
#1897 = VECTOR('',#1898,1.);
#1898 = DIRECTION('',(1.,0.,0.));
#1899 = PLANE('',#1900);
#1900 = AXIS2_PLACEMENT_3D('',#1901,#1902,#1903);
#1901 = CARTESIAN_POINT('',(-0.3,-0.15,0.3));
#1902 = DIRECTION('',(0.,0.,1.));
#1903 = DIRECTION('',(1.,0.,-0.));
#1904 = ADVANCED_FACE('',(#1905),#1924,.T.);
#1905 = FACE_BOUND('',#1906,.T.);
#1906 = EDGE_LOOP('',(#1907,#1915,#1922,#1923));
#1907 = ORIENTED_EDGE('',*,*,#1908,.T.);
#1908 = EDGE_CURVE('',#1731,#1909,#1911,.T.);
#1909 = VERTEX_POINT('',#1910);
#1910 = CARTESIAN_POINT('',(-0.15,0.15,1.5E-02));
#1911 = LINE('',#1912,#1913);
#1912 = CARTESIAN_POINT('',(-0.3,0.15,1.5E-02));
#1913 = VECTOR('',#1914,1.);
#1914 = DIRECTION('',(1.,0.,0.));
#1915 = ORIENTED_EDGE('',*,*,#1916,.T.);
#1916 = EDGE_CURVE('',#1909,#1863,#1917,.T.);
#1917 = CIRCLE('',#1918,1.5E-02);
#1918 = AXIS2_PLACEMENT_3D('',#1919,#1920,#1921);
#1919 = CARTESIAN_POINT('',(-0.15,0.135,1.5E-02));
#1920 = DIRECTION('',(-1.,0.,0.));
#1921 = DIRECTION('',(0.,0.,1.));
#1922 = ORIENTED_EDGE('',*,*,#1870,.F.);
#1923 = ORIENTED_EDGE('',*,*,#1730,.F.);
#1924 = CYLINDRICAL_SURFACE('',#1925,1.5E-02);
#1925 = AXIS2_PLACEMENT_3D('',#1926,#1927,#1928);
#1926 = CARTESIAN_POINT('',(-0.3,0.135,1.5E-02));
#1927 = DIRECTION('',(1.,0.,0.));
#1928 = DIRECTION('',(-0.,1.,0.));
#1929 = ADVANCED_FACE('',(#1930),#1949,.T.);
#1930 = FACE_BOUND('',#1931,.T.);
#1931 = EDGE_LOOP('',(#1932,#1933,#1934,#1943));
#1932 = ORIENTED_EDGE('',*,*,#1747,.T.);
#1933 = ORIENTED_EDGE('',*,*,#1894,.T.);
#1934 = ORIENTED_EDGE('',*,*,#1935,.F.);
#1935 = EDGE_CURVE('',#1936,#1887,#1938,.T.);
#1936 = VERTEX_POINT('',#1937);
#1937 = CARTESIAN_POINT('',(-0.15,0.15,0.285));
#1938 = CIRCLE('',#1939,1.5E-02);
#1939 = AXIS2_PLACEMENT_3D('',#1940,#1941,#1942);
#1940 = CARTESIAN_POINT('',(-0.15,0.135,0.285));
#1941 = DIRECTION('',(1.,0.,-0.));
#1942 = DIRECTION('',(0.,0.,1.));
#1943 = ORIENTED_EDGE('',*,*,#1944,.F.);
#1944 = EDGE_CURVE('',#1740,#1936,#1945,.T.);
#1945 = LINE('',#1946,#1947);
#1946 = CARTESIAN_POINT('',(-0.3,0.15,0.285));
#1947 = VECTOR('',#1948,1.);
#1948 = DIRECTION('',(1.,0.,0.));
#1949 = CYLINDRICAL_SURFACE('',#1950,1.5E-02);
#1950 = AXIS2_PLACEMENT_3D('',#1951,#1952,#1953);
#1951 = CARTESIAN_POINT('',(-0.3,0.135,0.285));
#1952 = DIRECTION('',(1.,0.,0.));
#1953 = DIRECTION('',(-0.,1.,0.));
#1954 = ADVANCED_FACE('',(#1955),#1966,.T.);
#1955 = FACE_BOUND('',#1956,.T.);
#1956 = EDGE_LOOP('',(#1957,#1963,#1964,#1965));
#1957 = ORIENTED_EDGE('',*,*,#1958,.F.);
#1958 = EDGE_CURVE('',#1909,#1936,#1959,.T.);
#1959 = LINE('',#1960,#1961);
#1960 = CARTESIAN_POINT('',(-0.15,0.15,0.));
#1961 = VECTOR('',#1962,1.);
#1962 = DIRECTION('',(0.,0.,1.));
#1963 = ORIENTED_EDGE('',*,*,#1908,.F.);
#1964 = ORIENTED_EDGE('',*,*,#1739,.T.);
#1965 = ORIENTED_EDGE('',*,*,#1944,.T.);
#1966 = PLANE('',#1967);
#1967 = AXIS2_PLACEMENT_3D('',#1968,#1969,#1970);
#1968 = CARTESIAN_POINT('',(-0.3,0.15,0.));
#1969 = DIRECTION('',(0.,1.,0.));
#1970 = DIRECTION('',(0.,-0.,1.));
#1971 = ADVANCED_FACE('',(#1972,#1982),#2052,.T.);
#1972 = FACE_BOUND('',#1973,.T.);
#1973 = EDGE_LOOP('',(#1974,#1975,#1976,#1977,#1978,#1979,#1980,#1981));
#1974 = ORIENTED_EDGE('',*,*,#1779,.F.);
#1975 = ORIENTED_EDGE('',*,*,#1819,.T.);
#1976 = ORIENTED_EDGE('',*,*,#1862,.T.);
#1977 = ORIENTED_EDGE('',*,*,#1916,.F.);
#1978 = ORIENTED_EDGE('',*,*,#1958,.T.);
#1979 = ORIENTED_EDGE('',*,*,#1935,.T.);
#1980 = ORIENTED_EDGE('',*,*,#1886,.F.);
#1981 = ORIENTED_EDGE('',*,*,#1836,.F.);
#1982 = FACE_BOUND('',#1983,.T.);
#1983 = EDGE_LOOP('',(#1984,#1995,#2003,#2012,#2020,#2029,#2037,#2046));
#1984 = ORIENTED_EDGE('',*,*,#1985,.F.);
#1985 = EDGE_CURVE('',#1986,#1988,#1990,.T.);
#1986 = VERTEX_POINT('',#1987);
#1987 = CARTESIAN_POINT('',(-0.15,-0.135,3.E-02));
#1988 = VERTEX_POINT('',#1989);
#1989 = CARTESIAN_POINT('',(-0.15,-0.12,1.5E-02));
#1990 = CIRCLE('',#1991,1.5E-02);
#1991 = AXIS2_PLACEMENT_3D('',#1992,#1993,#1994);
#1992 = CARTESIAN_POINT('',(-0.15,-0.12,3.E-02));
#1993 = DIRECTION('',(1.,0.,-0.));
#1994 = DIRECTION('',(0.,0.,1.));
#1995 = ORIENTED_EDGE('',*,*,#1996,.T.);
#1996 = EDGE_CURVE('',#1986,#1997,#1999,.T.);
#1997 = VERTEX_POINT('',#1998);
#1998 = CARTESIAN_POINT('',(-0.15,-0.135,0.27));
#1999 = LINE('',#2000,#2001);
#2000 = CARTESIAN_POINT('',(-0.15,-0.135,1.5E-02));
#2001 = VECTOR('',#2002,1.);
#2002 = DIRECTION('',(0.,0.,1.));
#2003 = ORIENTED_EDGE('',*,*,#2004,.T.);
#2004 = EDGE_CURVE('',#1997,#2005,#2007,.T.);
#2005 = VERTEX_POINT('',#2006);
#2006 = CARTESIAN_POINT('',(-0.15,-0.12,0.285));
#2007 = CIRCLE('',#2008,1.5E-02);
#2008 = AXIS2_PLACEMENT_3D('',#2009,#2010,#2011);
#2009 = CARTESIAN_POINT('',(-0.15,-0.12,0.27));
#2010 = DIRECTION('',(-1.,0.,0.));
#2011 = DIRECTION('',(0.,0.,1.));
#2012 = ORIENTED_EDGE('',*,*,#2013,.T.);
#2013 = EDGE_CURVE('',#2005,#2014,#2016,.T.);
#2014 = VERTEX_POINT('',#2015);
#2015 = CARTESIAN_POINT('',(-0.15,0.12,0.285));
#2016 = LINE('',#2017,#2018);
#2017 = CARTESIAN_POINT('',(-0.15,-0.135,0.285));
#2018 = VECTOR('',#2019,1.);
#2019 = DIRECTION('',(0.,1.,0.));
#2020 = ORIENTED_EDGE('',*,*,#2021,.F.);
#2021 = EDGE_CURVE('',#2022,#2014,#2024,.T.);
#2022 = VERTEX_POINT('',#2023);
#2023 = CARTESIAN_POINT('',(-0.15,0.135,0.27));
#2024 = CIRCLE('',#2025,1.5E-02);
#2025 = AXIS2_PLACEMENT_3D('',#2026,#2027,#2028);
#2026 = CARTESIAN_POINT('',(-0.15,0.12,0.27));
#2027 = DIRECTION('',(1.,0.,-0.));
#2028 = DIRECTION('',(0.,0.,1.));
#2029 = ORIENTED_EDGE('',*,*,#2030,.F.);
#2030 = EDGE_CURVE('',#2031,#2022,#2033,.T.);
#2031 = VERTEX_POINT('',#2032);
#2032 = CARTESIAN_POINT('',(-0.15,0.135,3.E-02));
#2033 = LINE('',#2034,#2035);
#2034 = CARTESIAN_POINT('',(-0.15,0.135,1.5E-02));
#2035 = VECTOR('',#2036,1.);
#2036 = DIRECTION('',(0.,0.,1.));
#2037 = ORIENTED_EDGE('',*,*,#2038,.T.);
#2038 = EDGE_CURVE('',#2031,#2039,#2041,.T.);
#2039 = VERTEX_POINT('',#2040);
#2040 = CARTESIAN_POINT('',(-0.15,0.12,1.5E-02));
#2041 = CIRCLE('',#2042,1.5E-02);
#2042 = AXIS2_PLACEMENT_3D('',#2043,#2044,#2045);
#2043 = CARTESIAN_POINT('',(-0.15,0.12,3.E-02));
#2044 = DIRECTION('',(-1.,0.,0.));
#2045 = DIRECTION('',(0.,0.,1.));
#2046 = ORIENTED_EDGE('',*,*,#2047,.F.);
#2047 = EDGE_CURVE('',#1988,#2039,#2048,.T.);
#2048 = LINE('',#2049,#2050);
#2049 = CARTESIAN_POINT('',(-0.15,-0.135,1.5E-02));
#2050 = VECTOR('',#2051,1.);
#2051 = DIRECTION('',(0.,1.,0.));
#2052 = PLANE('',#2053);
#2053 = AXIS2_PLACEMENT_3D('',#2054,#2055,#2056);
#2054 = CARTESIAN_POINT('',(-0.15,-0.15,0.));
#2055 = DIRECTION('',(1.,0.,0.));
#2056 = DIRECTION('',(0.,0.,1.));
#2057 = ADVANCED_FACE('',(#2058),#2084,.T.);
#2058 = FACE_BOUND('',#2059,.T.);
#2059 = EDGE_LOOP('',(#2060,#2061,#2069,#2078));
#2060 = ORIENTED_EDGE('',*,*,#1985,.T.);
#2061 = ORIENTED_EDGE('',*,*,#2062,.T.);
#2062 = EDGE_CURVE('',#1988,#2063,#2065,.T.);
#2063 = VERTEX_POINT('',#2064);
#2064 = CARTESIAN_POINT('',(0.15,-0.12,1.5E-02));
#2065 = LINE('',#2066,#2067);
#2066 = CARTESIAN_POINT('',(-0.15,-0.12,1.5E-02));
#2067 = VECTOR('',#2068,1.);
#2068 = DIRECTION('',(1.,0.,0.));
#2069 = ORIENTED_EDGE('',*,*,#2070,.F.);
#2070 = EDGE_CURVE('',#2071,#2063,#2073,.T.);
#2071 = VERTEX_POINT('',#2072);
#2072 = CARTESIAN_POINT('',(0.15,-0.135,3.E-02));
#2073 = CIRCLE('',#2074,1.5E-02);
#2074 = AXIS2_PLACEMENT_3D('',#2075,#2076,#2077);
#2075 = CARTESIAN_POINT('',(0.15,-0.12,3.E-02));
#2076 = DIRECTION('',(1.,0.,-0.));
#2077 = DIRECTION('',(0.,0.,1.));
#2078 = ORIENTED_EDGE('',*,*,#2079,.F.);
#2079 = EDGE_CURVE('',#1986,#2071,#2080,.T.);
#2080 = LINE('',#2081,#2082);
#2081 = CARTESIAN_POINT('',(-0.15,-0.135,3.E-02));
#2082 = VECTOR('',#2083,1.);
#2083 = DIRECTION('',(1.,0.,0.));
#2084 = CYLINDRICAL_SURFACE('',#2085,1.5E-02);
#2085 = AXIS2_PLACEMENT_3D('',#2086,#2087,#2088);
#2086 = CARTESIAN_POINT('',(-0.15,-0.12,3.E-02));
#2087 = DIRECTION('',(1.,0.,0.));
#2088 = DIRECTION('',(0.,-1.,0.));
#2089 = ADVANCED_FACE('',(#2090),#2108,.F.);
#2090 = FACE_BOUND('',#2091,.F.);
#2091 = EDGE_LOOP('',(#2092,#2093,#2094,#2102));
#2092 = ORIENTED_EDGE('',*,*,#2047,.F.);
#2093 = ORIENTED_EDGE('',*,*,#2062,.T.);
#2094 = ORIENTED_EDGE('',*,*,#2095,.T.);
#2095 = EDGE_CURVE('',#2063,#2096,#2098,.T.);
#2096 = VERTEX_POINT('',#2097);
#2097 = CARTESIAN_POINT('',(0.15,0.12,1.5E-02));
#2098 = LINE('',#2099,#2100);
#2099 = CARTESIAN_POINT('',(0.15,-0.135,1.5E-02));
#2100 = VECTOR('',#2101,1.);
#2101 = DIRECTION('',(0.,1.,0.));
#2102 = ORIENTED_EDGE('',*,*,#2103,.F.);
#2103 = EDGE_CURVE('',#2039,#2096,#2104,.T.);
#2104 = LINE('',#2105,#2106);
#2105 = CARTESIAN_POINT('',(-0.15,0.12,1.5E-02));
#2106 = VECTOR('',#2107,1.);
#2107 = DIRECTION('',(1.,0.,0.));
#2108 = PLANE('',#2109);
#2109 = AXIS2_PLACEMENT_3D('',#2110,#2111,#2112);
#2110 = CARTESIAN_POINT('',(-0.15,-0.135,1.5E-02));
#2111 = DIRECTION('',(0.,0.,1.));
#2112 = DIRECTION('',(1.,0.,-0.));
#2113 = ADVANCED_FACE('',(#2114),#2133,.T.);
#2114 = FACE_BOUND('',#2115,.T.);
#2115 = EDGE_LOOP('',(#2116,#2124,#2131,#2132));
#2116 = ORIENTED_EDGE('',*,*,#2117,.T.);
#2117 = EDGE_CURVE('',#2031,#2118,#2120,.T.);
#2118 = VERTEX_POINT('',#2119);
#2119 = CARTESIAN_POINT('',(0.15,0.135,3.E-02));
#2120 = LINE('',#2121,#2122);
#2121 = CARTESIAN_POINT('',(-0.15,0.135,3.E-02));
#2122 = VECTOR('',#2123,1.);
#2123 = DIRECTION('',(1.,0.,0.));
#2124 = ORIENTED_EDGE('',*,*,#2125,.T.);
#2125 = EDGE_CURVE('',#2118,#2096,#2126,.T.);
#2126 = CIRCLE('',#2127,1.5E-02);
#2127 = AXIS2_PLACEMENT_3D('',#2128,#2129,#2130);
#2128 = CARTESIAN_POINT('',(0.15,0.12,3.E-02));
#2129 = DIRECTION('',(-1.,0.,0.));
#2130 = DIRECTION('',(0.,0.,1.));
#2131 = ORIENTED_EDGE('',*,*,#2103,.F.);
#2132 = ORIENTED_EDGE('',*,*,#2038,.F.);
#2133 = CYLINDRICAL_SURFACE('',#2134,1.5E-02);
#2134 = AXIS2_PLACEMENT_3D('',#2135,#2136,#2137);
#2135 = CARTESIAN_POINT('',(-0.15,0.12,3.E-02));
#2136 = DIRECTION('',(1.,0.,0.));
#2137 = DIRECTION('',(-0.,1.,0.));
#2138 = ADVANCED_FACE('',(#2139),#2157,.T.);
#2139 = FACE_BOUND('',#2140,.T.);
#2140 = EDGE_LOOP('',(#2141,#2149,#2150,#2151));
#2141 = ORIENTED_EDGE('',*,*,#2142,.F.);
#2142 = EDGE_CURVE('',#2118,#2143,#2145,.T.);
#2143 = VERTEX_POINT('',#2144);
#2144 = CARTESIAN_POINT('',(0.15,0.135,0.27));
#2145 = LINE('',#2146,#2147);
#2146 = CARTESIAN_POINT('',(0.15,0.135,1.5E-02));
#2147 = VECTOR('',#2148,1.);
#2148 = DIRECTION('',(0.,0.,1.));
#2149 = ORIENTED_EDGE('',*,*,#2117,.F.);
#2150 = ORIENTED_EDGE('',*,*,#2030,.T.);
#2151 = ORIENTED_EDGE('',*,*,#2152,.T.);
#2152 = EDGE_CURVE('',#2022,#2143,#2153,.T.);
#2153 = LINE('',#2154,#2155);
#2154 = CARTESIAN_POINT('',(-0.15,0.135,0.27));
#2155 = VECTOR('',#2156,1.);
#2156 = DIRECTION('',(1.,0.,0.));
#2157 = PLANE('',#2158);
#2158 = AXIS2_PLACEMENT_3D('',#2159,#2160,#2161);
#2159 = CARTESIAN_POINT('',(-0.15,0.135,1.5E-02));
#2160 = DIRECTION('',(0.,1.,0.));
#2161 = DIRECTION('',(0.,-0.,1.));
#2162 = ADVANCED_FACE('',(#2163),#2182,.T.);
#2163 = FACE_BOUND('',#2164,.T.);
#2164 = EDGE_LOOP('',(#2165,#2166,#2174,#2181));
#2165 = ORIENTED_EDGE('',*,*,#2021,.T.);
#2166 = ORIENTED_EDGE('',*,*,#2167,.T.);
#2167 = EDGE_CURVE('',#2014,#2168,#2170,.T.);
#2168 = VERTEX_POINT('',#2169);
#2169 = CARTESIAN_POINT('',(0.15,0.12,0.285));
#2170 = LINE('',#2171,#2172);
#2171 = CARTESIAN_POINT('',(-0.15,0.12,0.285));
#2172 = VECTOR('',#2173,1.);
#2173 = DIRECTION('',(1.,0.,0.));
#2174 = ORIENTED_EDGE('',*,*,#2175,.F.);
#2175 = EDGE_CURVE('',#2143,#2168,#2176,.T.);
#2176 = CIRCLE('',#2177,1.5E-02);
#2177 = AXIS2_PLACEMENT_3D('',#2178,#2179,#2180);
#2178 = CARTESIAN_POINT('',(0.15,0.12,0.27));
#2179 = DIRECTION('',(1.,0.,-0.));
#2180 = DIRECTION('',(0.,0.,1.));
#2181 = ORIENTED_EDGE('',*,*,#2152,.F.);
#2182 = CYLINDRICAL_SURFACE('',#2183,1.5E-02);
#2183 = AXIS2_PLACEMENT_3D('',#2184,#2185,#2186);
#2184 = CARTESIAN_POINT('',(-0.15,0.12,0.27));
#2185 = DIRECTION('',(1.,0.,0.));
#2186 = DIRECTION('',(-0.,1.,0.));
#2187 = ADVANCED_FACE('',(#2188),#2206,.T.);
#2188 = FACE_BOUND('',#2189,.T.);
#2189 = EDGE_LOOP('',(#2190,#2191,#2199,#2205));
#2190 = ORIENTED_EDGE('',*,*,#2013,.F.);
#2191 = ORIENTED_EDGE('',*,*,#2192,.T.);
#2192 = EDGE_CURVE('',#2005,#2193,#2195,.T.);
#2193 = VERTEX_POINT('',#2194);
#2194 = CARTESIAN_POINT('',(0.15,-0.12,0.285));
#2195 = LINE('',#2196,#2197);
#2196 = CARTESIAN_POINT('',(-0.15,-0.12,0.285));
#2197 = VECTOR('',#2198,1.);
#2198 = DIRECTION('',(1.,0.,0.));
#2199 = ORIENTED_EDGE('',*,*,#2200,.T.);
#2200 = EDGE_CURVE('',#2193,#2168,#2201,.T.);
#2201 = LINE('',#2202,#2203);
#2202 = CARTESIAN_POINT('',(0.15,-0.135,0.285));
#2203 = VECTOR('',#2204,1.);
#2204 = DIRECTION('',(0.,1.,0.));
#2205 = ORIENTED_EDGE('',*,*,#2167,.F.);
#2206 = PLANE('',#2207);
#2207 = AXIS2_PLACEMENT_3D('',#2208,#2209,#2210);
#2208 = CARTESIAN_POINT('',(-0.15,-0.135,0.285));
#2209 = DIRECTION('',(0.,0.,1.));
#2210 = DIRECTION('',(1.,0.,-0.));
#2211 = ADVANCED_FACE('',(#2212),#2231,.T.);
#2212 = FACE_BOUND('',#2213,.T.);
#2213 = EDGE_LOOP('',(#2214,#2222,#2229,#2230));
#2214 = ORIENTED_EDGE('',*,*,#2215,.T.);
#2215 = EDGE_CURVE('',#1997,#2216,#2218,.T.);
#2216 = VERTEX_POINT('',#2217);
#2217 = CARTESIAN_POINT('',(0.15,-0.135,0.27));
#2218 = LINE('',#2219,#2220);
#2219 = CARTESIAN_POINT('',(-0.15,-0.135,0.27));
#2220 = VECTOR('',#2221,1.);
#2221 = DIRECTION('',(1.,0.,0.));
#2222 = ORIENTED_EDGE('',*,*,#2223,.T.);
#2223 = EDGE_CURVE('',#2216,#2193,#2224,.T.);
#2224 = CIRCLE('',#2225,1.5E-02);
#2225 = AXIS2_PLACEMENT_3D('',#2226,#2227,#2228);
#2226 = CARTESIAN_POINT('',(0.15,-0.12,0.27));
#2227 = DIRECTION('',(-1.,0.,0.));
#2228 = DIRECTION('',(0.,0.,1.));
#2229 = ORIENTED_EDGE('',*,*,#2192,.F.);
#2230 = ORIENTED_EDGE('',*,*,#2004,.F.);
#2231 = CYLINDRICAL_SURFACE('',#2232,1.5E-02);
#2232 = AXIS2_PLACEMENT_3D('',#2233,#2234,#2235);
#2233 = CARTESIAN_POINT('',(-0.15,-0.12,0.27));
#2234 = DIRECTION('',(1.,0.,0.));
#2235 = DIRECTION('',(0.,-1.,0.));
#2236 = ADVANCED_FACE('',(#2237),#2248,.F.);
#2237 = FACE_BOUND('',#2238,.F.);
#2238 = EDGE_LOOP('',(#2239,#2245,#2246,#2247));
#2239 = ORIENTED_EDGE('',*,*,#2240,.F.);
#2240 = EDGE_CURVE('',#2071,#2216,#2241,.T.);
#2241 = LINE('',#2242,#2243);
#2242 = CARTESIAN_POINT('',(0.15,-0.135,1.5E-02));
#2243 = VECTOR('',#2244,1.);
#2244 = DIRECTION('',(0.,0.,1.));
#2245 = ORIENTED_EDGE('',*,*,#2079,.F.);
#2246 = ORIENTED_EDGE('',*,*,#1996,.T.);
#2247 = ORIENTED_EDGE('',*,*,#2215,.T.);
#2248 = PLANE('',#2249);
#2249 = AXIS2_PLACEMENT_3D('',#2250,#2251,#2252);
#2250 = CARTESIAN_POINT('',(-0.15,-0.135,1.5E-02));
#2251 = DIRECTION('',(0.,1.,0.));
#2252 = DIRECTION('',(0.,-0.,1.));
#2253 = ADVANCED_FACE('',(#2254,#2324),#2334,.F.);
#2254 = FACE_BOUND('',#2255,.F.);
#2255 = EDGE_LOOP('',(#2256,#2266,#2275,#2283,#2292,#2300,#2309,#2317));
#2256 = ORIENTED_EDGE('',*,*,#2257,.F.);
#2257 = EDGE_CURVE('',#2258,#2260,#2262,.T.);
#2258 = VERTEX_POINT('',#2259);
#2259 = CARTESIAN_POINT('',(0.15,-0.15,1.5E-02));
#2260 = VERTEX_POINT('',#2261);
#2261 = CARTESIAN_POINT('',(0.15,-0.15,0.285));
#2262 = LINE('',#2263,#2264);
#2263 = CARTESIAN_POINT('',(0.15,-0.15,0.));
#2264 = VECTOR('',#2265,1.);
#2265 = DIRECTION('',(0.,0.,1.));
#2266 = ORIENTED_EDGE('',*,*,#2267,.T.);
#2267 = EDGE_CURVE('',#2258,#2268,#2270,.T.);
#2268 = VERTEX_POINT('',#2269);
#2269 = CARTESIAN_POINT('',(0.15,-0.135,-2.775557561563E-17));
#2270 = CIRCLE('',#2271,1.5E-02);
#2271 = AXIS2_PLACEMENT_3D('',#2272,#2273,#2274);
#2272 = CARTESIAN_POINT('',(0.15,-0.135,1.5E-02));
#2273 = DIRECTION('',(1.,0.,-0.));
#2274 = DIRECTION('',(0.,0.,1.));
#2275 = ORIENTED_EDGE('',*,*,#2276,.T.);
#2276 = EDGE_CURVE('',#2268,#2277,#2279,.T.);
#2277 = VERTEX_POINT('',#2278);
#2278 = CARTESIAN_POINT('',(0.15,0.135,-2.775557561563E-17));
#2279 = LINE('',#2280,#2281);
#2280 = CARTESIAN_POINT('',(0.15,-0.15,0.));
#2281 = VECTOR('',#2282,1.);
#2282 = DIRECTION('',(0.,1.,0.));
#2283 = ORIENTED_EDGE('',*,*,#2284,.F.);
#2284 = EDGE_CURVE('',#2285,#2277,#2287,.T.);
#2285 = VERTEX_POINT('',#2286);
#2286 = CARTESIAN_POINT('',(0.15,0.15,1.5E-02));
#2287 = CIRCLE('',#2288,1.5E-02);
#2288 = AXIS2_PLACEMENT_3D('',#2289,#2290,#2291);
#2289 = CARTESIAN_POINT('',(0.15,0.135,1.5E-02));
#2290 = DIRECTION('',(-1.,0.,0.));
#2291 = DIRECTION('',(0.,0.,1.));
#2292 = ORIENTED_EDGE('',*,*,#2293,.T.);
#2293 = EDGE_CURVE('',#2285,#2294,#2296,.T.);
#2294 = VERTEX_POINT('',#2295);
#2295 = CARTESIAN_POINT('',(0.15,0.15,0.285));
#2296 = LINE('',#2297,#2298);
#2297 = CARTESIAN_POINT('',(0.15,0.15,0.));
#2298 = VECTOR('',#2299,1.);
#2299 = DIRECTION('',(0.,0.,1.));
#2300 = ORIENTED_EDGE('',*,*,#2301,.T.);
#2301 = EDGE_CURVE('',#2294,#2302,#2304,.T.);
#2302 = VERTEX_POINT('',#2303);
#2303 = CARTESIAN_POINT('',(0.15,0.135,0.3));
#2304 = CIRCLE('',#2305,1.5E-02);
#2305 = AXIS2_PLACEMENT_3D('',#2306,#2307,#2308);
#2306 = CARTESIAN_POINT('',(0.15,0.135,0.285));
#2307 = DIRECTION('',(1.,0.,-0.));
#2308 = DIRECTION('',(0.,0.,1.));
#2309 = ORIENTED_EDGE('',*,*,#2310,.F.);
#2310 = EDGE_CURVE('',#2311,#2302,#2313,.T.);
#2311 = VERTEX_POINT('',#2312);
#2312 = CARTESIAN_POINT('',(0.15,-0.135,0.3));
#2313 = LINE('',#2314,#2315);
#2314 = CARTESIAN_POINT('',(0.15,-0.15,0.3));
#2315 = VECTOR('',#2316,1.);
#2316 = DIRECTION('',(0.,1.,0.));
#2317 = ORIENTED_EDGE('',*,*,#2318,.F.);
#2318 = EDGE_CURVE('',#2260,#2311,#2319,.T.);
#2319 = CIRCLE('',#2320,1.5E-02);
#2320 = AXIS2_PLACEMENT_3D('',#2321,#2322,#2323);
#2321 = CARTESIAN_POINT('',(0.15,-0.135,0.285));
#2322 = DIRECTION('',(-1.,0.,0.));
#2323 = DIRECTION('',(0.,0.,1.));
#2324 = FACE_BOUND('',#2325,.F.);
#2325 = EDGE_LOOP('',(#2326,#2327,#2328,#2329,#2330,#2331,#2332,#2333));
#2326 = ORIENTED_EDGE('',*,*,#2070,.F.);
#2327 = ORIENTED_EDGE('',*,*,#2240,.T.);
#2328 = ORIENTED_EDGE('',*,*,#2223,.T.);
#2329 = ORIENTED_EDGE('',*,*,#2200,.T.);
#2330 = ORIENTED_EDGE('',*,*,#2175,.F.);
#2331 = ORIENTED_EDGE('',*,*,#2142,.F.);
#2332 = ORIENTED_EDGE('',*,*,#2125,.T.);
#2333 = ORIENTED_EDGE('',*,*,#2095,.F.);
#2334 = PLANE('',#2335);
#2335 = AXIS2_PLACEMENT_3D('',#2336,#2337,#2338);
#2336 = CARTESIAN_POINT('',(0.15,-0.15,0.));
#2337 = DIRECTION('',(1.,0.,0.));
#2338 = DIRECTION('',(0.,0.,1.));
#2339 = ADVANCED_FACE('',(#2340),#2365,.F.);
#2340 = FACE_BOUND('',#2341,.F.);
#2341 = EDGE_LOOP('',(#2342,#2352,#2358,#2359));
#2342 = ORIENTED_EDGE('',*,*,#2343,.F.);
#2343 = EDGE_CURVE('',#2344,#2346,#2348,.T.);
#2344 = VERTEX_POINT('',#2345);
#2345 = CARTESIAN_POINT('',(0.3,-0.15,1.5E-02));
#2346 = VERTEX_POINT('',#2347);
#2347 = CARTESIAN_POINT('',(0.3,-0.15,0.285));
#2348 = LINE('',#2349,#2350);
#2349 = CARTESIAN_POINT('',(0.3,-0.15,0.));
#2350 = VECTOR('',#2351,1.);
#2351 = DIRECTION('',(0.,0.,1.));
#2352 = ORIENTED_EDGE('',*,*,#2353,.F.);
#2353 = EDGE_CURVE('',#2258,#2344,#2354,.T.);
#2354 = LINE('',#2355,#2356);
#2355 = CARTESIAN_POINT('',(0.15,-0.15,1.5E-02));
#2356 = VECTOR('',#2357,1.);
#2357 = DIRECTION('',(1.,0.,0.));
#2358 = ORIENTED_EDGE('',*,*,#2257,.T.);
#2359 = ORIENTED_EDGE('',*,*,#2360,.T.);
#2360 = EDGE_CURVE('',#2260,#2346,#2361,.T.);
#2361 = LINE('',#2362,#2363);
#2362 = CARTESIAN_POINT('',(0.15,-0.15,0.285));
#2363 = VECTOR('',#2364,1.);
#2364 = DIRECTION('',(1.,0.,0.));
#2365 = PLANE('',#2366);
#2366 = AXIS2_PLACEMENT_3D('',#2367,#2368,#2369);
#2367 = CARTESIAN_POINT('',(0.15,-0.15,0.));
#2368 = DIRECTION('',(0.,1.,0.));
#2369 = DIRECTION('',(0.,-0.,1.));
#2370 = ADVANCED_FACE('',(#2371),#2390,.T.);
#2371 = FACE_BOUND('',#2372,.T.);
#2372 = EDGE_LOOP('',(#2373,#2374,#2382,#2389));
#2373 = ORIENTED_EDGE('',*,*,#2267,.T.);
#2374 = ORIENTED_EDGE('',*,*,#2375,.T.);
#2375 = EDGE_CURVE('',#2268,#2376,#2378,.T.);
#2376 = VERTEX_POINT('',#2377);
#2377 = CARTESIAN_POINT('',(0.3,-0.135,-2.775557561563E-17));
#2378 = LINE('',#2379,#2380);
#2379 = CARTESIAN_POINT('',(0.15,-0.135,-2.775557561563E-17));
#2380 = VECTOR('',#2381,1.);
#2381 = DIRECTION('',(1.,0.,0.));
#2382 = ORIENTED_EDGE('',*,*,#2383,.F.);
#2383 = EDGE_CURVE('',#2344,#2376,#2384,.T.);
#2384 = CIRCLE('',#2385,1.5E-02);
#2385 = AXIS2_PLACEMENT_3D('',#2386,#2387,#2388);
#2386 = CARTESIAN_POINT('',(0.3,-0.135,1.5E-02));
#2387 = DIRECTION('',(1.,0.,-0.));
#2388 = DIRECTION('',(0.,0.,1.));
#2389 = ORIENTED_EDGE('',*,*,#2353,.F.);
#2390 = CYLINDRICAL_SURFACE('',#2391,1.5E-02);
#2391 = AXIS2_PLACEMENT_3D('',#2392,#2393,#2394);
#2392 = CARTESIAN_POINT('',(0.15,-0.135,1.5E-02));
#2393 = DIRECTION('',(1.,0.,0.));
#2394 = DIRECTION('',(0.,-1.,0.));
#2395 = ADVANCED_FACE('',(#2396),#2415,.T.);
#2396 = FACE_BOUND('',#2397,.T.);
#2397 = EDGE_LOOP('',(#2398,#2399,#2408,#2414));
#2398 = ORIENTED_EDGE('',*,*,#2360,.T.);
#2399 = ORIENTED_EDGE('',*,*,#2400,.T.);
#2400 = EDGE_CURVE('',#2346,#2401,#2403,.T.);
#2401 = VERTEX_POINT('',#2402);
#2402 = CARTESIAN_POINT('',(0.3,-0.135,0.3));
#2403 = CIRCLE('',#2404,1.5E-02);
#2404 = AXIS2_PLACEMENT_3D('',#2405,#2406,#2407);
#2405 = CARTESIAN_POINT('',(0.3,-0.135,0.285));
#2406 = DIRECTION('',(-1.,0.,0.));
#2407 = DIRECTION('',(0.,0.,1.));
#2408 = ORIENTED_EDGE('',*,*,#2409,.F.);
#2409 = EDGE_CURVE('',#2311,#2401,#2410,.T.);
#2410 = LINE('',#2411,#2412);
#2411 = CARTESIAN_POINT('',(0.15,-0.135,0.3));
#2412 = VECTOR('',#2413,1.);
#2413 = DIRECTION('',(1.,0.,0.));
#2414 = ORIENTED_EDGE('',*,*,#2318,.F.);
#2415 = CYLINDRICAL_SURFACE('',#2416,1.5E-02);
#2416 = AXIS2_PLACEMENT_3D('',#2417,#2418,#2419);
#2417 = CARTESIAN_POINT('',(0.15,-0.135,0.285));
#2418 = DIRECTION('',(1.,0.,0.));
#2419 = DIRECTION('',(0.,-1.,0.));
#2420 = ADVANCED_FACE('',(#2421),#2439,.F.);
#2421 = FACE_BOUND('',#2422,.F.);
#2422 = EDGE_LOOP('',(#2423,#2424,#2425,#2433));
#2423 = ORIENTED_EDGE('',*,*,#2276,.F.);
#2424 = ORIENTED_EDGE('',*,*,#2375,.T.);
#2425 = ORIENTED_EDGE('',*,*,#2426,.T.);
#2426 = EDGE_CURVE('',#2376,#2427,#2429,.T.);
#2427 = VERTEX_POINT('',#2428);
#2428 = CARTESIAN_POINT('',(0.3,0.135,-2.775557561563E-17));
#2429 = LINE('',#2430,#2431);
#2430 = CARTESIAN_POINT('',(0.3,-0.15,0.));
#2431 = VECTOR('',#2432,1.);
#2432 = DIRECTION('',(0.,1.,0.));
#2433 = ORIENTED_EDGE('',*,*,#2434,.F.);
#2434 = EDGE_CURVE('',#2277,#2427,#2435,.T.);
#2435 = LINE('',#2436,#2437);
#2436 = CARTESIAN_POINT('',(0.15,0.135,-2.775557561563E-17));
#2437 = VECTOR('',#2438,1.);
#2438 = DIRECTION('',(1.,0.,0.));
#2439 = PLANE('',#2440);
#2440 = AXIS2_PLACEMENT_3D('',#2441,#2442,#2443);
#2441 = CARTESIAN_POINT('',(0.15,-0.15,0.));
#2442 = DIRECTION('',(0.,0.,1.));
#2443 = DIRECTION('',(1.,0.,-0.));
#2444 = ADVANCED_FACE('',(#2445),#2463,.T.);
#2445 = FACE_BOUND('',#2446,.T.);
#2446 = EDGE_LOOP('',(#2447,#2448,#2449,#2457));
#2447 = ORIENTED_EDGE('',*,*,#2310,.F.);
#2448 = ORIENTED_EDGE('',*,*,#2409,.T.);
#2449 = ORIENTED_EDGE('',*,*,#2450,.T.);
#2450 = EDGE_CURVE('',#2401,#2451,#2453,.T.);
#2451 = VERTEX_POINT('',#2452);
#2452 = CARTESIAN_POINT('',(0.3,0.135,0.3));
#2453 = LINE('',#2454,#2455);
#2454 = CARTESIAN_POINT('',(0.3,-0.15,0.3));
#2455 = VECTOR('',#2456,1.);
#2456 = DIRECTION('',(0.,1.,0.));
#2457 = ORIENTED_EDGE('',*,*,#2458,.F.);
#2458 = EDGE_CURVE('',#2302,#2451,#2459,.T.);
#2459 = LINE('',#2460,#2461);
#2460 = CARTESIAN_POINT('',(0.15,0.135,0.3));
#2461 = VECTOR('',#2462,1.);
#2462 = DIRECTION('',(1.,0.,0.));
#2463 = PLANE('',#2464);
#2464 = AXIS2_PLACEMENT_3D('',#2465,#2466,#2467);
#2465 = CARTESIAN_POINT('',(0.15,-0.15,0.3));
#2466 = DIRECTION('',(0.,0.,1.));
#2467 = DIRECTION('',(1.,0.,-0.));
#2468 = ADVANCED_FACE('',(#2469),#2488,.T.);
#2469 = FACE_BOUND('',#2470,.T.);
#2470 = EDGE_LOOP('',(#2471,#2479,#2486,#2487));
#2471 = ORIENTED_EDGE('',*,*,#2472,.T.);
#2472 = EDGE_CURVE('',#2285,#2473,#2475,.T.);
#2473 = VERTEX_POINT('',#2474);
#2474 = CARTESIAN_POINT('',(0.3,0.15,1.5E-02));
#2475 = LINE('',#2476,#2477);
#2476 = CARTESIAN_POINT('',(0.15,0.15,1.5E-02));
#2477 = VECTOR('',#2478,1.);
#2478 = DIRECTION('',(1.,0.,0.));
#2479 = ORIENTED_EDGE('',*,*,#2480,.T.);
#2480 = EDGE_CURVE('',#2473,#2427,#2481,.T.);
#2481 = CIRCLE('',#2482,1.5E-02);
#2482 = AXIS2_PLACEMENT_3D('',#2483,#2484,#2485);
#2483 = CARTESIAN_POINT('',(0.3,0.135,1.5E-02));
#2484 = DIRECTION('',(-1.,0.,0.));
#2485 = DIRECTION('',(0.,0.,1.));
#2486 = ORIENTED_EDGE('',*,*,#2434,.F.);
#2487 = ORIENTED_EDGE('',*,*,#2284,.F.);
#2488 = CYLINDRICAL_SURFACE('',#2489,1.5E-02);
#2489 = AXIS2_PLACEMENT_3D('',#2490,#2491,#2492);
#2490 = CARTESIAN_POINT('',(0.15,0.135,1.5E-02));
#2491 = DIRECTION('',(1.,0.,0.));
#2492 = DIRECTION('',(-0.,1.,0.));
#2493 = ADVANCED_FACE('',(#2494),#2513,.T.);
#2494 = FACE_BOUND('',#2495,.T.);
#2495 = EDGE_LOOP('',(#2496,#2497,#2498,#2507));
#2496 = ORIENTED_EDGE('',*,*,#2301,.T.);
#2497 = ORIENTED_EDGE('',*,*,#2458,.T.);
#2498 = ORIENTED_EDGE('',*,*,#2499,.F.);
#2499 = EDGE_CURVE('',#2500,#2451,#2502,.T.);
#2500 = VERTEX_POINT('',#2501);
#2501 = CARTESIAN_POINT('',(0.3,0.15,0.285));
#2502 = CIRCLE('',#2503,1.5E-02);
#2503 = AXIS2_PLACEMENT_3D('',#2504,#2505,#2506);
#2504 = CARTESIAN_POINT('',(0.3,0.135,0.285));
#2505 = DIRECTION('',(1.,0.,-0.));
#2506 = DIRECTION('',(0.,0.,1.));
#2507 = ORIENTED_EDGE('',*,*,#2508,.F.);
#2508 = EDGE_CURVE('',#2294,#2500,#2509,.T.);
#2509 = LINE('',#2510,#2511);
#2510 = CARTESIAN_POINT('',(0.15,0.15,0.285));
#2511 = VECTOR('',#2512,1.);
#2512 = DIRECTION('',(1.,0.,0.));
#2513 = CYLINDRICAL_SURFACE('',#2514,1.5E-02);
#2514 = AXIS2_PLACEMENT_3D('',#2515,#2516,#2517);
#2515 = CARTESIAN_POINT('',(0.15,0.135,0.285));
#2516 = DIRECTION('',(1.,0.,0.));
#2517 = DIRECTION('',(-0.,1.,0.));
#2518 = ADVANCED_FACE('',(#2519),#2530,.T.);
#2519 = FACE_BOUND('',#2520,.T.);
#2520 = EDGE_LOOP('',(#2521,#2527,#2528,#2529));
#2521 = ORIENTED_EDGE('',*,*,#2522,.F.);
#2522 = EDGE_CURVE('',#2473,#2500,#2523,.T.);
#2523 = LINE('',#2524,#2525);
#2524 = CARTESIAN_POINT('',(0.3,0.15,0.));
#2525 = VECTOR('',#2526,1.);
#2526 = DIRECTION('',(0.,0.,1.));
#2527 = ORIENTED_EDGE('',*,*,#2472,.F.);
#2528 = ORIENTED_EDGE('',*,*,#2293,.T.);
#2529 = ORIENTED_EDGE('',*,*,#2508,.T.);
#2530 = PLANE('',#2531);
#2531 = AXIS2_PLACEMENT_3D('',#2532,#2533,#2534);
#2532 = CARTESIAN_POINT('',(0.15,0.15,0.));
#2533 = DIRECTION('',(0.,1.,0.));
#2534 = DIRECTION('',(0.,-0.,1.));
#2535 = ADVANCED_FACE('',(#2536),#2546,.T.);
#2536 = FACE_BOUND('',#2537,.T.);
#2537 = EDGE_LOOP('',(#2538,#2539,#2540,#2541,#2542,#2543,#2544,#2545));
#2538 = ORIENTED_EDGE('',*,*,#2343,.F.);
#2539 = ORIENTED_EDGE('',*,*,#2383,.T.);
#2540 = ORIENTED_EDGE('',*,*,#2426,.T.);
#2541 = ORIENTED_EDGE('',*,*,#2480,.F.);
#2542 = ORIENTED_EDGE('',*,*,#2522,.T.);
#2543 = ORIENTED_EDGE('',*,*,#2499,.T.);
#2544 = ORIENTED_EDGE('',*,*,#2450,.F.);
#2545 = ORIENTED_EDGE('',*,*,#2400,.F.);
#2546 = PLANE('',#2547);
#2547 = AXIS2_PLACEMENT_3D('',#2548,#2549,#2550);
#2548 = CARTESIAN_POINT('',(0.3,-0.15,0.));
#2549 = DIRECTION('',(1.,0.,0.));
#2550 = DIRECTION('',(0.,0.,1.));
#2551 = ( GEOMETRIC_REPRESENTATION_CONTEXT(3) 
GLOBAL_UNCERTAINTY_ASSIGNED_CONTEXT((#2555)) 
GLOBAL_UNIT_ASSIGNED_CONTEXT((#2552,#2553,#2554)) REPRESENTATION_CONTEXT
('Context #1','3D Context with UNIT and UNCERTAINTY') );
#2552 = ( LENGTH_UNIT() NAMED_UNIT(*) SI_UNIT(.MILLI.,.METRE.) );
#2553 = ( NAMED_UNIT(*) PLANE_ANGLE_UNIT() SI_UNIT($,.RADIAN.) );
#2554 = ( NAMED_UNIT(*) SI_UNIT($,.STERADIAN.) SOLID_ANGLE_UNIT() );
#2555 = UNCERTAINTY_MEASURE_WITH_UNIT(LENGTH_MEASURE(1.E-07),#2552,
  'distance_accuracy_value','confusion accuracy');
#2556 = CONTEXT_DEPENDENT_SHAPE_REPRESENTATION(#2557,#2559);
#2557 = ( REPRESENTATION_RELATIONSHIP('','',#1696,#1673) 
REPRESENTATION_RELATIONSHIP_WITH_TRANSFORMATION(#2558) 
SHAPE_REPRESENTATION_RELATIONSHIP() );
#2558 = ITEM_DEFINED_TRANSFORMATION('','',#11,#1674);
#2559 = PRODUCT_DEFINITION_SHAPE('Placement','Placement of an item',
  #2560);
#2560 = NEXT_ASSEMBLY_USAGE_OCCURRENCE('3','=>[0:1:1:5]','',#1668,#1691,
  $);
#2561 = PRODUCT_RELATED_PRODUCT_CATEGORY('part',$,(#1693));
#2562 = SHAPE_DEFINITION_REPRESENTATION(#2563,#2569);
#2563 = PRODUCT_DEFINITION_SHAPE('','',#2564);
#2564 = PRODUCT_DEFINITION('design','',#2565,#2568);
#2565 = PRODUCT_DEFINITION_FORMATION('','',#2566);
#2566 = PRODUCT('R_0201_0603Metric','R_0201_0603Metric','',(#2567));
#2567 = PRODUCT_CONTEXT('',#2,'mechanical');
#2568 = PRODUCT_DEFINITION_CONTEXT('part definition',#2,'design');
#2569 = SHAPE_REPRESENTATION('',(#11,#2570),#2574);
#2570 = AXIS2_PLACEMENT_3D('',#2571,#2572,#2573);
#2571 = CARTESIAN_POINT('',(0.,0.,0.));
#2572 = DIRECTION('',(0.,0.,1.));
#2573 = DIRECTION('',(1.,0.,-0.));
#2574 = ( GEOMETRIC_REPRESENTATION_CONTEXT(3) 
GLOBAL_UNCERTAINTY_ASSIGNED_CONTEXT((#2578)) 
GLOBAL_UNIT_ASSIGNED_CONTEXT((#2575,#2576,#2577)) REPRESENTATION_CONTEXT
('Context #1','3D Context with UNIT and UNCERTAINTY') );
#2575 = ( LENGTH_UNIT() NAMED_UNIT(*) SI_UNIT(.MILLI.,.METRE.) );
#2576 = ( NAMED_UNIT(*) PLANE_ANGLE_UNIT() SI_UNIT($,.RADIAN.) );
#2577 = ( NAMED_UNIT(*) SI_UNIT($,.STERADIAN.) SOLID_ANGLE_UNIT() );
#2578 = UNCERTAINTY_MEASURE_WITH_UNIT(LENGTH_MEASURE(1.E-07),#2575,
  'distance_accuracy_value','confusion accuracy');
#2579 = CONTEXT_DEPENDENT_SHAPE_REPRESENTATION(#2580,#2582);
#2580 = ( REPRESENTATION_RELATIONSHIP('','',#2569,#10) 
REPRESENTATION_RELATIONSHIP_WITH_TRANSFORMATION(#2581) 
SHAPE_REPRESENTATION_RELATIONSHIP() );
#2581 = ITEM_DEFINED_TRANSFORMATION('','',#11,#23);
#2582 = PRODUCT_DEFINITION_SHAPE('Placement','Placement of an item',
  #2583);
#2583 = NEXT_ASSEMBLY_USAGE_OCCURRENCE('6','R6','',#5,#2564,$);
#2584 = PRODUCT_RELATED_PRODUCT_CATEGORY('part',$,(#2566));
#2585 = SHAPE_DEFINITION_REPRESENTATION(#2586,#2592);
#2586 = PRODUCT_DEFINITION_SHAPE('','',#2587);
#2587 = PRODUCT_DEFINITION('design','',#2588,#2591);
#2588 = PRODUCT_DEFINITION_FORMATION('','',#2589);
#2589 = PRODUCT('R_0201_0603Metric','R_0201_0603Metric','',(#2590));
#2590 = PRODUCT_CONTEXT('',#2,'mechanical');
#2591 = PRODUCT_DEFINITION_CONTEXT('part definition',#2,'design');
#2592 = ADVANCED_BREP_SHAPE_REPRESENTATION('',(#11,#2593),#3383);
#2593 = MANIFOLD_SOLID_BREP('',#2594);
#2594 = CLOSED_SHELL('',(#2595,#2635,#2718,#2743,#2768,#2835,#2852,#2869
    ,#2918,#2935,#2952,#3001,#3018,#3087,#3118,#3142,#3211,#3235,#3252,
    #3269,#3286,#3303,#3320,#3337,#3354,#3371));
#2595 = ADVANCED_FACE('',(#2596),#2630,.F.);
#2596 = FACE_BOUND('',#2597,.F.);
#2597 = EDGE_LOOP('',(#2598,#2608,#2616,#2624));
#2598 = ORIENTED_EDGE('',*,*,#2599,.F.);
#2599 = EDGE_CURVE('',#2600,#2602,#2604,.T.);
#2600 = VERTEX_POINT('',#2601);
#2601 = CARTESIAN_POINT('',(-0.3,-0.15,2.3E-02));
#2602 = VERTEX_POINT('',#2603);
#2603 = CARTESIAN_POINT('',(-0.3,-0.15,0.207));
#2604 = LINE('',#2605,#2606);
#2605 = CARTESIAN_POINT('',(-0.3,-0.15,0.));
#2606 = VECTOR('',#2607,1.);
#2607 = DIRECTION('',(0.,0.,1.));
#2608 = ORIENTED_EDGE('',*,*,#2609,.T.);
#2609 = EDGE_CURVE('',#2600,#2610,#2612,.T.);
#2610 = VERTEX_POINT('',#2611);
#2611 = CARTESIAN_POINT('',(-0.3,0.15,2.3E-02));
#2612 = LINE('',#2613,#2614);
#2613 = CARTESIAN_POINT('',(-0.3,-0.15,2.3E-02));
#2614 = VECTOR('',#2615,1.);
#2615 = DIRECTION('',(0.,1.,0.));
#2616 = ORIENTED_EDGE('',*,*,#2617,.T.);
#2617 = EDGE_CURVE('',#2610,#2618,#2620,.T.);
#2618 = VERTEX_POINT('',#2619);
#2619 = CARTESIAN_POINT('',(-0.3,0.15,0.207));
#2620 = LINE('',#2621,#2622);
#2621 = CARTESIAN_POINT('',(-0.3,0.15,0.));
#2622 = VECTOR('',#2623,1.);
#2623 = DIRECTION('',(0.,0.,1.));
#2624 = ORIENTED_EDGE('',*,*,#2625,.F.);
#2625 = EDGE_CURVE('',#2602,#2618,#2626,.T.);
#2626 = LINE('',#2627,#2628);
#2627 = CARTESIAN_POINT('',(-0.3,-0.15,0.207));
#2628 = VECTOR('',#2629,1.);
#2629 = DIRECTION('',(0.,1.,0.));
#2630 = PLANE('',#2631);
#2631 = AXIS2_PLACEMENT_3D('',#2632,#2633,#2634);
#2632 = CARTESIAN_POINT('',(-0.3,-0.15,0.));
#2633 = DIRECTION('',(1.,0.,0.));
#2634 = DIRECTION('',(0.,0.,1.));
#2635 = ADVANCED_FACE('',(#2636),#2713,.F.);
#2636 = FACE_BOUND('',#2637,.F.);
#2637 = EDGE_LOOP('',(#2638,#2648,#2655,#2656,#2665,#2673,#2682,#2690,
    #2698,#2706));
#2638 = ORIENTED_EDGE('',*,*,#2639,.F.);
#2639 = EDGE_CURVE('',#2640,#2642,#2644,.T.);
#2640 = VERTEX_POINT('',#2641);
#2641 = CARTESIAN_POINT('',(-0.277,-0.15,-1.387778780781E-17));
#2642 = VERTEX_POINT('',#2643);
#2643 = CARTESIAN_POINT('',(-0.223,-0.15,-1.387778780781E-17));
#2644 = LINE('',#2645,#2646);
#2645 = CARTESIAN_POINT('',(-0.3,-0.15,0.));
#2646 = VECTOR('',#2647,1.);
#2647 = DIRECTION('',(1.,0.,0.));
#2648 = ORIENTED_EDGE('',*,*,#2649,.F.);
#2649 = EDGE_CURVE('',#2600,#2640,#2650,.T.);
#2650 = CIRCLE('',#2651,2.3E-02);
#2651 = AXIS2_PLACEMENT_3D('',#2652,#2653,#2654);
#2652 = CARTESIAN_POINT('',(-0.277,-0.15,2.3E-02));
#2653 = DIRECTION('',(0.,-1.,0.));
#2654 = DIRECTION('',(0.,0.,1.));
#2655 = ORIENTED_EDGE('',*,*,#2599,.T.);
#2656 = ORIENTED_EDGE('',*,*,#2657,.T.);
#2657 = EDGE_CURVE('',#2602,#2658,#2660,.T.);
#2658 = VERTEX_POINT('',#2659);
#2659 = CARTESIAN_POINT('',(-0.277,-0.15,0.23));
#2660 = CIRCLE('',#2661,2.3E-02);
#2661 = AXIS2_PLACEMENT_3D('',#2662,#2663,#2664);
#2662 = CARTESIAN_POINT('',(-0.277,-0.15,0.207));
#2663 = DIRECTION('',(0.,1.,0.));
#2664 = DIRECTION('',(0.,-0.,1.));
#2665 = ORIENTED_EDGE('',*,*,#2666,.T.);
#2666 = EDGE_CURVE('',#2658,#2667,#2669,.T.);
#2667 = VERTEX_POINT('',#2668);
#2668 = CARTESIAN_POINT('',(-0.223,-0.15,0.23));
#2669 = LINE('',#2670,#2671);
#2670 = CARTESIAN_POINT('',(-0.3,-0.15,0.23));
#2671 = VECTOR('',#2672,1.);
#2672 = DIRECTION('',(1.,0.,0.));
#2673 = ORIENTED_EDGE('',*,*,#2674,.F.);
#2674 = EDGE_CURVE('',#2675,#2667,#2677,.T.);
#2675 = VERTEX_POINT('',#2676);
#2676 = CARTESIAN_POINT('',(-0.2,-0.15,0.207));
#2677 = CIRCLE('',#2678,2.3E-02);
#2678 = AXIS2_PLACEMENT_3D('',#2679,#2680,#2681);
#2679 = CARTESIAN_POINT('',(-0.223,-0.15,0.207));
#2680 = DIRECTION('',(0.,-1.,0.));
#2681 = DIRECTION('',(0.,0.,1.));
#2682 = ORIENTED_EDGE('',*,*,#2683,.F.);
#2683 = EDGE_CURVE('',#2684,#2675,#2686,.T.);
#2684 = VERTEX_POINT('',#2685);
#2685 = CARTESIAN_POINT('',(-0.277,-0.15,0.207));
#2686 = LINE('',#2687,#2688);
#2687 = CARTESIAN_POINT('',(-0.277,-0.15,0.207));
#2688 = VECTOR('',#2689,1.);
#2689 = DIRECTION('',(1.,0.,0.));
#2690 = ORIENTED_EDGE('',*,*,#2691,.F.);
#2691 = EDGE_CURVE('',#2692,#2684,#2694,.T.);
#2692 = VERTEX_POINT('',#2693);
#2693 = CARTESIAN_POINT('',(-0.277,-0.15,2.3E-02));
#2694 = LINE('',#2695,#2696);
#2695 = CARTESIAN_POINT('',(-0.277,-0.15,2.3E-02));
#2696 = VECTOR('',#2697,1.);
#2697 = DIRECTION('',(0.,0.,1.));
#2698 = ORIENTED_EDGE('',*,*,#2699,.T.);
#2699 = EDGE_CURVE('',#2692,#2700,#2702,.T.);
#2700 = VERTEX_POINT('',#2701);
#2701 = CARTESIAN_POINT('',(-0.2,-0.15,2.3E-02));
#2702 = LINE('',#2703,#2704);
#2703 = CARTESIAN_POINT('',(-0.277,-0.15,2.3E-02));
#2704 = VECTOR('',#2705,1.);
#2705 = DIRECTION('',(1.,0.,0.));
#2706 = ORIENTED_EDGE('',*,*,#2707,.T.);
#2707 = EDGE_CURVE('',#2700,#2642,#2708,.T.);
#2708 = CIRCLE('',#2709,2.3E-02);
#2709 = AXIS2_PLACEMENT_3D('',#2710,#2711,#2712);
#2710 = CARTESIAN_POINT('',(-0.223,-0.15,2.3E-02));
#2711 = DIRECTION('',(0.,1.,0.));
#2712 = DIRECTION('',(0.,-0.,1.));
#2713 = PLANE('',#2714);
#2714 = AXIS2_PLACEMENT_3D('',#2715,#2716,#2717);
#2715 = CARTESIAN_POINT('',(-0.3,-0.15,0.));
#2716 = DIRECTION('',(0.,1.,0.));
#2717 = DIRECTION('',(0.,-0.,1.));
#2718 = ADVANCED_FACE('',(#2719),#2738,.T.);
#2719 = FACE_BOUND('',#2720,.T.);
#2720 = EDGE_LOOP('',(#2721,#2722,#2731,#2737));
#2721 = ORIENTED_EDGE('',*,*,#2609,.T.);
#2722 = ORIENTED_EDGE('',*,*,#2723,.T.);
#2723 = EDGE_CURVE('',#2610,#2724,#2726,.T.);
#2724 = VERTEX_POINT('',#2725);
#2725 = CARTESIAN_POINT('',(-0.277,0.15,-1.387778780781E-17));
#2726 = CIRCLE('',#2727,2.3E-02);
#2727 = AXIS2_PLACEMENT_3D('',#2728,#2729,#2730);
#2728 = CARTESIAN_POINT('',(-0.277,0.15,2.3E-02));
#2729 = DIRECTION('',(0.,-1.,0.));
#2730 = DIRECTION('',(0.,0.,1.));
#2731 = ORIENTED_EDGE('',*,*,#2732,.F.);
#2732 = EDGE_CURVE('',#2640,#2724,#2733,.T.);
#2733 = LINE('',#2734,#2735);
#2734 = CARTESIAN_POINT('',(-0.277,-0.15,-1.387778780781E-17));
#2735 = VECTOR('',#2736,1.);
#2736 = DIRECTION('',(0.,1.,0.));
#2737 = ORIENTED_EDGE('',*,*,#2649,.F.);
#2738 = CYLINDRICAL_SURFACE('',#2739,2.3E-02);
#2739 = AXIS2_PLACEMENT_3D('',#2740,#2741,#2742);
#2740 = CARTESIAN_POINT('',(-0.277,-0.15,2.3E-02));
#2741 = DIRECTION('',(0.,1.,0.));
#2742 = DIRECTION('',(-1.,0.,0.));
#2743 = ADVANCED_FACE('',(#2744),#2763,.T.);
#2744 = FACE_BOUND('',#2745,.T.);
#2745 = EDGE_LOOP('',(#2746,#2747,#2755,#2762));
#2746 = ORIENTED_EDGE('',*,*,#2657,.T.);
#2747 = ORIENTED_EDGE('',*,*,#2748,.T.);
#2748 = EDGE_CURVE('',#2658,#2749,#2751,.T.);
#2749 = VERTEX_POINT('',#2750);
#2750 = CARTESIAN_POINT('',(-0.277,0.15,0.23));
#2751 = LINE('',#2752,#2753);
#2752 = CARTESIAN_POINT('',(-0.277,-0.15,0.23));
#2753 = VECTOR('',#2754,1.);
#2754 = DIRECTION('',(0.,1.,0.));
#2755 = ORIENTED_EDGE('',*,*,#2756,.F.);
#2756 = EDGE_CURVE('',#2618,#2749,#2757,.T.);
#2757 = CIRCLE('',#2758,2.3E-02);
#2758 = AXIS2_PLACEMENT_3D('',#2759,#2760,#2761);
#2759 = CARTESIAN_POINT('',(-0.277,0.15,0.207));
#2760 = DIRECTION('',(0.,1.,0.));
#2761 = DIRECTION('',(0.,-0.,1.));
#2762 = ORIENTED_EDGE('',*,*,#2625,.F.);
#2763 = CYLINDRICAL_SURFACE('',#2764,2.3E-02);
#2764 = AXIS2_PLACEMENT_3D('',#2765,#2766,#2767);
#2765 = CARTESIAN_POINT('',(-0.277,-0.15,0.207));
#2766 = DIRECTION('',(0.,1.,0.));
#2767 = DIRECTION('',(-1.,0.,0.));
#2768 = ADVANCED_FACE('',(#2769),#2830,.T.);
#2769 = FACE_BOUND('',#2770,.T.);
#2770 = EDGE_LOOP('',(#2771,#2779,#2780,#2781,#2782,#2790,#2799,#2807,
    #2815,#2823));
#2771 = ORIENTED_EDGE('',*,*,#2772,.F.);
#2772 = EDGE_CURVE('',#2724,#2773,#2775,.T.);
#2773 = VERTEX_POINT('',#2774);
#2774 = CARTESIAN_POINT('',(-0.223,0.15,-1.387778780781E-17));
#2775 = LINE('',#2776,#2777);
#2776 = CARTESIAN_POINT('',(-0.3,0.15,0.));
#2777 = VECTOR('',#2778,1.);
#2778 = DIRECTION('',(1.,0.,0.));
#2779 = ORIENTED_EDGE('',*,*,#2723,.F.);
#2780 = ORIENTED_EDGE('',*,*,#2617,.T.);
#2781 = ORIENTED_EDGE('',*,*,#2756,.T.);
#2782 = ORIENTED_EDGE('',*,*,#2783,.T.);
#2783 = EDGE_CURVE('',#2749,#2784,#2786,.T.);
#2784 = VERTEX_POINT('',#2785);
#2785 = CARTESIAN_POINT('',(-0.223,0.15,0.23));
#2786 = LINE('',#2787,#2788);
#2787 = CARTESIAN_POINT('',(-0.3,0.15,0.23));
#2788 = VECTOR('',#2789,1.);
#2789 = DIRECTION('',(1.,0.,0.));
#2790 = ORIENTED_EDGE('',*,*,#2791,.F.);
#2791 = EDGE_CURVE('',#2792,#2784,#2794,.T.);
#2792 = VERTEX_POINT('',#2793);
#2793 = CARTESIAN_POINT('',(-0.2,0.15,0.207));
#2794 = CIRCLE('',#2795,2.3E-02);
#2795 = AXIS2_PLACEMENT_3D('',#2796,#2797,#2798);
#2796 = CARTESIAN_POINT('',(-0.223,0.15,0.207));
#2797 = DIRECTION('',(0.,-1.,0.));
#2798 = DIRECTION('',(0.,0.,1.));
#2799 = ORIENTED_EDGE('',*,*,#2800,.F.);
#2800 = EDGE_CURVE('',#2801,#2792,#2803,.T.);
#2801 = VERTEX_POINT('',#2802);
#2802 = CARTESIAN_POINT('',(-0.277,0.15,0.207));
#2803 = LINE('',#2804,#2805);
#2804 = CARTESIAN_POINT('',(-0.277,0.15,0.207));
#2805 = VECTOR('',#2806,1.);
#2806 = DIRECTION('',(1.,0.,0.));
#2807 = ORIENTED_EDGE('',*,*,#2808,.F.);
#2808 = EDGE_CURVE('',#2809,#2801,#2811,.T.);
#2809 = VERTEX_POINT('',#2810);
#2810 = CARTESIAN_POINT('',(-0.277,0.15,2.3E-02));
#2811 = LINE('',#2812,#2813);
#2812 = CARTESIAN_POINT('',(-0.277,0.15,2.3E-02));
#2813 = VECTOR('',#2814,1.);
#2814 = DIRECTION('',(0.,0.,1.));
#2815 = ORIENTED_EDGE('',*,*,#2816,.T.);
#2816 = EDGE_CURVE('',#2809,#2817,#2819,.T.);
#2817 = VERTEX_POINT('',#2818);
#2818 = CARTESIAN_POINT('',(-0.2,0.15,2.3E-02));
#2819 = LINE('',#2820,#2821);
#2820 = CARTESIAN_POINT('',(-0.277,0.15,2.3E-02));
#2821 = VECTOR('',#2822,1.);
#2822 = DIRECTION('',(1.,0.,0.));
#2823 = ORIENTED_EDGE('',*,*,#2824,.T.);
#2824 = EDGE_CURVE('',#2817,#2773,#2825,.T.);
#2825 = CIRCLE('',#2826,2.3E-02);
#2826 = AXIS2_PLACEMENT_3D('',#2827,#2828,#2829);
#2827 = CARTESIAN_POINT('',(-0.223,0.15,2.3E-02));
#2828 = DIRECTION('',(0.,1.,0.));
#2829 = DIRECTION('',(0.,-0.,1.));
#2830 = PLANE('',#2831);
#2831 = AXIS2_PLACEMENT_3D('',#2832,#2833,#2834);
#2832 = CARTESIAN_POINT('',(-0.3,0.15,0.));
#2833 = DIRECTION('',(0.,1.,0.));
#2834 = DIRECTION('',(0.,-0.,1.));
#2835 = ADVANCED_FACE('',(#2836),#2847,.F.);
#2836 = FACE_BOUND('',#2837,.F.);
#2837 = EDGE_LOOP('',(#2838,#2839,#2840,#2841));
#2838 = ORIENTED_EDGE('',*,*,#2772,.F.);
#2839 = ORIENTED_EDGE('',*,*,#2732,.F.);
#2840 = ORIENTED_EDGE('',*,*,#2639,.T.);
#2841 = ORIENTED_EDGE('',*,*,#2842,.T.);
#2842 = EDGE_CURVE('',#2642,#2773,#2843,.T.);
#2843 = LINE('',#2844,#2845);
#2844 = CARTESIAN_POINT('',(-0.223,-0.15,-1.387778780781E-17));
#2845 = VECTOR('',#2846,1.);
#2846 = DIRECTION('',(0.,1.,0.));
#2847 = PLANE('',#2848);
#2848 = AXIS2_PLACEMENT_3D('',#2849,#2850,#2851);
#2849 = CARTESIAN_POINT('',(-0.3,-0.15,0.));
#2850 = DIRECTION('',(0.,0.,1.));
#2851 = DIRECTION('',(1.,0.,-0.));
#2852 = ADVANCED_FACE('',(#2853),#2864,.T.);
#2853 = FACE_BOUND('',#2854,.T.);
#2854 = EDGE_LOOP('',(#2855,#2856,#2857,#2858));
#2855 = ORIENTED_EDGE('',*,*,#2707,.T.);
#2856 = ORIENTED_EDGE('',*,*,#2842,.T.);
#2857 = ORIENTED_EDGE('',*,*,#2824,.F.);
#2858 = ORIENTED_EDGE('',*,*,#2859,.F.);
#2859 = EDGE_CURVE('',#2700,#2817,#2860,.T.);
#2860 = LINE('',#2861,#2862);
#2861 = CARTESIAN_POINT('',(-0.2,-0.15,2.3E-02));
#2862 = VECTOR('',#2863,1.);
#2863 = DIRECTION('',(0.,1.,0.));
#2864 = CYLINDRICAL_SURFACE('',#2865,2.3E-02);
#2865 = AXIS2_PLACEMENT_3D('',#2866,#2867,#2868);
#2866 = CARTESIAN_POINT('',(-0.223,-0.15,2.3E-02));
#2867 = DIRECTION('',(0.,1.,0.));
#2868 = DIRECTION('',(1.,0.,0.));
#2869 = ADVANCED_FACE('',(#2870),#2913,.F.);
#2870 = FACE_BOUND('',#2871,.F.);
#2871 = EDGE_LOOP('',(#2872,#2873,#2874,#2875,#2883,#2891,#2899,#2907));
#2872 = ORIENTED_EDGE('',*,*,#2699,.F.);
#2873 = ORIENTED_EDGE('',*,*,#2691,.T.);
#2874 = ORIENTED_EDGE('',*,*,#2683,.T.);
#2875 = ORIENTED_EDGE('',*,*,#2876,.T.);
#2876 = EDGE_CURVE('',#2675,#2877,#2879,.T.);
#2877 = VERTEX_POINT('',#2878);
#2878 = CARTESIAN_POINT('',(0.2,-0.15,0.207));
#2879 = LINE('',#2880,#2881);
#2880 = CARTESIAN_POINT('',(-0.2,-0.15,0.207));
#2881 = VECTOR('',#2882,1.);
#2882 = DIRECTION('',(1.,0.,0.));
#2883 = ORIENTED_EDGE('',*,*,#2884,.T.);
#2884 = EDGE_CURVE('',#2877,#2885,#2887,.T.);
#2885 = VERTEX_POINT('',#2886);
#2886 = CARTESIAN_POINT('',(0.277,-0.15,0.207));
#2887 = LINE('',#2888,#2889);
#2888 = CARTESIAN_POINT('',(-0.277,-0.15,0.207));
#2889 = VECTOR('',#2890,1.);
#2890 = DIRECTION('',(1.,0.,0.));
#2891 = ORIENTED_EDGE('',*,*,#2892,.F.);
#2892 = EDGE_CURVE('',#2893,#2885,#2895,.T.);
#2893 = VERTEX_POINT('',#2894);
#2894 = CARTESIAN_POINT('',(0.277,-0.15,2.3E-02));
#2895 = LINE('',#2896,#2897);
#2896 = CARTESIAN_POINT('',(0.277,-0.15,2.3E-02));
#2897 = VECTOR('',#2898,1.);
#2898 = DIRECTION('',(0.,0.,1.));
#2899 = ORIENTED_EDGE('',*,*,#2900,.F.);
#2900 = EDGE_CURVE('',#2901,#2893,#2903,.T.);
#2901 = VERTEX_POINT('',#2902);
#2902 = CARTESIAN_POINT('',(0.2,-0.15,2.3E-02));
#2903 = LINE('',#2904,#2905);
#2904 = CARTESIAN_POINT('',(-0.277,-0.15,2.3E-02));
#2905 = VECTOR('',#2906,1.);
#2906 = DIRECTION('',(1.,0.,0.));
#2907 = ORIENTED_EDGE('',*,*,#2908,.F.);
#2908 = EDGE_CURVE('',#2700,#2901,#2909,.T.);
#2909 = LINE('',#2910,#2911);
#2910 = CARTESIAN_POINT('',(-0.277,-0.15,2.3E-02));
#2911 = VECTOR('',#2912,1.);
#2912 = DIRECTION('',(1.,0.,0.));
#2913 = PLANE('',#2914);
#2914 = AXIS2_PLACEMENT_3D('',#2915,#2916,#2917);
#2915 = CARTESIAN_POINT('',(-0.277,-0.15,2.3E-02));
#2916 = DIRECTION('',(0.,1.,0.));
#2917 = DIRECTION('',(0.,-0.,1.));
#2918 = ADVANCED_FACE('',(#2919),#2930,.T.);
#2919 = FACE_BOUND('',#2920,.T.);
#2920 = EDGE_LOOP('',(#2921,#2922,#2923,#2924));
#2921 = ORIENTED_EDGE('',*,*,#2783,.F.);
#2922 = ORIENTED_EDGE('',*,*,#2748,.F.);
#2923 = ORIENTED_EDGE('',*,*,#2666,.T.);
#2924 = ORIENTED_EDGE('',*,*,#2925,.T.);
#2925 = EDGE_CURVE('',#2667,#2784,#2926,.T.);
#2926 = LINE('',#2927,#2928);
#2927 = CARTESIAN_POINT('',(-0.223,-0.15,0.23));
#2928 = VECTOR('',#2929,1.);
#2929 = DIRECTION('',(0.,1.,0.));
#2930 = PLANE('',#2931);
#2931 = AXIS2_PLACEMENT_3D('',#2932,#2933,#2934);
#2932 = CARTESIAN_POINT('',(-0.3,-0.15,0.23));
#2933 = DIRECTION('',(0.,0.,1.));
#2934 = DIRECTION('',(1.,0.,-0.));
#2935 = ADVANCED_FACE('',(#2936),#2947,.T.);
#2936 = FACE_BOUND('',#2937,.T.);
#2937 = EDGE_LOOP('',(#2938,#2944,#2945,#2946));
#2938 = ORIENTED_EDGE('',*,*,#2939,.T.);
#2939 = EDGE_CURVE('',#2675,#2792,#2940,.T.);
#2940 = LINE('',#2941,#2942);
#2941 = CARTESIAN_POINT('',(-0.2,-0.15,0.207));
#2942 = VECTOR('',#2943,1.);
#2943 = DIRECTION('',(0.,1.,0.));
#2944 = ORIENTED_EDGE('',*,*,#2791,.T.);
#2945 = ORIENTED_EDGE('',*,*,#2925,.F.);
#2946 = ORIENTED_EDGE('',*,*,#2674,.F.);
#2947 = CYLINDRICAL_SURFACE('',#2948,2.3E-02);
#2948 = AXIS2_PLACEMENT_3D('',#2949,#2950,#2951);
#2949 = CARTESIAN_POINT('',(-0.223,-0.15,0.207));
#2950 = DIRECTION('',(0.,1.,0.));
#2951 = DIRECTION('',(1.,0.,0.));
#2952 = ADVANCED_FACE('',(#2953),#2996,.T.);
#2953 = FACE_BOUND('',#2954,.T.);
#2954 = EDGE_LOOP('',(#2955,#2956,#2957,#2958,#2966,#2974,#2982,#2990));
#2955 = ORIENTED_EDGE('',*,*,#2816,.F.);
#2956 = ORIENTED_EDGE('',*,*,#2808,.T.);
#2957 = ORIENTED_EDGE('',*,*,#2800,.T.);
#2958 = ORIENTED_EDGE('',*,*,#2959,.T.);
#2959 = EDGE_CURVE('',#2792,#2960,#2962,.T.);
#2960 = VERTEX_POINT('',#2961);
#2961 = CARTESIAN_POINT('',(0.2,0.15,0.207));
#2962 = LINE('',#2963,#2964);
#2963 = CARTESIAN_POINT('',(-0.2,0.15,0.207));
#2964 = VECTOR('',#2965,1.);
#2965 = DIRECTION('',(1.,0.,0.));
#2966 = ORIENTED_EDGE('',*,*,#2967,.T.);
#2967 = EDGE_CURVE('',#2960,#2968,#2970,.T.);
#2968 = VERTEX_POINT('',#2969);
#2969 = CARTESIAN_POINT('',(0.277,0.15,0.207));
#2970 = LINE('',#2971,#2972);
#2971 = CARTESIAN_POINT('',(-0.277,0.15,0.207));
#2972 = VECTOR('',#2973,1.);
#2973 = DIRECTION('',(1.,0.,0.));
#2974 = ORIENTED_EDGE('',*,*,#2975,.F.);
#2975 = EDGE_CURVE('',#2976,#2968,#2978,.T.);
#2976 = VERTEX_POINT('',#2977);
#2977 = CARTESIAN_POINT('',(0.277,0.15,2.3E-02));
#2978 = LINE('',#2979,#2980);
#2979 = CARTESIAN_POINT('',(0.277,0.15,2.3E-02));
#2980 = VECTOR('',#2981,1.);
#2981 = DIRECTION('',(0.,0.,1.));
#2982 = ORIENTED_EDGE('',*,*,#2983,.F.);
#2983 = EDGE_CURVE('',#2984,#2976,#2986,.T.);
#2984 = VERTEX_POINT('',#2985);
#2985 = CARTESIAN_POINT('',(0.2,0.15,2.3E-02));
#2986 = LINE('',#2987,#2988);
#2987 = CARTESIAN_POINT('',(-0.277,0.15,2.3E-02));
#2988 = VECTOR('',#2989,1.);
#2989 = DIRECTION('',(1.,0.,0.));
#2990 = ORIENTED_EDGE('',*,*,#2991,.F.);
#2991 = EDGE_CURVE('',#2817,#2984,#2992,.T.);
#2992 = LINE('',#2993,#2994);
#2993 = CARTESIAN_POINT('',(-0.277,0.15,2.3E-02));
#2994 = VECTOR('',#2995,1.);
#2995 = DIRECTION('',(1.,0.,0.));
#2996 = PLANE('',#2997);
#2997 = AXIS2_PLACEMENT_3D('',#2998,#2999,#3000);
#2998 = CARTESIAN_POINT('',(-0.277,0.15,2.3E-02));
#2999 = DIRECTION('',(0.,1.,0.));
#3000 = DIRECTION('',(0.,-0.,1.));
#3001 = ADVANCED_FACE('',(#3002),#3013,.F.);
#3002 = FACE_BOUND('',#3003,.F.);
#3003 = EDGE_LOOP('',(#3004,#3005,#3006,#3012));
#3004 = ORIENTED_EDGE('',*,*,#2859,.F.);
#3005 = ORIENTED_EDGE('',*,*,#2908,.T.);
#3006 = ORIENTED_EDGE('',*,*,#3007,.T.);
#3007 = EDGE_CURVE('',#2901,#2984,#3008,.T.);
#3008 = LINE('',#3009,#3010);
#3009 = CARTESIAN_POINT('',(0.2,-0.15,2.3E-02));
#3010 = VECTOR('',#3011,1.);
#3011 = DIRECTION('',(0.,1.,0.));
#3012 = ORIENTED_EDGE('',*,*,#2991,.F.);
#3013 = PLANE('',#3014);
#3014 = AXIS2_PLACEMENT_3D('',#3015,#3016,#3017);
#3015 = CARTESIAN_POINT('',(-0.277,-0.15,2.3E-02));
#3016 = DIRECTION('',(0.,0.,1.));
#3017 = DIRECTION('',(1.,0.,-0.));
#3018 = ADVANCED_FACE('',(#3019),#3082,.F.);
#3019 = FACE_BOUND('',#3020,.F.);
#3020 = EDGE_LOOP('',(#3021,#3031,#3038,#3039,#3040,#3041,#3050,#3058,
    #3067,#3075));
#3021 = ORIENTED_EDGE('',*,*,#3022,.F.);
#3022 = EDGE_CURVE('',#3023,#3025,#3027,.T.);
#3023 = VERTEX_POINT('',#3024);
#3024 = CARTESIAN_POINT('',(0.223,-0.15,-1.387778780781E-17));
#3025 = VERTEX_POINT('',#3026);
#3026 = CARTESIAN_POINT('',(0.277,-0.15,-1.387778780781E-17));
#3027 = LINE('',#3028,#3029);
#3028 = CARTESIAN_POINT('',(0.2,-0.15,0.));
#3029 = VECTOR('',#3030,1.);
#3030 = DIRECTION('',(1.,0.,0.));
#3031 = ORIENTED_EDGE('',*,*,#3032,.F.);
#3032 = EDGE_CURVE('',#2901,#3023,#3033,.T.);
#3033 = CIRCLE('',#3034,2.3E-02);
#3034 = AXIS2_PLACEMENT_3D('',#3035,#3036,#3037);
#3035 = CARTESIAN_POINT('',(0.223,-0.15,2.3E-02));
#3036 = DIRECTION('',(0.,-1.,0.));
#3037 = DIRECTION('',(0.,0.,1.));
#3038 = ORIENTED_EDGE('',*,*,#2900,.T.);
#3039 = ORIENTED_EDGE('',*,*,#2892,.T.);
#3040 = ORIENTED_EDGE('',*,*,#2884,.F.);
#3041 = ORIENTED_EDGE('',*,*,#3042,.T.);
#3042 = EDGE_CURVE('',#2877,#3043,#3045,.T.);
#3043 = VERTEX_POINT('',#3044);
#3044 = CARTESIAN_POINT('',(0.223,-0.15,0.23));
#3045 = CIRCLE('',#3046,2.3E-02);
#3046 = AXIS2_PLACEMENT_3D('',#3047,#3048,#3049);
#3047 = CARTESIAN_POINT('',(0.223,-0.15,0.207));
#3048 = DIRECTION('',(0.,1.,0.));
#3049 = DIRECTION('',(0.,-0.,1.));
#3050 = ORIENTED_EDGE('',*,*,#3051,.T.);
#3051 = EDGE_CURVE('',#3043,#3052,#3054,.T.);
#3052 = VERTEX_POINT('',#3053);
#3053 = CARTESIAN_POINT('',(0.277,-0.15,0.23));
#3054 = LINE('',#3055,#3056);
#3055 = CARTESIAN_POINT('',(0.2,-0.15,0.23));
#3056 = VECTOR('',#3057,1.);
#3057 = DIRECTION('',(1.,0.,0.));
#3058 = ORIENTED_EDGE('',*,*,#3059,.F.);
#3059 = EDGE_CURVE('',#3060,#3052,#3062,.T.);
#3060 = VERTEX_POINT('',#3061);
#3061 = CARTESIAN_POINT('',(0.3,-0.15,0.207));
#3062 = CIRCLE('',#3063,2.3E-02);
#3063 = AXIS2_PLACEMENT_3D('',#3064,#3065,#3066);
#3064 = CARTESIAN_POINT('',(0.277,-0.15,0.207));
#3065 = DIRECTION('',(0.,-1.,0.));
#3066 = DIRECTION('',(0.,0.,1.));
#3067 = ORIENTED_EDGE('',*,*,#3068,.F.);
#3068 = EDGE_CURVE('',#3069,#3060,#3071,.T.);
#3069 = VERTEX_POINT('',#3070);
#3070 = CARTESIAN_POINT('',(0.3,-0.15,2.3E-02));
#3071 = LINE('',#3072,#3073);
#3072 = CARTESIAN_POINT('',(0.3,-0.15,0.));
#3073 = VECTOR('',#3074,1.);
#3074 = DIRECTION('',(0.,0.,1.));
#3075 = ORIENTED_EDGE('',*,*,#3076,.T.);
#3076 = EDGE_CURVE('',#3069,#3025,#3077,.T.);
#3077 = CIRCLE('',#3078,2.3E-02);
#3078 = AXIS2_PLACEMENT_3D('',#3079,#3080,#3081);
#3079 = CARTESIAN_POINT('',(0.277,-0.15,2.3E-02));
#3080 = DIRECTION('',(0.,1.,0.));
#3081 = DIRECTION('',(0.,-0.,1.));
#3082 = PLANE('',#3083);
#3083 = AXIS2_PLACEMENT_3D('',#3084,#3085,#3086);
#3084 = CARTESIAN_POINT('',(0.2,-0.15,0.));
#3085 = DIRECTION('',(0.,1.,0.));
#3086 = DIRECTION('',(0.,-0.,1.));
#3087 = ADVANCED_FACE('',(#3088),#3113,.F.);
#3088 = FACE_BOUND('',#3089,.F.);
#3089 = EDGE_LOOP('',(#3090,#3091,#3099,#3107));
#3090 = ORIENTED_EDGE('',*,*,#2876,.F.);
#3091 = ORIENTED_EDGE('',*,*,#3092,.T.);
#3092 = EDGE_CURVE('',#2675,#3093,#3095,.T.);
#3093 = VERTEX_POINT('',#3094);
#3094 = CARTESIAN_POINT('',(-0.2,-0.15,0.23));
#3095 = LINE('',#3096,#3097);
#3096 = CARTESIAN_POINT('',(-0.2,-0.15,0.207));
#3097 = VECTOR('',#3098,1.);
#3098 = DIRECTION('',(0.,0.,1.));
#3099 = ORIENTED_EDGE('',*,*,#3100,.T.);
#3100 = EDGE_CURVE('',#3093,#3101,#3103,.T.);
#3101 = VERTEX_POINT('',#3102);
#3102 = CARTESIAN_POINT('',(0.2,-0.15,0.23));
#3103 = LINE('',#3104,#3105);
#3104 = CARTESIAN_POINT('',(-0.2,-0.15,0.23));
#3105 = VECTOR('',#3106,1.);
#3106 = DIRECTION('',(1.,0.,0.));
#3107 = ORIENTED_EDGE('',*,*,#3108,.F.);
#3108 = EDGE_CURVE('',#2877,#3101,#3109,.T.);
#3109 = LINE('',#3110,#3111);
#3110 = CARTESIAN_POINT('',(0.2,-0.15,0.207));
#3111 = VECTOR('',#3112,1.);
#3112 = DIRECTION('',(0.,0.,1.));
#3113 = PLANE('',#3114);
#3114 = AXIS2_PLACEMENT_3D('',#3115,#3116,#3117);
#3115 = CARTESIAN_POINT('',(-0.2,-0.15,0.207));
#3116 = DIRECTION('',(0.,1.,0.));
#3117 = DIRECTION('',(0.,-0.,1.));
#3118 = ADVANCED_FACE('',(#3119),#3137,.F.);
#3119 = FACE_BOUND('',#3120,.F.);
#3120 = EDGE_LOOP('',(#3121,#3122,#3123,#3131));
#3121 = ORIENTED_EDGE('',*,*,#3092,.F.);
#3122 = ORIENTED_EDGE('',*,*,#2939,.T.);
#3123 = ORIENTED_EDGE('',*,*,#3124,.T.);
#3124 = EDGE_CURVE('',#2792,#3125,#3127,.T.);
#3125 = VERTEX_POINT('',#3126);
#3126 = CARTESIAN_POINT('',(-0.2,0.15,0.23));
#3127 = LINE('',#3128,#3129);
#3128 = CARTESIAN_POINT('',(-0.2,0.15,0.207));
#3129 = VECTOR('',#3130,1.);
#3130 = DIRECTION('',(0.,0.,1.));
#3131 = ORIENTED_EDGE('',*,*,#3132,.F.);
#3132 = EDGE_CURVE('',#3093,#3125,#3133,.T.);
#3133 = LINE('',#3134,#3135);
#3134 = CARTESIAN_POINT('',(-0.2,-0.15,0.23));
#3135 = VECTOR('',#3136,1.);
#3136 = DIRECTION('',(0.,1.,0.));
#3137 = PLANE('',#3138);
#3138 = AXIS2_PLACEMENT_3D('',#3139,#3140,#3141);
#3139 = CARTESIAN_POINT('',(-0.2,-0.15,0.207));
#3140 = DIRECTION('',(1.,0.,0.));
#3141 = DIRECTION('',(0.,0.,1.));
#3142 = ADVANCED_FACE('',(#3143),#3206,.T.);
#3143 = FACE_BOUND('',#3144,.T.);
#3144 = EDGE_LOOP('',(#3145,#3155,#3162,#3163,#3164,#3165,#3174,#3182,
    #3191,#3199));
#3145 = ORIENTED_EDGE('',*,*,#3146,.F.);
#3146 = EDGE_CURVE('',#3147,#3149,#3151,.T.);
#3147 = VERTEX_POINT('',#3148);
#3148 = CARTESIAN_POINT('',(0.223,0.15,-1.387778780781E-17));
#3149 = VERTEX_POINT('',#3150);
#3150 = CARTESIAN_POINT('',(0.277,0.15,-1.387778780781E-17));
#3151 = LINE('',#3152,#3153);
#3152 = CARTESIAN_POINT('',(0.2,0.15,0.));
#3153 = VECTOR('',#3154,1.);
#3154 = DIRECTION('',(1.,0.,0.));
#3155 = ORIENTED_EDGE('',*,*,#3156,.F.);
#3156 = EDGE_CURVE('',#2984,#3147,#3157,.T.);
#3157 = CIRCLE('',#3158,2.3E-02);
#3158 = AXIS2_PLACEMENT_3D('',#3159,#3160,#3161);
#3159 = CARTESIAN_POINT('',(0.223,0.15,2.3E-02));
#3160 = DIRECTION('',(0.,-1.,0.));
#3161 = DIRECTION('',(0.,0.,1.));
#3162 = ORIENTED_EDGE('',*,*,#2983,.T.);
#3163 = ORIENTED_EDGE('',*,*,#2975,.T.);
#3164 = ORIENTED_EDGE('',*,*,#2967,.F.);
#3165 = ORIENTED_EDGE('',*,*,#3166,.T.);
#3166 = EDGE_CURVE('',#2960,#3167,#3169,.T.);
#3167 = VERTEX_POINT('',#3168);
#3168 = CARTESIAN_POINT('',(0.223,0.15,0.23));
#3169 = CIRCLE('',#3170,2.3E-02);
#3170 = AXIS2_PLACEMENT_3D('',#3171,#3172,#3173);
#3171 = CARTESIAN_POINT('',(0.223,0.15,0.207));
#3172 = DIRECTION('',(0.,1.,0.));
#3173 = DIRECTION('',(0.,-0.,1.));
#3174 = ORIENTED_EDGE('',*,*,#3175,.T.);
#3175 = EDGE_CURVE('',#3167,#3176,#3178,.T.);
#3176 = VERTEX_POINT('',#3177);
#3177 = CARTESIAN_POINT('',(0.277,0.15,0.23));
#3178 = LINE('',#3179,#3180);
#3179 = CARTESIAN_POINT('',(0.2,0.15,0.23));
#3180 = VECTOR('',#3181,1.);
#3181 = DIRECTION('',(1.,0.,0.));
#3182 = ORIENTED_EDGE('',*,*,#3183,.F.);
#3183 = EDGE_CURVE('',#3184,#3176,#3186,.T.);
#3184 = VERTEX_POINT('',#3185);
#3185 = CARTESIAN_POINT('',(0.3,0.15,0.207));
#3186 = CIRCLE('',#3187,2.3E-02);
#3187 = AXIS2_PLACEMENT_3D('',#3188,#3189,#3190);
#3188 = CARTESIAN_POINT('',(0.277,0.15,0.207));
#3189 = DIRECTION('',(0.,-1.,0.));
#3190 = DIRECTION('',(0.,0.,1.));
#3191 = ORIENTED_EDGE('',*,*,#3192,.F.);
#3192 = EDGE_CURVE('',#3193,#3184,#3195,.T.);
#3193 = VERTEX_POINT('',#3194);
#3194 = CARTESIAN_POINT('',(0.3,0.15,2.3E-02));
#3195 = LINE('',#3196,#3197);
#3196 = CARTESIAN_POINT('',(0.3,0.15,0.));
#3197 = VECTOR('',#3198,1.);
#3198 = DIRECTION('',(0.,0.,1.));
#3199 = ORIENTED_EDGE('',*,*,#3200,.T.);
#3200 = EDGE_CURVE('',#3193,#3149,#3201,.T.);
#3201 = CIRCLE('',#3202,2.3E-02);
#3202 = AXIS2_PLACEMENT_3D('',#3203,#3204,#3205);
#3203 = CARTESIAN_POINT('',(0.277,0.15,2.3E-02));
#3204 = DIRECTION('',(0.,1.,0.));
#3205 = DIRECTION('',(0.,-0.,1.));
#3206 = PLANE('',#3207);
#3207 = AXIS2_PLACEMENT_3D('',#3208,#3209,#3210);
#3208 = CARTESIAN_POINT('',(0.2,0.15,0.));
#3209 = DIRECTION('',(0.,1.,0.));
#3210 = DIRECTION('',(0.,-0.,1.));
#3211 = ADVANCED_FACE('',(#3212),#3230,.T.);
#3212 = FACE_BOUND('',#3213,.T.);
#3213 = EDGE_LOOP('',(#3214,#3215,#3216,#3224));
#3214 = ORIENTED_EDGE('',*,*,#2959,.F.);
#3215 = ORIENTED_EDGE('',*,*,#3124,.T.);
#3216 = ORIENTED_EDGE('',*,*,#3217,.T.);
#3217 = EDGE_CURVE('',#3125,#3218,#3220,.T.);
#3218 = VERTEX_POINT('',#3219);
#3219 = CARTESIAN_POINT('',(0.2,0.15,0.23));
#3220 = LINE('',#3221,#3222);
#3221 = CARTESIAN_POINT('',(-0.2,0.15,0.23));
#3222 = VECTOR('',#3223,1.);
#3223 = DIRECTION('',(1.,0.,0.));
#3224 = ORIENTED_EDGE('',*,*,#3225,.F.);
#3225 = EDGE_CURVE('',#2960,#3218,#3226,.T.);
#3226 = LINE('',#3227,#3228);
#3227 = CARTESIAN_POINT('',(0.2,0.15,0.207));
#3228 = VECTOR('',#3229,1.);
#3229 = DIRECTION('',(0.,0.,1.));
#3230 = PLANE('',#3231);
#3231 = AXIS2_PLACEMENT_3D('',#3232,#3233,#3234);
#3232 = CARTESIAN_POINT('',(-0.2,0.15,0.207));
#3233 = DIRECTION('',(0.,1.,0.));
#3234 = DIRECTION('',(0.,-0.,1.));
#3235 = ADVANCED_FACE('',(#3236),#3247,.T.);
#3236 = FACE_BOUND('',#3237,.T.);
#3237 = EDGE_LOOP('',(#3238,#3239,#3240,#3246));
#3238 = ORIENTED_EDGE('',*,*,#3007,.T.);
#3239 = ORIENTED_EDGE('',*,*,#3156,.T.);
#3240 = ORIENTED_EDGE('',*,*,#3241,.F.);
#3241 = EDGE_CURVE('',#3023,#3147,#3242,.T.);
#3242 = LINE('',#3243,#3244);
#3243 = CARTESIAN_POINT('',(0.223,-0.15,-1.387778780781E-17));
#3244 = VECTOR('',#3245,1.);
#3245 = DIRECTION('',(0.,1.,0.));
#3246 = ORIENTED_EDGE('',*,*,#3032,.F.);
#3247 = CYLINDRICAL_SURFACE('',#3248,2.3E-02);
#3248 = AXIS2_PLACEMENT_3D('',#3249,#3250,#3251);
#3249 = CARTESIAN_POINT('',(0.223,-0.15,2.3E-02));
#3250 = DIRECTION('',(0.,1.,0.));
#3251 = DIRECTION('',(-1.,0.,0.));
#3252 = ADVANCED_FACE('',(#3253),#3264,.F.);
#3253 = FACE_BOUND('',#3254,.F.);
#3254 = EDGE_LOOP('',(#3255,#3256,#3257,#3258));
#3255 = ORIENTED_EDGE('',*,*,#3146,.F.);
#3256 = ORIENTED_EDGE('',*,*,#3241,.F.);
#3257 = ORIENTED_EDGE('',*,*,#3022,.T.);
#3258 = ORIENTED_EDGE('',*,*,#3259,.T.);
#3259 = EDGE_CURVE('',#3025,#3149,#3260,.T.);
#3260 = LINE('',#3261,#3262);
#3261 = CARTESIAN_POINT('',(0.277,-0.15,-1.387778780781E-17));
#3262 = VECTOR('',#3263,1.);
#3263 = DIRECTION('',(0.,1.,0.));
#3264 = PLANE('',#3265);
#3265 = AXIS2_PLACEMENT_3D('',#3266,#3267,#3268);
#3266 = CARTESIAN_POINT('',(0.2,-0.15,0.));
#3267 = DIRECTION('',(0.,0.,1.));
#3268 = DIRECTION('',(1.,0.,-0.));
#3269 = ADVANCED_FACE('',(#3270),#3281,.T.);
#3270 = FACE_BOUND('',#3271,.T.);
#3271 = EDGE_LOOP('',(#3272,#3273,#3274,#3275));
#3272 = ORIENTED_EDGE('',*,*,#3076,.T.);
#3273 = ORIENTED_EDGE('',*,*,#3259,.T.);
#3274 = ORIENTED_EDGE('',*,*,#3200,.F.);
#3275 = ORIENTED_EDGE('',*,*,#3276,.F.);
#3276 = EDGE_CURVE('',#3069,#3193,#3277,.T.);
#3277 = LINE('',#3278,#3279);
#3278 = CARTESIAN_POINT('',(0.3,-0.15,2.3E-02));
#3279 = VECTOR('',#3280,1.);
#3280 = DIRECTION('',(0.,1.,0.));
#3281 = CYLINDRICAL_SURFACE('',#3282,2.3E-02);
#3282 = AXIS2_PLACEMENT_3D('',#3283,#3284,#3285);
#3283 = CARTESIAN_POINT('',(0.277,-0.15,2.3E-02));
#3284 = DIRECTION('',(0.,1.,0.));
#3285 = DIRECTION('',(1.,0.,0.));
#3286 = ADVANCED_FACE('',(#3287),#3298,.T.);
#3287 = FACE_BOUND('',#3288,.T.);
#3288 = EDGE_LOOP('',(#3289,#3290,#3291,#3292));
#3289 = ORIENTED_EDGE('',*,*,#3068,.F.);
#3290 = ORIENTED_EDGE('',*,*,#3276,.T.);
#3291 = ORIENTED_EDGE('',*,*,#3192,.T.);
#3292 = ORIENTED_EDGE('',*,*,#3293,.F.);
#3293 = EDGE_CURVE('',#3060,#3184,#3294,.T.);
#3294 = LINE('',#3295,#3296);
#3295 = CARTESIAN_POINT('',(0.3,-0.15,0.207));
#3296 = VECTOR('',#3297,1.);
#3297 = DIRECTION('',(0.,1.,0.));
#3298 = PLANE('',#3299);
#3299 = AXIS2_PLACEMENT_3D('',#3300,#3301,#3302);
#3300 = CARTESIAN_POINT('',(0.3,-0.15,0.));
#3301 = DIRECTION('',(1.,0.,0.));
#3302 = DIRECTION('',(0.,0.,1.));
#3303 = ADVANCED_FACE('',(#3304),#3315,.T.);
#3304 = FACE_BOUND('',#3305,.T.);
#3305 = EDGE_LOOP('',(#3306,#3307,#3308,#3314));
#3306 = ORIENTED_EDGE('',*,*,#3293,.T.);
#3307 = ORIENTED_EDGE('',*,*,#3183,.T.);
#3308 = ORIENTED_EDGE('',*,*,#3309,.F.);
#3309 = EDGE_CURVE('',#3052,#3176,#3310,.T.);
#3310 = LINE('',#3311,#3312);
#3311 = CARTESIAN_POINT('',(0.277,-0.15,0.23));
#3312 = VECTOR('',#3313,1.);
#3313 = DIRECTION('',(0.,1.,0.));
#3314 = ORIENTED_EDGE('',*,*,#3059,.F.);
#3315 = CYLINDRICAL_SURFACE('',#3316,2.3E-02);
#3316 = AXIS2_PLACEMENT_3D('',#3317,#3318,#3319);
#3317 = CARTESIAN_POINT('',(0.277,-0.15,0.207));
#3318 = DIRECTION('',(0.,1.,0.));
#3319 = DIRECTION('',(1.,0.,0.));
#3320 = ADVANCED_FACE('',(#3321),#3332,.T.);
#3321 = FACE_BOUND('',#3322,.T.);
#3322 = EDGE_LOOP('',(#3323,#3324,#3330,#3331));
#3323 = ORIENTED_EDGE('',*,*,#3175,.F.);
#3324 = ORIENTED_EDGE('',*,*,#3325,.F.);
#3325 = EDGE_CURVE('',#3043,#3167,#3326,.T.);
#3326 = LINE('',#3327,#3328);
#3327 = CARTESIAN_POINT('',(0.223,-0.15,0.23));
#3328 = VECTOR('',#3329,1.);
#3329 = DIRECTION('',(0.,1.,0.));
#3330 = ORIENTED_EDGE('',*,*,#3051,.T.);
#3331 = ORIENTED_EDGE('',*,*,#3309,.T.);
#3332 = PLANE('',#3333);
#3333 = AXIS2_PLACEMENT_3D('',#3334,#3335,#3336);
#3334 = CARTESIAN_POINT('',(0.2,-0.15,0.23));
#3335 = DIRECTION('',(0.,0.,1.));
#3336 = DIRECTION('',(1.,0.,-0.));
#3337 = ADVANCED_FACE('',(#3338),#3349,.T.);
#3338 = FACE_BOUND('',#3339,.T.);
#3339 = EDGE_LOOP('',(#3340,#3341,#3342,#3343));
#3340 = ORIENTED_EDGE('',*,*,#3042,.T.);
#3341 = ORIENTED_EDGE('',*,*,#3325,.T.);
#3342 = ORIENTED_EDGE('',*,*,#3166,.F.);
#3343 = ORIENTED_EDGE('',*,*,#3344,.F.);
#3344 = EDGE_CURVE('',#2877,#2960,#3345,.T.);
#3345 = LINE('',#3346,#3347);
#3346 = CARTESIAN_POINT('',(0.2,-0.15,0.207));
#3347 = VECTOR('',#3348,1.);
#3348 = DIRECTION('',(0.,1.,0.));
#3349 = CYLINDRICAL_SURFACE('',#3350,2.3E-02);
#3350 = AXIS2_PLACEMENT_3D('',#3351,#3352,#3353);
#3351 = CARTESIAN_POINT('',(0.223,-0.15,0.207));
#3352 = DIRECTION('',(0.,1.,0.));
#3353 = DIRECTION('',(-1.,0.,0.));
#3354 = ADVANCED_FACE('',(#3355),#3366,.T.);
#3355 = FACE_BOUND('',#3356,.T.);
#3356 = EDGE_LOOP('',(#3357,#3358,#3359,#3360));
#3357 = ORIENTED_EDGE('',*,*,#3108,.F.);
#3358 = ORIENTED_EDGE('',*,*,#3344,.T.);
#3359 = ORIENTED_EDGE('',*,*,#3225,.T.);
#3360 = ORIENTED_EDGE('',*,*,#3361,.F.);
#3361 = EDGE_CURVE('',#3101,#3218,#3362,.T.);
#3362 = LINE('',#3363,#3364);
#3363 = CARTESIAN_POINT('',(0.2,-0.15,0.23));
#3364 = VECTOR('',#3365,1.);
#3365 = DIRECTION('',(0.,1.,0.));
#3366 = PLANE('',#3367);
#3367 = AXIS2_PLACEMENT_3D('',#3368,#3369,#3370);
#3368 = CARTESIAN_POINT('',(0.2,-0.15,0.207));
#3369 = DIRECTION('',(1.,0.,0.));
#3370 = DIRECTION('',(0.,0.,1.));
#3371 = ADVANCED_FACE('',(#3372),#3378,.T.);
#3372 = FACE_BOUND('',#3373,.T.);
#3373 = EDGE_LOOP('',(#3374,#3375,#3376,#3377));
#3374 = ORIENTED_EDGE('',*,*,#3132,.F.);
#3375 = ORIENTED_EDGE('',*,*,#3100,.T.);
#3376 = ORIENTED_EDGE('',*,*,#3361,.T.);
#3377 = ORIENTED_EDGE('',*,*,#3217,.F.);
#3378 = PLANE('',#3379);
#3379 = AXIS2_PLACEMENT_3D('',#3380,#3381,#3382);
#3380 = CARTESIAN_POINT('',(-0.2,-0.15,0.23));
#3381 = DIRECTION('',(0.,0.,1.));
#3382 = DIRECTION('',(1.,0.,-0.));
#3383 = ( GEOMETRIC_REPRESENTATION_CONTEXT(3) 
GLOBAL_UNCERTAINTY_ASSIGNED_CONTEXT((#3387)) 
GLOBAL_UNIT_ASSIGNED_CONTEXT((#3384,#3385,#3386)) REPRESENTATION_CONTEXT
('Context #1','3D Context with UNIT and UNCERTAINTY') );
#3384 = ( LENGTH_UNIT() NAMED_UNIT(*) SI_UNIT(.MILLI.,.METRE.) );
#3385 = ( NAMED_UNIT(*) PLANE_ANGLE_UNIT() SI_UNIT($,.RADIAN.) );
#3386 = ( NAMED_UNIT(*) SI_UNIT($,.STERADIAN.) SOLID_ANGLE_UNIT() );
#3387 = UNCERTAINTY_MEASURE_WITH_UNIT(LENGTH_MEASURE(1.E-07),#3384,
  'distance_accuracy_value','confusion accuracy');
#3388 = CONTEXT_DEPENDENT_SHAPE_REPRESENTATION(#3389,#3391);
#3389 = ( REPRESENTATION_RELATIONSHIP('','',#2592,#2569) 
REPRESENTATION_RELATIONSHIP_WITH_TRANSFORMATION(#3390) 
SHAPE_REPRESENTATION_RELATIONSHIP() );
#3390 = ITEM_DEFINED_TRANSFORMATION('','',#11,#2570);
#3391 = PRODUCT_DEFINITION_SHAPE('Placement','Placement of an item',
  #3392);
#3392 = NEXT_ASSEMBLY_USAGE_OCCURRENCE('5','=>[0:1:1:7]','',#2564,#2587,
  $);
#3393 = PRODUCT_RELATED_PRODUCT_CATEGORY('part',$,(#2589));
#3394 = SHAPE_DEFINITION_REPRESENTATION(#3395,#3401);
#3395 = PRODUCT_DEFINITION_SHAPE('','',#3396);
#3396 = PRODUCT_DEFINITION('design','',#3397,#3400);
#3397 = PRODUCT_DEFINITION_FORMATION('','',#3398);
#3398 = PRODUCT('C_0805_2012Metric','C_0805_2012Metric','',(#3399));
#3399 = PRODUCT_CONTEXT('',#2,'mechanical');
#3400 = PRODUCT_DEFINITION_CONTEXT('part definition',#2,'design');
#3401 = SHAPE_REPRESENTATION('',(#11,#3402),#3406);
#3402 = AXIS2_PLACEMENT_3D('',#3403,#3404,#3405);
#3403 = CARTESIAN_POINT('',(0.,0.,0.));
#3404 = DIRECTION('',(0.,0.,1.));
#3405 = DIRECTION('',(1.,0.,-0.));
#3406 = ( GEOMETRIC_REPRESENTATION_CONTEXT(3) 
GLOBAL_UNCERTAINTY_ASSIGNED_CONTEXT((#3410)) 
GLOBAL_UNIT_ASSIGNED_CONTEXT((#3407,#3408,#3409)) REPRESENTATION_CONTEXT
('Context #1','3D Context with UNIT and UNCERTAINTY') );
#3407 = ( LENGTH_UNIT() NAMED_UNIT(*) SI_UNIT(.MILLI.,.METRE.) );
#3408 = ( NAMED_UNIT(*) PLANE_ANGLE_UNIT() SI_UNIT($,.RADIAN.) );
#3409 = ( NAMED_UNIT(*) SI_UNIT($,.STERADIAN.) SOLID_ANGLE_UNIT() );
#3410 = UNCERTAINTY_MEASURE_WITH_UNIT(LENGTH_MEASURE(1.E-07),#3407,
  'distance_accuracy_value','confusion accuracy');
#3411 = CONTEXT_DEPENDENT_SHAPE_REPRESENTATION(#3412,#3414);
#3412 = ( REPRESENTATION_RELATIONSHIP('','',#3401,#10) 
REPRESENTATION_RELATIONSHIP_WITH_TRANSFORMATION(#3413) 
SHAPE_REPRESENTATION_RELATIONSHIP() );
#3413 = ITEM_DEFINED_TRANSFORMATION('','',#11,#27);
#3414 = PRODUCT_DEFINITION_SHAPE('Placement','Placement of an item',
  #3415);
#3415 = NEXT_ASSEMBLY_USAGE_OCCURRENCE('8','C5','',#5,#3396,$);
#3416 = PRODUCT_RELATED_PRODUCT_CATEGORY('part',$,(#3398));
#3417 = SHAPE_DEFINITION_REPRESENTATION(#3418,#3424);
#3418 = PRODUCT_DEFINITION_SHAPE('','',#3419);
#3419 = PRODUCT_DEFINITION('design','',#3420,#3423);
#3420 = PRODUCT_DEFINITION_FORMATION('','',#3421);
#3421 = PRODUCT('C_0805_2012Metric','C_0805_2012Metric','',(#3422));
#3422 = PRODUCT_CONTEXT('',#2,'mechanical');
#3423 = PRODUCT_DEFINITION_CONTEXT('part definition',#2,'design');
#3424 = ADVANCED_BREP_SHAPE_REPRESENTATION('',(#11,#3425),#4279);
#3425 = MANIFOLD_SOLID_BREP('',#3426);
#3426 = CLOSED_SHELL('',(#3427,#3503,#3534,#3559,#3584,#3608,#3632,#3657
    ,#3682,#3699,#3785,#3817,#3841,#3866,#3890,#3915,#3939,#3964,#3981,
    #4067,#4098,#4123,#4148,#4172,#4196,#4221,#4246,#4263));
#3427 = ADVANCED_FACE('',(#3428),#3498,.F.);
#3428 = FACE_BOUND('',#3429,.F.);
#3429 = EDGE_LOOP('',(#3430,#3440,#3449,#3457,#3466,#3474,#3483,#3491));
#3430 = ORIENTED_EDGE('',*,*,#3431,.F.);
#3431 = EDGE_CURVE('',#3432,#3434,#3436,.T.);
#3432 = VERTEX_POINT('',#3433);
#3433 = CARTESIAN_POINT('',(-1.,-0.625,4.E-02));
#3434 = VERTEX_POINT('',#3435);
#3435 = CARTESIAN_POINT('',(-1.,-0.625,1.21));
#3436 = LINE('',#3437,#3438);
#3437 = CARTESIAN_POINT('',(-1.,-0.625,0.));
#3438 = VECTOR('',#3439,1.);
#3439 = DIRECTION('',(0.,0.,1.));
#3440 = ORIENTED_EDGE('',*,*,#3441,.T.);
#3441 = EDGE_CURVE('',#3432,#3442,#3444,.T.);
#3442 = VERTEX_POINT('',#3443);
#3443 = CARTESIAN_POINT('',(-1.,-0.585,0.));
#3444 = CIRCLE('',#3445,4.E-02);
#3445 = AXIS2_PLACEMENT_3D('',#3446,#3447,#3448);
#3446 = CARTESIAN_POINT('',(-1.,-0.585,4.E-02));
#3447 = DIRECTION('',(1.,0.,-0.));
#3448 = DIRECTION('',(0.,0.,1.));
#3449 = ORIENTED_EDGE('',*,*,#3450,.T.);
#3450 = EDGE_CURVE('',#3442,#3451,#3453,.T.);
#3451 = VERTEX_POINT('',#3452);
#3452 = CARTESIAN_POINT('',(-1.,0.585,0.));
#3453 = LINE('',#3454,#3455);
#3454 = CARTESIAN_POINT('',(-1.,-0.625,0.));
#3455 = VECTOR('',#3456,1.);
#3456 = DIRECTION('',(0.,1.,0.));
#3457 = ORIENTED_EDGE('',*,*,#3458,.F.);
#3458 = EDGE_CURVE('',#3459,#3451,#3461,.T.);
#3459 = VERTEX_POINT('',#3460);
#3460 = CARTESIAN_POINT('',(-1.,0.625,4.E-02));
#3461 = CIRCLE('',#3462,4.E-02);
#3462 = AXIS2_PLACEMENT_3D('',#3463,#3464,#3465);
#3463 = CARTESIAN_POINT('',(-1.,0.585,4.E-02));
#3464 = DIRECTION('',(-1.,0.,0.));
#3465 = DIRECTION('',(0.,0.,1.));
#3466 = ORIENTED_EDGE('',*,*,#3467,.T.);
#3467 = EDGE_CURVE('',#3459,#3468,#3470,.T.);
#3468 = VERTEX_POINT('',#3469);
#3469 = CARTESIAN_POINT('',(-1.,0.625,1.21));
#3470 = LINE('',#3471,#3472);
#3471 = CARTESIAN_POINT('',(-1.,0.625,0.));
#3472 = VECTOR('',#3473,1.);
#3473 = DIRECTION('',(0.,0.,1.));
#3474 = ORIENTED_EDGE('',*,*,#3475,.T.);
#3475 = EDGE_CURVE('',#3468,#3476,#3478,.T.);
#3476 = VERTEX_POINT('',#3477);
#3477 = CARTESIAN_POINT('',(-1.,0.585,1.25));
#3478 = CIRCLE('',#3479,4.E-02);
#3479 = AXIS2_PLACEMENT_3D('',#3480,#3481,#3482);
#3480 = CARTESIAN_POINT('',(-1.,0.585,1.21));
#3481 = DIRECTION('',(1.,0.,-0.));
#3482 = DIRECTION('',(0.,0.,1.));
#3483 = ORIENTED_EDGE('',*,*,#3484,.F.);
#3484 = EDGE_CURVE('',#3485,#3476,#3487,.T.);
#3485 = VERTEX_POINT('',#3486);
#3486 = CARTESIAN_POINT('',(-1.,-0.585,1.25));
#3487 = LINE('',#3488,#3489);
#3488 = CARTESIAN_POINT('',(-1.,-0.625,1.25));
#3489 = VECTOR('',#3490,1.);
#3490 = DIRECTION('',(0.,1.,0.));
#3491 = ORIENTED_EDGE('',*,*,#3492,.F.);
#3492 = EDGE_CURVE('',#3434,#3485,#3493,.T.);
#3493 = CIRCLE('',#3494,4.E-02);
#3494 = AXIS2_PLACEMENT_3D('',#3495,#3496,#3497);
#3495 = CARTESIAN_POINT('',(-1.,-0.585,1.21));
#3496 = DIRECTION('',(-1.,0.,0.));
#3497 = DIRECTION('',(0.,0.,1.));
#3498 = PLANE('',#3499);
#3499 = AXIS2_PLACEMENT_3D('',#3500,#3501,#3502);
#3500 = CARTESIAN_POINT('',(-1.,-0.625,0.));
#3501 = DIRECTION('',(1.,0.,0.));
#3502 = DIRECTION('',(0.,0.,1.));
#3503 = ADVANCED_FACE('',(#3504),#3529,.F.);
#3504 = FACE_BOUND('',#3505,.F.);
#3505 = EDGE_LOOP('',(#3506,#3516,#3522,#3523));
#3506 = ORIENTED_EDGE('',*,*,#3507,.F.);
#3507 = EDGE_CURVE('',#3508,#3510,#3512,.T.);
#3508 = VERTEX_POINT('',#3509);
#3509 = CARTESIAN_POINT('',(-0.6,-0.625,4.E-02));
#3510 = VERTEX_POINT('',#3511);
#3511 = CARTESIAN_POINT('',(-0.6,-0.625,1.21));
#3512 = LINE('',#3513,#3514);
#3513 = CARTESIAN_POINT('',(-0.6,-0.625,0.));
#3514 = VECTOR('',#3515,1.);
#3515 = DIRECTION('',(0.,0.,1.));
#3516 = ORIENTED_EDGE('',*,*,#3517,.F.);
#3517 = EDGE_CURVE('',#3432,#3508,#3518,.T.);
#3518 = LINE('',#3519,#3520);
#3519 = CARTESIAN_POINT('',(-1.,-0.625,4.E-02));
#3520 = VECTOR('',#3521,1.);
#3521 = DIRECTION('',(1.,0.,0.));
#3522 = ORIENTED_EDGE('',*,*,#3431,.T.);
#3523 = ORIENTED_EDGE('',*,*,#3524,.T.);
#3524 = EDGE_CURVE('',#3434,#3510,#3525,.T.);
#3525 = LINE('',#3526,#3527);
#3526 = CARTESIAN_POINT('',(-1.,-0.625,1.21));
#3527 = VECTOR('',#3528,1.);
#3528 = DIRECTION('',(1.,0.,0.));
#3529 = PLANE('',#3530);
#3530 = AXIS2_PLACEMENT_3D('',#3531,#3532,#3533);
#3531 = CARTESIAN_POINT('',(-1.,-0.625,0.));
#3532 = DIRECTION('',(0.,1.,0.));
#3533 = DIRECTION('',(0.,-0.,1.));
#3534 = ADVANCED_FACE('',(#3535),#3554,.T.);
#3535 = FACE_BOUND('',#3536,.T.);
#3536 = EDGE_LOOP('',(#3537,#3538,#3546,#3553));
#3537 = ORIENTED_EDGE('',*,*,#3441,.T.);
#3538 = ORIENTED_EDGE('',*,*,#3539,.T.);
#3539 = EDGE_CURVE('',#3442,#3540,#3542,.T.);
#3540 = VERTEX_POINT('',#3541);
#3541 = CARTESIAN_POINT('',(-0.6,-0.585,0.));
#3542 = LINE('',#3543,#3544);
#3543 = CARTESIAN_POINT('',(-1.,-0.585,0.));
#3544 = VECTOR('',#3545,1.);
#3545 = DIRECTION('',(1.,0.,0.));
#3546 = ORIENTED_EDGE('',*,*,#3547,.F.);
#3547 = EDGE_CURVE('',#3508,#3540,#3548,.T.);
#3548 = CIRCLE('',#3549,4.E-02);
#3549 = AXIS2_PLACEMENT_3D('',#3550,#3551,#3552);
#3550 = CARTESIAN_POINT('',(-0.6,-0.585,4.E-02));
#3551 = DIRECTION('',(1.,0.,-0.));
#3552 = DIRECTION('',(0.,0.,1.));
#3553 = ORIENTED_EDGE('',*,*,#3517,.F.);
#3554 = CYLINDRICAL_SURFACE('',#3555,4.E-02);
#3555 = AXIS2_PLACEMENT_3D('',#3556,#3557,#3558);
#3556 = CARTESIAN_POINT('',(-1.,-0.585,4.E-02));
#3557 = DIRECTION('',(1.,0.,0.));
#3558 = DIRECTION('',(0.,-1.,0.));
#3559 = ADVANCED_FACE('',(#3560),#3579,.T.);
#3560 = FACE_BOUND('',#3561,.T.);
#3561 = EDGE_LOOP('',(#3562,#3563,#3572,#3578));
#3562 = ORIENTED_EDGE('',*,*,#3524,.T.);
#3563 = ORIENTED_EDGE('',*,*,#3564,.T.);
#3564 = EDGE_CURVE('',#3510,#3565,#3567,.T.);
#3565 = VERTEX_POINT('',#3566);
#3566 = CARTESIAN_POINT('',(-0.6,-0.585,1.25));
#3567 = CIRCLE('',#3568,4.E-02);
#3568 = AXIS2_PLACEMENT_3D('',#3569,#3570,#3571);
#3569 = CARTESIAN_POINT('',(-0.6,-0.585,1.21));
#3570 = DIRECTION('',(-1.,0.,0.));
#3571 = DIRECTION('',(0.,0.,1.));
#3572 = ORIENTED_EDGE('',*,*,#3573,.F.);
#3573 = EDGE_CURVE('',#3485,#3565,#3574,.T.);
#3574 = LINE('',#3575,#3576);
#3575 = CARTESIAN_POINT('',(-1.,-0.585,1.25));
#3576 = VECTOR('',#3577,1.);
#3577 = DIRECTION('',(1.,0.,0.));
#3578 = ORIENTED_EDGE('',*,*,#3492,.F.);
#3579 = CYLINDRICAL_SURFACE('',#3580,4.E-02);
#3580 = AXIS2_PLACEMENT_3D('',#3581,#3582,#3583);
#3581 = CARTESIAN_POINT('',(-1.,-0.585,1.21));
#3582 = DIRECTION('',(1.,0.,0.));
#3583 = DIRECTION('',(0.,-1.,0.));
#3584 = ADVANCED_FACE('',(#3585),#3603,.F.);
#3585 = FACE_BOUND('',#3586,.F.);
#3586 = EDGE_LOOP('',(#3587,#3588,#3589,#3597));
#3587 = ORIENTED_EDGE('',*,*,#3450,.F.);
#3588 = ORIENTED_EDGE('',*,*,#3539,.T.);
#3589 = ORIENTED_EDGE('',*,*,#3590,.T.);
#3590 = EDGE_CURVE('',#3540,#3591,#3593,.T.);
#3591 = VERTEX_POINT('',#3592);
#3592 = CARTESIAN_POINT('',(-0.6,0.585,0.));
#3593 = LINE('',#3594,#3595);
#3594 = CARTESIAN_POINT('',(-0.6,-0.625,0.));
#3595 = VECTOR('',#3596,1.);
#3596 = DIRECTION('',(0.,1.,0.));
#3597 = ORIENTED_EDGE('',*,*,#3598,.F.);
#3598 = EDGE_CURVE('',#3451,#3591,#3599,.T.);
#3599 = LINE('',#3600,#3601);
#3600 = CARTESIAN_POINT('',(-1.,0.585,0.));
#3601 = VECTOR('',#3602,1.);
#3602 = DIRECTION('',(1.,0.,0.));
#3603 = PLANE('',#3604);
#3604 = AXIS2_PLACEMENT_3D('',#3605,#3606,#3607);
#3605 = CARTESIAN_POINT('',(-1.,-0.625,0.));
#3606 = DIRECTION('',(0.,0.,1.));
#3607 = DIRECTION('',(1.,0.,-0.));
#3608 = ADVANCED_FACE('',(#3609),#3627,.T.);
#3609 = FACE_BOUND('',#3610,.T.);
#3610 = EDGE_LOOP('',(#3611,#3612,#3613,#3621));
#3611 = ORIENTED_EDGE('',*,*,#3484,.F.);
#3612 = ORIENTED_EDGE('',*,*,#3573,.T.);
#3613 = ORIENTED_EDGE('',*,*,#3614,.T.);
#3614 = EDGE_CURVE('',#3565,#3615,#3617,.T.);
#3615 = VERTEX_POINT('',#3616);
#3616 = CARTESIAN_POINT('',(-0.6,0.585,1.25));
#3617 = LINE('',#3618,#3619);
#3618 = CARTESIAN_POINT('',(-0.6,-0.625,1.25));
#3619 = VECTOR('',#3620,1.);
#3620 = DIRECTION('',(0.,1.,0.));
#3621 = ORIENTED_EDGE('',*,*,#3622,.F.);
#3622 = EDGE_CURVE('',#3476,#3615,#3623,.T.);
#3623 = LINE('',#3624,#3625);
#3624 = CARTESIAN_POINT('',(-1.,0.585,1.25));
#3625 = VECTOR('',#3626,1.);
#3626 = DIRECTION('',(1.,0.,0.));
#3627 = PLANE('',#3628);
#3628 = AXIS2_PLACEMENT_3D('',#3629,#3630,#3631);
#3629 = CARTESIAN_POINT('',(-1.,-0.625,1.25));
#3630 = DIRECTION('',(0.,0.,1.));
#3631 = DIRECTION('',(1.,0.,-0.));
#3632 = ADVANCED_FACE('',(#3633),#3652,.T.);
#3633 = FACE_BOUND('',#3634,.T.);
#3634 = EDGE_LOOP('',(#3635,#3643,#3650,#3651));
#3635 = ORIENTED_EDGE('',*,*,#3636,.T.);
#3636 = EDGE_CURVE('',#3459,#3637,#3639,.T.);
#3637 = VERTEX_POINT('',#3638);
#3638 = CARTESIAN_POINT('',(-0.6,0.625,4.E-02));
#3639 = LINE('',#3640,#3641);
#3640 = CARTESIAN_POINT('',(-1.,0.625,4.E-02));
#3641 = VECTOR('',#3642,1.);
#3642 = DIRECTION('',(1.,0.,0.));
#3643 = ORIENTED_EDGE('',*,*,#3644,.T.);
#3644 = EDGE_CURVE('',#3637,#3591,#3645,.T.);
#3645 = CIRCLE('',#3646,4.E-02);
#3646 = AXIS2_PLACEMENT_3D('',#3647,#3648,#3649);
#3647 = CARTESIAN_POINT('',(-0.6,0.585,4.E-02));
#3648 = DIRECTION('',(-1.,0.,0.));
#3649 = DIRECTION('',(0.,0.,1.));
#3650 = ORIENTED_EDGE('',*,*,#3598,.F.);
#3651 = ORIENTED_EDGE('',*,*,#3458,.F.);
#3652 = CYLINDRICAL_SURFACE('',#3653,4.E-02);
#3653 = AXIS2_PLACEMENT_3D('',#3654,#3655,#3656);
#3654 = CARTESIAN_POINT('',(-1.,0.585,4.E-02));
#3655 = DIRECTION('',(1.,0.,0.));
#3656 = DIRECTION('',(-0.,1.,0.));
#3657 = ADVANCED_FACE('',(#3658),#3677,.T.);
#3658 = FACE_BOUND('',#3659,.T.);
#3659 = EDGE_LOOP('',(#3660,#3661,#3662,#3671));
#3660 = ORIENTED_EDGE('',*,*,#3475,.T.);
#3661 = ORIENTED_EDGE('',*,*,#3622,.T.);
#3662 = ORIENTED_EDGE('',*,*,#3663,.F.);
#3663 = EDGE_CURVE('',#3664,#3615,#3666,.T.);
#3664 = VERTEX_POINT('',#3665);
#3665 = CARTESIAN_POINT('',(-0.6,0.625,1.21));
#3666 = CIRCLE('',#3667,4.E-02);
#3667 = AXIS2_PLACEMENT_3D('',#3668,#3669,#3670);
#3668 = CARTESIAN_POINT('',(-0.6,0.585,1.21));
#3669 = DIRECTION('',(1.,0.,-0.));
#3670 = DIRECTION('',(0.,0.,1.));
#3671 = ORIENTED_EDGE('',*,*,#3672,.F.);
#3672 = EDGE_CURVE('',#3468,#3664,#3673,.T.);
#3673 = LINE('',#3674,#3675);
#3674 = CARTESIAN_POINT('',(-1.,0.625,1.21));
#3675 = VECTOR('',#3676,1.);
#3676 = DIRECTION('',(1.,0.,0.));
#3677 = CYLINDRICAL_SURFACE('',#3678,4.E-02);
#3678 = AXIS2_PLACEMENT_3D('',#3679,#3680,#3681);
#3679 = CARTESIAN_POINT('',(-1.,0.585,1.21));
#3680 = DIRECTION('',(1.,0.,0.));
#3681 = DIRECTION('',(-0.,1.,0.));
#3682 = ADVANCED_FACE('',(#3683),#3694,.T.);
#3683 = FACE_BOUND('',#3684,.T.);
#3684 = EDGE_LOOP('',(#3685,#3691,#3692,#3693));
#3685 = ORIENTED_EDGE('',*,*,#3686,.F.);
#3686 = EDGE_CURVE('',#3637,#3664,#3687,.T.);
#3687 = LINE('',#3688,#3689);
#3688 = CARTESIAN_POINT('',(-0.6,0.625,0.));
#3689 = VECTOR('',#3690,1.);
#3690 = DIRECTION('',(0.,0.,1.));
#3691 = ORIENTED_EDGE('',*,*,#3636,.F.);
#3692 = ORIENTED_EDGE('',*,*,#3467,.T.);
#3693 = ORIENTED_EDGE('',*,*,#3672,.T.);
#3694 = PLANE('',#3695);
#3695 = AXIS2_PLACEMENT_3D('',#3696,#3697,#3698);
#3696 = CARTESIAN_POINT('',(-1.,0.625,0.));
#3697 = DIRECTION('',(0.,1.,0.));
#3698 = DIRECTION('',(0.,-0.,1.));
#3699 = ADVANCED_FACE('',(#3700,#3710),#3780,.T.);
#3700 = FACE_BOUND('',#3701,.T.);
#3701 = EDGE_LOOP('',(#3702,#3703,#3704,#3705,#3706,#3707,#3708,#3709));
#3702 = ORIENTED_EDGE('',*,*,#3507,.F.);
#3703 = ORIENTED_EDGE('',*,*,#3547,.T.);
#3704 = ORIENTED_EDGE('',*,*,#3590,.T.);
#3705 = ORIENTED_EDGE('',*,*,#3644,.F.);
#3706 = ORIENTED_EDGE('',*,*,#3686,.T.);
#3707 = ORIENTED_EDGE('',*,*,#3663,.T.);
#3708 = ORIENTED_EDGE('',*,*,#3614,.F.);
#3709 = ORIENTED_EDGE('',*,*,#3564,.F.);
#3710 = FACE_BOUND('',#3711,.T.);
#3711 = EDGE_LOOP('',(#3712,#3723,#3731,#3740,#3748,#3757,#3765,#3774));
#3712 = ORIENTED_EDGE('',*,*,#3713,.F.);
#3713 = EDGE_CURVE('',#3714,#3716,#3718,.T.);
#3714 = VERTEX_POINT('',#3715);
#3715 = CARTESIAN_POINT('',(-0.6,-0.585,8.E-02));
#3716 = VERTEX_POINT('',#3717);
#3717 = CARTESIAN_POINT('',(-0.6,-0.545,4.E-02));
#3718 = CIRCLE('',#3719,4.E-02);
#3719 = AXIS2_PLACEMENT_3D('',#3720,#3721,#3722);
#3720 = CARTESIAN_POINT('',(-0.6,-0.545,8.E-02));
#3721 = DIRECTION('',(1.,0.,-0.));
#3722 = DIRECTION('',(0.,0.,1.));
#3723 = ORIENTED_EDGE('',*,*,#3724,.T.);
#3724 = EDGE_CURVE('',#3714,#3725,#3727,.T.);
#3725 = VERTEX_POINT('',#3726);
#3726 = CARTESIAN_POINT('',(-0.6,-0.585,1.17));
#3727 = LINE('',#3728,#3729);
#3728 = CARTESIAN_POINT('',(-0.6,-0.585,4.E-02));
#3729 = VECTOR('',#3730,1.);
#3730 = DIRECTION('',(0.,0.,1.));
#3731 = ORIENTED_EDGE('',*,*,#3732,.T.);
#3732 = EDGE_CURVE('',#3725,#3733,#3735,.T.);
#3733 = VERTEX_POINT('',#3734);
#3734 = CARTESIAN_POINT('',(-0.6,-0.545,1.21));
#3735 = CIRCLE('',#3736,4.E-02);
#3736 = AXIS2_PLACEMENT_3D('',#3737,#3738,#3739);
#3737 = CARTESIAN_POINT('',(-0.6,-0.545,1.17));
#3738 = DIRECTION('',(-1.,0.,0.));
#3739 = DIRECTION('',(0.,0.,1.));
#3740 = ORIENTED_EDGE('',*,*,#3741,.T.);
#3741 = EDGE_CURVE('',#3733,#3742,#3744,.T.);
#3742 = VERTEX_POINT('',#3743);
#3743 = CARTESIAN_POINT('',(-0.6,0.545,1.21));
#3744 = LINE('',#3745,#3746);
#3745 = CARTESIAN_POINT('',(-0.6,-0.585,1.21));
#3746 = VECTOR('',#3747,1.);
#3747 = DIRECTION('',(0.,1.,0.));
#3748 = ORIENTED_EDGE('',*,*,#3749,.F.);
#3749 = EDGE_CURVE('',#3750,#3742,#3752,.T.);
#3750 = VERTEX_POINT('',#3751);
#3751 = CARTESIAN_POINT('',(-0.6,0.585,1.17));
#3752 = CIRCLE('',#3753,4.E-02);
#3753 = AXIS2_PLACEMENT_3D('',#3754,#3755,#3756);
#3754 = CARTESIAN_POINT('',(-0.6,0.545,1.17));
#3755 = DIRECTION('',(1.,0.,-0.));
#3756 = DIRECTION('',(0.,0.,1.));
#3757 = ORIENTED_EDGE('',*,*,#3758,.F.);
#3758 = EDGE_CURVE('',#3759,#3750,#3761,.T.);
#3759 = VERTEX_POINT('',#3760);
#3760 = CARTESIAN_POINT('',(-0.6,0.585,8.E-02));
#3761 = LINE('',#3762,#3763);
#3762 = CARTESIAN_POINT('',(-0.6,0.585,4.E-02));
#3763 = VECTOR('',#3764,1.);
#3764 = DIRECTION('',(0.,0.,1.));
#3765 = ORIENTED_EDGE('',*,*,#3766,.T.);
#3766 = EDGE_CURVE('',#3759,#3767,#3769,.T.);
#3767 = VERTEX_POINT('',#3768);
#3768 = CARTESIAN_POINT('',(-0.6,0.545,4.E-02));
#3769 = CIRCLE('',#3770,4.E-02);
#3770 = AXIS2_PLACEMENT_3D('',#3771,#3772,#3773);
#3771 = CARTESIAN_POINT('',(-0.6,0.545,8.E-02));
#3772 = DIRECTION('',(-1.,0.,0.));
#3773 = DIRECTION('',(0.,0.,1.));
#3774 = ORIENTED_EDGE('',*,*,#3775,.F.);
#3775 = EDGE_CURVE('',#3716,#3767,#3776,.T.);
#3776 = LINE('',#3777,#3778);
#3777 = CARTESIAN_POINT('',(-0.6,-0.585,4.E-02));
#3778 = VECTOR('',#3779,1.);
#3779 = DIRECTION('',(0.,1.,0.));
#3780 = PLANE('',#3781);
#3781 = AXIS2_PLACEMENT_3D('',#3782,#3783,#3784);
#3782 = CARTESIAN_POINT('',(-0.6,-0.625,0.));
#3783 = DIRECTION('',(1.,0.,0.));
#3784 = DIRECTION('',(0.,0.,1.));
#3785 = ADVANCED_FACE('',(#3786),#3812,.T.);
#3786 = FACE_BOUND('',#3787,.T.);
#3787 = EDGE_LOOP('',(#3788,#3789,#3797,#3806));
#3788 = ORIENTED_EDGE('',*,*,#3713,.T.);
#3789 = ORIENTED_EDGE('',*,*,#3790,.T.);
#3790 = EDGE_CURVE('',#3716,#3791,#3793,.T.);
#3791 = VERTEX_POINT('',#3792);
#3792 = CARTESIAN_POINT('',(0.6,-0.545,4.E-02));
#3793 = LINE('',#3794,#3795);
#3794 = CARTESIAN_POINT('',(-0.6,-0.545,4.E-02));
#3795 = VECTOR('',#3796,1.);
#3796 = DIRECTION('',(1.,0.,0.));
#3797 = ORIENTED_EDGE('',*,*,#3798,.F.);
#3798 = EDGE_CURVE('',#3799,#3791,#3801,.T.);
#3799 = VERTEX_POINT('',#3800);
#3800 = CARTESIAN_POINT('',(0.6,-0.585,8.E-02));
#3801 = CIRCLE('',#3802,4.E-02);
#3802 = AXIS2_PLACEMENT_3D('',#3803,#3804,#3805);
#3803 = CARTESIAN_POINT('',(0.6,-0.545,8.E-02));
#3804 = DIRECTION('',(1.,0.,-0.));
#3805 = DIRECTION('',(0.,0.,1.));
#3806 = ORIENTED_EDGE('',*,*,#3807,.F.);
#3807 = EDGE_CURVE('',#3714,#3799,#3808,.T.);
#3808 = LINE('',#3809,#3810);
#3809 = CARTESIAN_POINT('',(-0.6,-0.585,8.E-02));
#3810 = VECTOR('',#3811,1.);
#3811 = DIRECTION('',(1.,0.,0.));
#3812 = CYLINDRICAL_SURFACE('',#3813,4.E-02);
#3813 = AXIS2_PLACEMENT_3D('',#3814,#3815,#3816);
#3814 = CARTESIAN_POINT('',(-0.6,-0.545,8.E-02));
#3815 = DIRECTION('',(1.,0.,0.));
#3816 = DIRECTION('',(0.,-1.,0.));
#3817 = ADVANCED_FACE('',(#3818),#3836,.F.);
#3818 = FACE_BOUND('',#3819,.F.);
#3819 = EDGE_LOOP('',(#3820,#3821,#3822,#3830));
#3820 = ORIENTED_EDGE('',*,*,#3775,.F.);
#3821 = ORIENTED_EDGE('',*,*,#3790,.T.);
#3822 = ORIENTED_EDGE('',*,*,#3823,.T.);
#3823 = EDGE_CURVE('',#3791,#3824,#3826,.T.);
#3824 = VERTEX_POINT('',#3825);
#3825 = CARTESIAN_POINT('',(0.6,0.545,4.E-02));
#3826 = LINE('',#3827,#3828);
#3827 = CARTESIAN_POINT('',(0.6,-0.585,4.E-02));
#3828 = VECTOR('',#3829,1.);
#3829 = DIRECTION('',(0.,1.,0.));
#3830 = ORIENTED_EDGE('',*,*,#3831,.F.);
#3831 = EDGE_CURVE('',#3767,#3824,#3832,.T.);
#3832 = LINE('',#3833,#3834);
#3833 = CARTESIAN_POINT('',(-0.6,0.545,4.E-02));
#3834 = VECTOR('',#3835,1.);
#3835 = DIRECTION('',(1.,0.,0.));
#3836 = PLANE('',#3837);
#3837 = AXIS2_PLACEMENT_3D('',#3838,#3839,#3840);
#3838 = CARTESIAN_POINT('',(-0.6,-0.585,4.E-02));
#3839 = DIRECTION('',(0.,0.,1.));
#3840 = DIRECTION('',(1.,0.,-0.));
#3841 = ADVANCED_FACE('',(#3842),#3861,.T.);
#3842 = FACE_BOUND('',#3843,.T.);
#3843 = EDGE_LOOP('',(#3844,#3852,#3859,#3860));
#3844 = ORIENTED_EDGE('',*,*,#3845,.T.);
#3845 = EDGE_CURVE('',#3759,#3846,#3848,.T.);
#3846 = VERTEX_POINT('',#3847);
#3847 = CARTESIAN_POINT('',(0.6,0.585,8.E-02));
#3848 = LINE('',#3849,#3850);
#3849 = CARTESIAN_POINT('',(-0.6,0.585,8.E-02));
#3850 = VECTOR('',#3851,1.);
#3851 = DIRECTION('',(1.,0.,0.));
#3852 = ORIENTED_EDGE('',*,*,#3853,.T.);
#3853 = EDGE_CURVE('',#3846,#3824,#3854,.T.);
#3854 = CIRCLE('',#3855,4.E-02);
#3855 = AXIS2_PLACEMENT_3D('',#3856,#3857,#3858);
#3856 = CARTESIAN_POINT('',(0.6,0.545,8.E-02));
#3857 = DIRECTION('',(-1.,0.,0.));
#3858 = DIRECTION('',(0.,0.,1.));
#3859 = ORIENTED_EDGE('',*,*,#3831,.F.);
#3860 = ORIENTED_EDGE('',*,*,#3766,.F.);
#3861 = CYLINDRICAL_SURFACE('',#3862,4.E-02);
#3862 = AXIS2_PLACEMENT_3D('',#3863,#3864,#3865);
#3863 = CARTESIAN_POINT('',(-0.6,0.545,8.E-02));
#3864 = DIRECTION('',(1.,0.,0.));
#3865 = DIRECTION('',(-0.,1.,0.));
#3866 = ADVANCED_FACE('',(#3867),#3885,.T.);
#3867 = FACE_BOUND('',#3868,.T.);
#3868 = EDGE_LOOP('',(#3869,#3877,#3878,#3879));
#3869 = ORIENTED_EDGE('',*,*,#3870,.F.);
#3870 = EDGE_CURVE('',#3846,#3871,#3873,.T.);
#3871 = VERTEX_POINT('',#3872);
#3872 = CARTESIAN_POINT('',(0.6,0.585,1.17));
#3873 = LINE('',#3874,#3875);
#3874 = CARTESIAN_POINT('',(0.6,0.585,4.E-02));
#3875 = VECTOR('',#3876,1.);
#3876 = DIRECTION('',(0.,0.,1.));
#3877 = ORIENTED_EDGE('',*,*,#3845,.F.);
#3878 = ORIENTED_EDGE('',*,*,#3758,.T.);
#3879 = ORIENTED_EDGE('',*,*,#3880,.T.);
#3880 = EDGE_CURVE('',#3750,#3871,#3881,.T.);
#3881 = LINE('',#3882,#3883);
#3882 = CARTESIAN_POINT('',(-0.6,0.585,1.17));
#3883 = VECTOR('',#3884,1.);
#3884 = DIRECTION('',(1.,0.,0.));
#3885 = PLANE('',#3886);
#3886 = AXIS2_PLACEMENT_3D('',#3887,#3888,#3889);
#3887 = CARTESIAN_POINT('',(-0.6,0.585,4.E-02));
#3888 = DIRECTION('',(0.,1.,0.));
#3889 = DIRECTION('',(0.,-0.,1.));
#3890 = ADVANCED_FACE('',(#3891),#3910,.T.);
#3891 = FACE_BOUND('',#3892,.T.);
#3892 = EDGE_LOOP('',(#3893,#3894,#3902,#3909));
#3893 = ORIENTED_EDGE('',*,*,#3749,.T.);
#3894 = ORIENTED_EDGE('',*,*,#3895,.T.);
#3895 = EDGE_CURVE('',#3742,#3896,#3898,.T.);
#3896 = VERTEX_POINT('',#3897);
#3897 = CARTESIAN_POINT('',(0.6,0.545,1.21));
#3898 = LINE('',#3899,#3900);
#3899 = CARTESIAN_POINT('',(-0.6,0.545,1.21));
#3900 = VECTOR('',#3901,1.);
#3901 = DIRECTION('',(1.,0.,0.));
#3902 = ORIENTED_EDGE('',*,*,#3903,.F.);
#3903 = EDGE_CURVE('',#3871,#3896,#3904,.T.);
#3904 = CIRCLE('',#3905,4.E-02);
#3905 = AXIS2_PLACEMENT_3D('',#3906,#3907,#3908);
#3906 = CARTESIAN_POINT('',(0.6,0.545,1.17));
#3907 = DIRECTION('',(1.,0.,-0.));
#3908 = DIRECTION('',(0.,0.,1.));
#3909 = ORIENTED_EDGE('',*,*,#3880,.F.);
#3910 = CYLINDRICAL_SURFACE('',#3911,4.E-02);
#3911 = AXIS2_PLACEMENT_3D('',#3912,#3913,#3914);
#3912 = CARTESIAN_POINT('',(-0.6,0.545,1.17));
#3913 = DIRECTION('',(1.,0.,0.));
#3914 = DIRECTION('',(-0.,1.,0.));
#3915 = ADVANCED_FACE('',(#3916),#3934,.T.);
#3916 = FACE_BOUND('',#3917,.T.);
#3917 = EDGE_LOOP('',(#3918,#3919,#3927,#3933));
#3918 = ORIENTED_EDGE('',*,*,#3741,.F.);
#3919 = ORIENTED_EDGE('',*,*,#3920,.T.);
#3920 = EDGE_CURVE('',#3733,#3921,#3923,.T.);
#3921 = VERTEX_POINT('',#3922);
#3922 = CARTESIAN_POINT('',(0.6,-0.545,1.21));
#3923 = LINE('',#3924,#3925);
#3924 = CARTESIAN_POINT('',(-0.6,-0.545,1.21));
#3925 = VECTOR('',#3926,1.);
#3926 = DIRECTION('',(1.,0.,0.));
#3927 = ORIENTED_EDGE('',*,*,#3928,.T.);
#3928 = EDGE_CURVE('',#3921,#3896,#3929,.T.);
#3929 = LINE('',#3930,#3931);
#3930 = CARTESIAN_POINT('',(0.6,-0.585,1.21));
#3931 = VECTOR('',#3932,1.);
#3932 = DIRECTION('',(0.,1.,0.));
#3933 = ORIENTED_EDGE('',*,*,#3895,.F.);
#3934 = PLANE('',#3935);
#3935 = AXIS2_PLACEMENT_3D('',#3936,#3937,#3938);
#3936 = CARTESIAN_POINT('',(-0.6,-0.585,1.21));
#3937 = DIRECTION('',(0.,0.,1.));
#3938 = DIRECTION('',(1.,0.,-0.));
#3939 = ADVANCED_FACE('',(#3940),#3959,.T.);
#3940 = FACE_BOUND('',#3941,.T.);
#3941 = EDGE_LOOP('',(#3942,#3950,#3957,#3958));
#3942 = ORIENTED_EDGE('',*,*,#3943,.T.);
#3943 = EDGE_CURVE('',#3725,#3944,#3946,.T.);
#3944 = VERTEX_POINT('',#3945);
#3945 = CARTESIAN_POINT('',(0.6,-0.585,1.17));
#3946 = LINE('',#3947,#3948);
#3947 = CARTESIAN_POINT('',(-0.6,-0.585,1.17));
#3948 = VECTOR('',#3949,1.);
#3949 = DIRECTION('',(1.,0.,0.));
#3950 = ORIENTED_EDGE('',*,*,#3951,.T.);
#3951 = EDGE_CURVE('',#3944,#3921,#3952,.T.);
#3952 = CIRCLE('',#3953,4.E-02);
#3953 = AXIS2_PLACEMENT_3D('',#3954,#3955,#3956);
#3954 = CARTESIAN_POINT('',(0.6,-0.545,1.17));
#3955 = DIRECTION('',(-1.,0.,0.));
#3956 = DIRECTION('',(0.,0.,1.));
#3957 = ORIENTED_EDGE('',*,*,#3920,.F.);
#3958 = ORIENTED_EDGE('',*,*,#3732,.F.);
#3959 = CYLINDRICAL_SURFACE('',#3960,4.E-02);
#3960 = AXIS2_PLACEMENT_3D('',#3961,#3962,#3963);
#3961 = CARTESIAN_POINT('',(-0.6,-0.545,1.17));
#3962 = DIRECTION('',(1.,0.,0.));
#3963 = DIRECTION('',(0.,-1.,0.));
#3964 = ADVANCED_FACE('',(#3965),#3976,.F.);
#3965 = FACE_BOUND('',#3966,.F.);
#3966 = EDGE_LOOP('',(#3967,#3973,#3974,#3975));
#3967 = ORIENTED_EDGE('',*,*,#3968,.F.);
#3968 = EDGE_CURVE('',#3799,#3944,#3969,.T.);
#3969 = LINE('',#3970,#3971);
#3970 = CARTESIAN_POINT('',(0.6,-0.585,4.E-02));
#3971 = VECTOR('',#3972,1.);
#3972 = DIRECTION('',(0.,0.,1.));
#3973 = ORIENTED_EDGE('',*,*,#3807,.F.);
#3974 = ORIENTED_EDGE('',*,*,#3724,.T.);
#3975 = ORIENTED_EDGE('',*,*,#3943,.T.);
#3976 = PLANE('',#3977);
#3977 = AXIS2_PLACEMENT_3D('',#3978,#3979,#3980);
#3978 = CARTESIAN_POINT('',(-0.6,-0.585,4.E-02));
#3979 = DIRECTION('',(0.,1.,0.));
#3980 = DIRECTION('',(0.,-0.,1.));
#3981 = ADVANCED_FACE('',(#3982,#4052),#4062,.F.);
#3982 = FACE_BOUND('',#3983,.F.);
#3983 = EDGE_LOOP('',(#3984,#3994,#4003,#4011,#4020,#4028,#4037,#4045));
#3984 = ORIENTED_EDGE('',*,*,#3985,.F.);
#3985 = EDGE_CURVE('',#3986,#3988,#3990,.T.);
#3986 = VERTEX_POINT('',#3987);
#3987 = CARTESIAN_POINT('',(0.6,-0.625,4.E-02));
#3988 = VERTEX_POINT('',#3989);
#3989 = CARTESIAN_POINT('',(0.6,-0.625,1.21));
#3990 = LINE('',#3991,#3992);
#3991 = CARTESIAN_POINT('',(0.6,-0.625,0.));
#3992 = VECTOR('',#3993,1.);
#3993 = DIRECTION('',(0.,0.,1.));
#3994 = ORIENTED_EDGE('',*,*,#3995,.T.);
#3995 = EDGE_CURVE('',#3986,#3996,#3998,.T.);
#3996 = VERTEX_POINT('',#3997);
#3997 = CARTESIAN_POINT('',(0.6,-0.585,0.));
#3998 = CIRCLE('',#3999,4.E-02);
#3999 = AXIS2_PLACEMENT_3D('',#4000,#4001,#4002);
#4000 = CARTESIAN_POINT('',(0.6,-0.585,4.E-02));
#4001 = DIRECTION('',(1.,0.,-0.));
#4002 = DIRECTION('',(0.,0.,1.));
#4003 = ORIENTED_EDGE('',*,*,#4004,.T.);
#4004 = EDGE_CURVE('',#3996,#4005,#4007,.T.);
#4005 = VERTEX_POINT('',#4006);
#4006 = CARTESIAN_POINT('',(0.6,0.585,0.));
#4007 = LINE('',#4008,#4009);
#4008 = CARTESIAN_POINT('',(0.6,-0.625,0.));
#4009 = VECTOR('',#4010,1.);
#4010 = DIRECTION('',(0.,1.,0.));
#4011 = ORIENTED_EDGE('',*,*,#4012,.F.);
#4012 = EDGE_CURVE('',#4013,#4005,#4015,.T.);
#4013 = VERTEX_POINT('',#4014);
#4014 = CARTESIAN_POINT('',(0.6,0.625,4.E-02));
#4015 = CIRCLE('',#4016,4.E-02);
#4016 = AXIS2_PLACEMENT_3D('',#4017,#4018,#4019);
#4017 = CARTESIAN_POINT('',(0.6,0.585,4.E-02));
#4018 = DIRECTION('',(-1.,0.,0.));
#4019 = DIRECTION('',(0.,0.,1.));
#4020 = ORIENTED_EDGE('',*,*,#4021,.T.);
#4021 = EDGE_CURVE('',#4013,#4022,#4024,.T.);
#4022 = VERTEX_POINT('',#4023);
#4023 = CARTESIAN_POINT('',(0.6,0.625,1.21));
#4024 = LINE('',#4025,#4026);
#4025 = CARTESIAN_POINT('',(0.6,0.625,0.));
#4026 = VECTOR('',#4027,1.);
#4027 = DIRECTION('',(0.,0.,1.));
#4028 = ORIENTED_EDGE('',*,*,#4029,.T.);
#4029 = EDGE_CURVE('',#4022,#4030,#4032,.T.);
#4030 = VERTEX_POINT('',#4031);
#4031 = CARTESIAN_POINT('',(0.6,0.585,1.25));
#4032 = CIRCLE('',#4033,4.E-02);
#4033 = AXIS2_PLACEMENT_3D('',#4034,#4035,#4036);
#4034 = CARTESIAN_POINT('',(0.6,0.585,1.21));
#4035 = DIRECTION('',(1.,0.,-0.));
#4036 = DIRECTION('',(0.,0.,1.));
#4037 = ORIENTED_EDGE('',*,*,#4038,.F.);
#4038 = EDGE_CURVE('',#4039,#4030,#4041,.T.);
#4039 = VERTEX_POINT('',#4040);
#4040 = CARTESIAN_POINT('',(0.6,-0.585,1.25));
#4041 = LINE('',#4042,#4043);
#4042 = CARTESIAN_POINT('',(0.6,-0.625,1.25));
#4043 = VECTOR('',#4044,1.);
#4044 = DIRECTION('',(0.,1.,0.));
#4045 = ORIENTED_EDGE('',*,*,#4046,.F.);
#4046 = EDGE_CURVE('',#3988,#4039,#4047,.T.);
#4047 = CIRCLE('',#4048,4.E-02);
#4048 = AXIS2_PLACEMENT_3D('',#4049,#4050,#4051);
#4049 = CARTESIAN_POINT('',(0.6,-0.585,1.21));
#4050 = DIRECTION('',(-1.,0.,0.));
#4051 = DIRECTION('',(0.,0.,1.));
#4052 = FACE_BOUND('',#4053,.F.);
#4053 = EDGE_LOOP('',(#4054,#4055,#4056,#4057,#4058,#4059,#4060,#4061));
#4054 = ORIENTED_EDGE('',*,*,#3798,.F.);
#4055 = ORIENTED_EDGE('',*,*,#3968,.T.);
#4056 = ORIENTED_EDGE('',*,*,#3951,.T.);
#4057 = ORIENTED_EDGE('',*,*,#3928,.T.);
#4058 = ORIENTED_EDGE('',*,*,#3903,.F.);
#4059 = ORIENTED_EDGE('',*,*,#3870,.F.);
#4060 = ORIENTED_EDGE('',*,*,#3853,.T.);
#4061 = ORIENTED_EDGE('',*,*,#3823,.F.);
#4062 = PLANE('',#4063);
#4063 = AXIS2_PLACEMENT_3D('',#4064,#4065,#4066);
#4064 = CARTESIAN_POINT('',(0.6,-0.625,0.));
#4065 = DIRECTION('',(1.,0.,0.));
#4066 = DIRECTION('',(0.,0.,1.));
#4067 = ADVANCED_FACE('',(#4068),#4093,.F.);
#4068 = FACE_BOUND('',#4069,.F.);
#4069 = EDGE_LOOP('',(#4070,#4080,#4086,#4087));
#4070 = ORIENTED_EDGE('',*,*,#4071,.F.);
#4071 = EDGE_CURVE('',#4072,#4074,#4076,.T.);
#4072 = VERTEX_POINT('',#4073);
#4073 = CARTESIAN_POINT('',(1.,-0.625,4.E-02));
#4074 = VERTEX_POINT('',#4075);
#4075 = CARTESIAN_POINT('',(1.,-0.625,1.21));
#4076 = LINE('',#4077,#4078);
#4077 = CARTESIAN_POINT('',(1.,-0.625,0.));
#4078 = VECTOR('',#4079,1.);
#4079 = DIRECTION('',(0.,0.,1.));
#4080 = ORIENTED_EDGE('',*,*,#4081,.F.);
#4081 = EDGE_CURVE('',#3986,#4072,#4082,.T.);
#4082 = LINE('',#4083,#4084);
#4083 = CARTESIAN_POINT('',(0.6,-0.625,4.E-02));
#4084 = VECTOR('',#4085,1.);
#4085 = DIRECTION('',(1.,0.,0.));
#4086 = ORIENTED_EDGE('',*,*,#3985,.T.);
#4087 = ORIENTED_EDGE('',*,*,#4088,.T.);
#4088 = EDGE_CURVE('',#3988,#4074,#4089,.T.);
#4089 = LINE('',#4090,#4091);
#4090 = CARTESIAN_POINT('',(0.6,-0.625,1.21));
#4091 = VECTOR('',#4092,1.);
#4092 = DIRECTION('',(1.,0.,0.));
#4093 = PLANE('',#4094);
#4094 = AXIS2_PLACEMENT_3D('',#4095,#4096,#4097);
#4095 = CARTESIAN_POINT('',(0.6,-0.625,0.));
#4096 = DIRECTION('',(0.,1.,0.));
#4097 = DIRECTION('',(0.,-0.,1.));
#4098 = ADVANCED_FACE('',(#4099),#4118,.T.);
#4099 = FACE_BOUND('',#4100,.T.);
#4100 = EDGE_LOOP('',(#4101,#4102,#4110,#4117));
#4101 = ORIENTED_EDGE('',*,*,#3995,.T.);
#4102 = ORIENTED_EDGE('',*,*,#4103,.T.);
#4103 = EDGE_CURVE('',#3996,#4104,#4106,.T.);
#4104 = VERTEX_POINT('',#4105);
#4105 = CARTESIAN_POINT('',(1.,-0.585,0.));
#4106 = LINE('',#4107,#4108);
#4107 = CARTESIAN_POINT('',(0.6,-0.585,0.));
#4108 = VECTOR('',#4109,1.);
#4109 = DIRECTION('',(1.,0.,0.));
#4110 = ORIENTED_EDGE('',*,*,#4111,.F.);
#4111 = EDGE_CURVE('',#4072,#4104,#4112,.T.);
#4112 = CIRCLE('',#4113,4.E-02);
#4113 = AXIS2_PLACEMENT_3D('',#4114,#4115,#4116);
#4114 = CARTESIAN_POINT('',(1.,-0.585,4.E-02));
#4115 = DIRECTION('',(1.,0.,-0.));
#4116 = DIRECTION('',(0.,0.,1.));
#4117 = ORIENTED_EDGE('',*,*,#4081,.F.);
#4118 = CYLINDRICAL_SURFACE('',#4119,4.E-02);
#4119 = AXIS2_PLACEMENT_3D('',#4120,#4121,#4122);
#4120 = CARTESIAN_POINT('',(0.6,-0.585,4.E-02));
#4121 = DIRECTION('',(1.,0.,0.));
#4122 = DIRECTION('',(0.,-1.,0.));
#4123 = ADVANCED_FACE('',(#4124),#4143,.T.);
#4124 = FACE_BOUND('',#4125,.T.);
#4125 = EDGE_LOOP('',(#4126,#4127,#4136,#4142));
#4126 = ORIENTED_EDGE('',*,*,#4088,.T.);
#4127 = ORIENTED_EDGE('',*,*,#4128,.T.);
#4128 = EDGE_CURVE('',#4074,#4129,#4131,.T.);
#4129 = VERTEX_POINT('',#4130);
#4130 = CARTESIAN_POINT('',(1.,-0.585,1.25));
#4131 = CIRCLE('',#4132,4.E-02);
#4132 = AXIS2_PLACEMENT_3D('',#4133,#4134,#4135);
#4133 = CARTESIAN_POINT('',(1.,-0.585,1.21));
#4134 = DIRECTION('',(-1.,0.,0.));
#4135 = DIRECTION('',(0.,0.,1.));
#4136 = ORIENTED_EDGE('',*,*,#4137,.F.);
#4137 = EDGE_CURVE('',#4039,#4129,#4138,.T.);
#4138 = LINE('',#4139,#4140);
#4139 = CARTESIAN_POINT('',(0.6,-0.585,1.25));
#4140 = VECTOR('',#4141,1.);
#4141 = DIRECTION('',(1.,0.,0.));
#4142 = ORIENTED_EDGE('',*,*,#4046,.F.);
#4143 = CYLINDRICAL_SURFACE('',#4144,4.E-02);
#4144 = AXIS2_PLACEMENT_3D('',#4145,#4146,#4147);
#4145 = CARTESIAN_POINT('',(0.6,-0.585,1.21));
#4146 = DIRECTION('',(1.,0.,0.));
#4147 = DIRECTION('',(0.,-1.,0.));
#4148 = ADVANCED_FACE('',(#4149),#4167,.F.);
#4149 = FACE_BOUND('',#4150,.F.);
#4150 = EDGE_LOOP('',(#4151,#4152,#4153,#4161));
#4151 = ORIENTED_EDGE('',*,*,#4004,.F.);
#4152 = ORIENTED_EDGE('',*,*,#4103,.T.);
#4153 = ORIENTED_EDGE('',*,*,#4154,.T.);
#4154 = EDGE_CURVE('',#4104,#4155,#4157,.T.);
#4155 = VERTEX_POINT('',#4156);
#4156 = CARTESIAN_POINT('',(1.,0.585,0.));
#4157 = LINE('',#4158,#4159);
#4158 = CARTESIAN_POINT('',(1.,-0.625,0.));
#4159 = VECTOR('',#4160,1.);
#4160 = DIRECTION('',(0.,1.,0.));
#4161 = ORIENTED_EDGE('',*,*,#4162,.F.);
#4162 = EDGE_CURVE('',#4005,#4155,#4163,.T.);
#4163 = LINE('',#4164,#4165);
#4164 = CARTESIAN_POINT('',(0.6,0.585,0.));
#4165 = VECTOR('',#4166,1.);
#4166 = DIRECTION('',(1.,0.,0.));
#4167 = PLANE('',#4168);
#4168 = AXIS2_PLACEMENT_3D('',#4169,#4170,#4171);
#4169 = CARTESIAN_POINT('',(0.6,-0.625,0.));
#4170 = DIRECTION('',(0.,0.,1.));
#4171 = DIRECTION('',(1.,0.,-0.));
#4172 = ADVANCED_FACE('',(#4173),#4191,.T.);
#4173 = FACE_BOUND('',#4174,.T.);
#4174 = EDGE_LOOP('',(#4175,#4176,#4177,#4185));
#4175 = ORIENTED_EDGE('',*,*,#4038,.F.);
#4176 = ORIENTED_EDGE('',*,*,#4137,.T.);
#4177 = ORIENTED_EDGE('',*,*,#4178,.T.);
#4178 = EDGE_CURVE('',#4129,#4179,#4181,.T.);
#4179 = VERTEX_POINT('',#4180);
#4180 = CARTESIAN_POINT('',(1.,0.585,1.25));
#4181 = LINE('',#4182,#4183);
#4182 = CARTESIAN_POINT('',(1.,-0.625,1.25));
#4183 = VECTOR('',#4184,1.);
#4184 = DIRECTION('',(0.,1.,0.));
#4185 = ORIENTED_EDGE('',*,*,#4186,.F.);
#4186 = EDGE_CURVE('',#4030,#4179,#4187,.T.);
#4187 = LINE('',#4188,#4189);
#4188 = CARTESIAN_POINT('',(0.6,0.585,1.25));
#4189 = VECTOR('',#4190,1.);
#4190 = DIRECTION('',(1.,0.,0.));
#4191 = PLANE('',#4192);
#4192 = AXIS2_PLACEMENT_3D('',#4193,#4194,#4195);
#4193 = CARTESIAN_POINT('',(0.6,-0.625,1.25));
#4194 = DIRECTION('',(0.,0.,1.));
#4195 = DIRECTION('',(1.,0.,-0.));
#4196 = ADVANCED_FACE('',(#4197),#4216,.T.);
#4197 = FACE_BOUND('',#4198,.T.);
#4198 = EDGE_LOOP('',(#4199,#4207,#4214,#4215));
#4199 = ORIENTED_EDGE('',*,*,#4200,.T.);
#4200 = EDGE_CURVE('',#4013,#4201,#4203,.T.);
#4201 = VERTEX_POINT('',#4202);
#4202 = CARTESIAN_POINT('',(1.,0.625,4.E-02));
#4203 = LINE('',#4204,#4205);
#4204 = CARTESIAN_POINT('',(0.6,0.625,4.E-02));
#4205 = VECTOR('',#4206,1.);
#4206 = DIRECTION('',(1.,0.,0.));
#4207 = ORIENTED_EDGE('',*,*,#4208,.T.);
#4208 = EDGE_CURVE('',#4201,#4155,#4209,.T.);
#4209 = CIRCLE('',#4210,4.E-02);
#4210 = AXIS2_PLACEMENT_3D('',#4211,#4212,#4213);
#4211 = CARTESIAN_POINT('',(1.,0.585,4.E-02));
#4212 = DIRECTION('',(-1.,0.,0.));
#4213 = DIRECTION('',(0.,0.,1.));
#4214 = ORIENTED_EDGE('',*,*,#4162,.F.);
#4215 = ORIENTED_EDGE('',*,*,#4012,.F.);
#4216 = CYLINDRICAL_SURFACE('',#4217,4.E-02);
#4217 = AXIS2_PLACEMENT_3D('',#4218,#4219,#4220);
#4218 = CARTESIAN_POINT('',(0.6,0.585,4.E-02));
#4219 = DIRECTION('',(1.,0.,0.));
#4220 = DIRECTION('',(-0.,1.,0.));
#4221 = ADVANCED_FACE('',(#4222),#4241,.T.);
#4222 = FACE_BOUND('',#4223,.T.);
#4223 = EDGE_LOOP('',(#4224,#4225,#4226,#4235));
#4224 = ORIENTED_EDGE('',*,*,#4029,.T.);
#4225 = ORIENTED_EDGE('',*,*,#4186,.T.);
#4226 = ORIENTED_EDGE('',*,*,#4227,.F.);
#4227 = EDGE_CURVE('',#4228,#4179,#4230,.T.);
#4228 = VERTEX_POINT('',#4229);
#4229 = CARTESIAN_POINT('',(1.,0.625,1.21));
#4230 = CIRCLE('',#4231,4.E-02);
#4231 = AXIS2_PLACEMENT_3D('',#4232,#4233,#4234);
#4232 = CARTESIAN_POINT('',(1.,0.585,1.21));
#4233 = DIRECTION('',(1.,0.,-0.));
#4234 = DIRECTION('',(0.,0.,1.));
#4235 = ORIENTED_EDGE('',*,*,#4236,.F.);
#4236 = EDGE_CURVE('',#4022,#4228,#4237,.T.);
#4237 = LINE('',#4238,#4239);
#4238 = CARTESIAN_POINT('',(0.6,0.625,1.21));
#4239 = VECTOR('',#4240,1.);
#4240 = DIRECTION('',(1.,0.,0.));
#4241 = CYLINDRICAL_SURFACE('',#4242,4.E-02);
#4242 = AXIS2_PLACEMENT_3D('',#4243,#4244,#4245);
#4243 = CARTESIAN_POINT('',(0.6,0.585,1.21));
#4244 = DIRECTION('',(1.,0.,0.));
#4245 = DIRECTION('',(-0.,1.,0.));
#4246 = ADVANCED_FACE('',(#4247),#4258,.T.);
#4247 = FACE_BOUND('',#4248,.T.);
#4248 = EDGE_LOOP('',(#4249,#4255,#4256,#4257));
#4249 = ORIENTED_EDGE('',*,*,#4250,.F.);
#4250 = EDGE_CURVE('',#4201,#4228,#4251,.T.);
#4251 = LINE('',#4252,#4253);
#4252 = CARTESIAN_POINT('',(1.,0.625,0.));
#4253 = VECTOR('',#4254,1.);
#4254 = DIRECTION('',(0.,0.,1.));
#4255 = ORIENTED_EDGE('',*,*,#4200,.F.);
#4256 = ORIENTED_EDGE('',*,*,#4021,.T.);
#4257 = ORIENTED_EDGE('',*,*,#4236,.T.);
#4258 = PLANE('',#4259);
#4259 = AXIS2_PLACEMENT_3D('',#4260,#4261,#4262);
#4260 = CARTESIAN_POINT('',(0.6,0.625,0.));
#4261 = DIRECTION('',(0.,1.,0.));
#4262 = DIRECTION('',(0.,-0.,1.));
#4263 = ADVANCED_FACE('',(#4264),#4274,.T.);
#4264 = FACE_BOUND('',#4265,.T.);
#4265 = EDGE_LOOP('',(#4266,#4267,#4268,#4269,#4270,#4271,#4272,#4273));
#4266 = ORIENTED_EDGE('',*,*,#4071,.F.);
#4267 = ORIENTED_EDGE('',*,*,#4111,.T.);
#4268 = ORIENTED_EDGE('',*,*,#4154,.T.);
#4269 = ORIENTED_EDGE('',*,*,#4208,.F.);
#4270 = ORIENTED_EDGE('',*,*,#4250,.T.);
#4271 = ORIENTED_EDGE('',*,*,#4227,.T.);
#4272 = ORIENTED_EDGE('',*,*,#4178,.F.);
#4273 = ORIENTED_EDGE('',*,*,#4128,.F.);
#4274 = PLANE('',#4275);
#4275 = AXIS2_PLACEMENT_3D('',#4276,#4277,#4278);
#4276 = CARTESIAN_POINT('',(1.,-0.625,0.));
#4277 = DIRECTION('',(1.,0.,0.));
#4278 = DIRECTION('',(0.,0.,1.));
#4279 = ( GEOMETRIC_REPRESENTATION_CONTEXT(3) 
GLOBAL_UNCERTAINTY_ASSIGNED_CONTEXT((#4283)) 
GLOBAL_UNIT_ASSIGNED_CONTEXT((#4280,#4281,#4282)) REPRESENTATION_CONTEXT
('Context #1','3D Context with UNIT and UNCERTAINTY') );
#4280 = ( LENGTH_UNIT() NAMED_UNIT(*) SI_UNIT(.MILLI.,.METRE.) );
#4281 = ( NAMED_UNIT(*) PLANE_ANGLE_UNIT() SI_UNIT($,.RADIAN.) );
#4282 = ( NAMED_UNIT(*) SI_UNIT($,.STERADIAN.) SOLID_ANGLE_UNIT() );
#4283 = UNCERTAINTY_MEASURE_WITH_UNIT(LENGTH_MEASURE(1.E-07),#4280,
  'distance_accuracy_value','confusion accuracy');
#4284 = CONTEXT_DEPENDENT_SHAPE_REPRESENTATION(#4285,#4287);
#4285 = ( REPRESENTATION_RELATIONSHIP('','',#3424,#3401) 
REPRESENTATION_RELATIONSHIP_WITH_TRANSFORMATION(#4286) 
SHAPE_REPRESENTATION_RELATIONSHIP() );
#4286 = ITEM_DEFINED_TRANSFORMATION('','',#11,#3402);
#4287 = PRODUCT_DEFINITION_SHAPE('Placement','Placement of an item',
  #4288);
#4288 = NEXT_ASSEMBLY_USAGE_OCCURRENCE('7','=>[0:1:1:9]','',#3396,#3419,
  $);
#4289 = PRODUCT_RELATED_PRODUCT_CATEGORY('part',$,(#3421));
#4290 = CONTEXT_DEPENDENT_SHAPE_REPRESENTATION(#4291,#4293);
#4291 = ( REPRESENTATION_RELATIONSHIP('','',#2569,#10) 
REPRESENTATION_RELATIONSHIP_WITH_TRANSFORMATION(#4292) 
SHAPE_REPRESENTATION_RELATIONSHIP() );
#4292 = ITEM_DEFINED_TRANSFORMATION('','',#11,#31);
#4293 = PRODUCT_DEFINITION_SHAPE('Placement','Placement of an item',
  #4294);
#4294 = NEXT_ASSEMBLY_USAGE_OCCURRENCE('9','R7','',#5,#2564,$);
#4295 = CONTEXT_DEPENDENT_SHAPE_REPRESENTATION(#4296,#4298);
#4296 = ( REPRESENTATION_RELATIONSHIP('','',#1673,#10) 
REPRESENTATION_RELATIONSHIP_WITH_TRANSFORMATION(#4297) 
SHAPE_REPRESENTATION_RELATIONSHIP() );
#4297 = ITEM_DEFINED_TRANSFORMATION('','',#11,#35);
#4298 = PRODUCT_DEFINITION_SHAPE('Placement','Placement of an item',
  #4299);
#4299 = NEXT_ASSEMBLY_USAGE_OCCURRENCE('10','C2','',#5,#1668,$);
#4300 = CONTEXT_DEPENDENT_SHAPE_REPRESENTATION(#4301,#4303);
#4301 = ( REPRESENTATION_RELATIONSHIP('','',#2569,#10) 
REPRESENTATION_RELATIONSHIP_WITH_TRANSFORMATION(#4302) 
SHAPE_REPRESENTATION_RELATIONSHIP() );
#4302 = ITEM_DEFINED_TRANSFORMATION('','',#11,#39);
#4303 = PRODUCT_DEFINITION_SHAPE('Placement','Placement of an item',
  #4304);
#4304 = NEXT_ASSEMBLY_USAGE_OCCURRENCE('11','R10','',#5,#2564,$);
#4305 = CONTEXT_DEPENDENT_SHAPE_REPRESENTATION(#4306,#4308);
#4306 = ( REPRESENTATION_RELATIONSHIP('','',#108,#10) 
REPRESENTATION_RELATIONSHIP_WITH_TRANSFORMATION(#4307) 
SHAPE_REPRESENTATION_RELATIONSHIP() );
#4307 = ITEM_DEFINED_TRANSFORMATION('','',#11,#43);
#4308 = PRODUCT_DEFINITION_SHAPE('Placement','Placement of an item',
  #4309);
#4309 = NEXT_ASSEMBLY_USAGE_OCCURRENCE('12','STDBY','',#5,#103,$);
#4310 = CONTEXT_DEPENDENT_SHAPE_REPRESENTATION(#4311,#4313);
#4311 = ( REPRESENTATION_RELATIONSHIP('','',#2569,#10) 
REPRESENTATION_RELATIONSHIP_WITH_TRANSFORMATION(#4312) 
SHAPE_REPRESENTATION_RELATIONSHIP() );
#4312 = ITEM_DEFINED_TRANSFORMATION('','',#11,#47);
#4313 = PRODUCT_DEFINITION_SHAPE('Placement','Placement of an item',
  #4314);
#4314 = NEXT_ASSEMBLY_USAGE_OCCURRENCE('13','R1','',#5,#2564,$);
#4315 = CONTEXT_DEPENDENT_SHAPE_REPRESENTATION(#4316,#4318);
#4316 = ( REPRESENTATION_RELATIONSHIP('','',#1673,#10) 
REPRESENTATION_RELATIONSHIP_WITH_TRANSFORMATION(#4317) 
SHAPE_REPRESENTATION_RELATIONSHIP() );
#4317 = ITEM_DEFINED_TRANSFORMATION('','',#11,#51);
#4318 = PRODUCT_DEFINITION_SHAPE('Placement','Placement of an item',
  #4319);
#4319 = NEXT_ASSEMBLY_USAGE_OCCURRENCE('14','C3','',#5,#1668,$);
#4320 = CONTEXT_DEPENDENT_SHAPE_REPRESENTATION(#4321,#4323);
#4321 = ( REPRESENTATION_RELATIONSHIP('','',#2569,#10) 
REPRESENTATION_RELATIONSHIP_WITH_TRANSFORMATION(#4322) 
SHAPE_REPRESENTATION_RELATIONSHIP() );
#4322 = ITEM_DEFINED_TRANSFORMATION('','',#11,#55);
#4323 = PRODUCT_DEFINITION_SHAPE('Placement','Placement of an item',
  #4324);
#4324 = NEXT_ASSEMBLY_USAGE_OCCURRENCE('15','R9','',#5,#2564,$);
#4325 = SHAPE_DEFINITION_REPRESENTATION(#4326,#4332);
#4326 = PRODUCT_DEFINITION_SHAPE('','',#4327);
#4327 = PRODUCT_DEFINITION('design','',#4328,#4331);
#4328 = PRODUCT_DEFINITION_FORMATION('','',#4329);
#4329 = PRODUCT('R_1206_3216Metric','R_1206_3216Metric','',(#4330));
#4330 = PRODUCT_CONTEXT('',#2,'mechanical');
#4331 = PRODUCT_DEFINITION_CONTEXT('part definition',#2,'design');
#4332 = SHAPE_REPRESENTATION('',(#11,#4333),#4337);
#4333 = AXIS2_PLACEMENT_3D('',#4334,#4335,#4336);
#4334 = CARTESIAN_POINT('',(0.,0.,0.));
#4335 = DIRECTION('',(0.,0.,1.));
#4336 = DIRECTION('',(1.,0.,-0.));
#4337 = ( GEOMETRIC_REPRESENTATION_CONTEXT(3) 
GLOBAL_UNCERTAINTY_ASSIGNED_CONTEXT((#4341)) 
GLOBAL_UNIT_ASSIGNED_CONTEXT((#4338,#4339,#4340)) REPRESENTATION_CONTEXT
('Context #1','3D Context with UNIT and UNCERTAINTY') );
#4338 = ( LENGTH_UNIT() NAMED_UNIT(*) SI_UNIT(.MILLI.,.METRE.) );
#4339 = ( NAMED_UNIT(*) PLANE_ANGLE_UNIT() SI_UNIT($,.RADIAN.) );
#4340 = ( NAMED_UNIT(*) SI_UNIT($,.STERADIAN.) SOLID_ANGLE_UNIT() );
#4341 = UNCERTAINTY_MEASURE_WITH_UNIT(LENGTH_MEASURE(1.E-07),#4338,
  'distance_accuracy_value','confusion accuracy');
#4342 = CONTEXT_DEPENDENT_SHAPE_REPRESENTATION(#4343,#4345);
#4343 = ( REPRESENTATION_RELATIONSHIP('','',#4332,#10) 
REPRESENTATION_RELATIONSHIP_WITH_TRANSFORMATION(#4344) 
SHAPE_REPRESENTATION_RELATIONSHIP() );
#4344 = ITEM_DEFINED_TRANSFORMATION('','',#11,#59);
#4345 = PRODUCT_DEFINITION_SHAPE('Placement','Placement of an item',
  #4346);
#4346 = NEXT_ASSEMBLY_USAGE_OCCURRENCE('17','R3','',#5,#4327,$);
#4347 = PRODUCT_RELATED_PRODUCT_CATEGORY('part',$,(#4329));
#4348 = SHAPE_DEFINITION_REPRESENTATION(#4349,#4355);
#4349 = PRODUCT_DEFINITION_SHAPE('','',#4350);
#4350 = PRODUCT_DEFINITION('design','',#4351,#4354);
#4351 = PRODUCT_DEFINITION_FORMATION('','',#4352);
#4352 = PRODUCT('R_1206_3216Metric','R_1206_3216Metric','',(#4353));
#4353 = PRODUCT_CONTEXT('',#2,'mechanical');
#4354 = PRODUCT_DEFINITION_CONTEXT('part definition',#2,'design');
#4355 = ADVANCED_BREP_SHAPE_REPRESENTATION('',(#11,#4356),#5146);
#4356 = MANIFOLD_SOLID_BREP('',#4357);
#4357 = CLOSED_SHELL('',(#4358,#4398,#4481,#4506,#4531,#4598,#4615,#4632
    ,#4681,#4698,#4715,#4764,#4781,#4850,#4881,#4905,#4974,#4998,#5015,
    #5032,#5049,#5066,#5083,#5100,#5117,#5134));
#4358 = ADVANCED_FACE('',(#4359),#4393,.F.);
#4359 = FACE_BOUND('',#4360,.F.);
#4360 = EDGE_LOOP('',(#4361,#4371,#4379,#4387));
#4361 = ORIENTED_EDGE('',*,*,#4362,.F.);
#4362 = EDGE_CURVE('',#4363,#4365,#4367,.T.);
#4363 = VERTEX_POINT('',#4364);
#4364 = CARTESIAN_POINT('',(-1.6,-0.8,5.5E-02));
#4365 = VERTEX_POINT('',#4366);
#4366 = CARTESIAN_POINT('',(-1.6,-0.8,0.495));
#4367 = LINE('',#4368,#4369);
#4368 = CARTESIAN_POINT('',(-1.6,-0.8,0.));
#4369 = VECTOR('',#4370,1.);
#4370 = DIRECTION('',(0.,0.,1.));
#4371 = ORIENTED_EDGE('',*,*,#4372,.T.);
#4372 = EDGE_CURVE('',#4363,#4373,#4375,.T.);
#4373 = VERTEX_POINT('',#4374);
#4374 = CARTESIAN_POINT('',(-1.6,0.8,5.5E-02));
#4375 = LINE('',#4376,#4377);
#4376 = CARTESIAN_POINT('',(-1.6,-0.8,5.5E-02));
#4377 = VECTOR('',#4378,1.);
#4378 = DIRECTION('',(0.,1.,0.));
#4379 = ORIENTED_EDGE('',*,*,#4380,.T.);
#4380 = EDGE_CURVE('',#4373,#4381,#4383,.T.);
#4381 = VERTEX_POINT('',#4382);
#4382 = CARTESIAN_POINT('',(-1.6,0.8,0.495));
#4383 = LINE('',#4384,#4385);
#4384 = CARTESIAN_POINT('',(-1.6,0.8,0.));
#4385 = VECTOR('',#4386,1.);
#4386 = DIRECTION('',(0.,0.,1.));
#4387 = ORIENTED_EDGE('',*,*,#4388,.F.);
#4388 = EDGE_CURVE('',#4365,#4381,#4389,.T.);
#4389 = LINE('',#4390,#4391);
#4390 = CARTESIAN_POINT('',(-1.6,-0.8,0.495));
#4391 = VECTOR('',#4392,1.);
#4392 = DIRECTION('',(0.,1.,0.));
#4393 = PLANE('',#4394);
#4394 = AXIS2_PLACEMENT_3D('',#4395,#4396,#4397);
#4395 = CARTESIAN_POINT('',(-1.6,-0.8,0.));
#4396 = DIRECTION('',(1.,0.,0.));
#4397 = DIRECTION('',(0.,0.,1.));
#4398 = ADVANCED_FACE('',(#4399),#4476,.F.);
#4399 = FACE_BOUND('',#4400,.F.);
#4400 = EDGE_LOOP('',(#4401,#4411,#4418,#4419,#4428,#4436,#4445,#4453,
    #4461,#4469));
#4401 = ORIENTED_EDGE('',*,*,#4402,.F.);
#4402 = EDGE_CURVE('',#4403,#4405,#4407,.T.);
#4403 = VERTEX_POINT('',#4404);
#4404 = CARTESIAN_POINT('',(-1.545,-0.8,0.));
#4405 = VERTEX_POINT('',#4406);
#4406 = CARTESIAN_POINT('',(-1.255,-0.8,0.));
#4407 = LINE('',#4408,#4409);
#4408 = CARTESIAN_POINT('',(-1.6,-0.8,0.));
#4409 = VECTOR('',#4410,1.);
#4410 = DIRECTION('',(1.,0.,0.));
#4411 = ORIENTED_EDGE('',*,*,#4412,.F.);
#4412 = EDGE_CURVE('',#4363,#4403,#4413,.T.);
#4413 = CIRCLE('',#4414,5.5E-02);
#4414 = AXIS2_PLACEMENT_3D('',#4415,#4416,#4417);
#4415 = CARTESIAN_POINT('',(-1.545,-0.8,5.5E-02));
#4416 = DIRECTION('',(0.,-1.,0.));
#4417 = DIRECTION('',(0.,0.,1.));
#4418 = ORIENTED_EDGE('',*,*,#4362,.T.);
#4419 = ORIENTED_EDGE('',*,*,#4420,.T.);
#4420 = EDGE_CURVE('',#4365,#4421,#4423,.T.);
#4421 = VERTEX_POINT('',#4422);
#4422 = CARTESIAN_POINT('',(-1.545,-0.8,0.55));
#4423 = CIRCLE('',#4424,5.5E-02);
#4424 = AXIS2_PLACEMENT_3D('',#4425,#4426,#4427);
#4425 = CARTESIAN_POINT('',(-1.545,-0.8,0.495));
#4426 = DIRECTION('',(0.,1.,0.));
#4427 = DIRECTION('',(0.,-0.,1.));
#4428 = ORIENTED_EDGE('',*,*,#4429,.T.);
#4429 = EDGE_CURVE('',#4421,#4430,#4432,.T.);
#4430 = VERTEX_POINT('',#4431);
#4431 = CARTESIAN_POINT('',(-1.255,-0.8,0.55));
#4432 = LINE('',#4433,#4434);
#4433 = CARTESIAN_POINT('',(-1.6,-0.8,0.55));
#4434 = VECTOR('',#4435,1.);
#4435 = DIRECTION('',(1.,0.,0.));
#4436 = ORIENTED_EDGE('',*,*,#4437,.F.);
#4437 = EDGE_CURVE('',#4438,#4430,#4440,.T.);
#4438 = VERTEX_POINT('',#4439);
#4439 = CARTESIAN_POINT('',(-1.2,-0.8,0.495));
#4440 = CIRCLE('',#4441,5.5E-02);
#4441 = AXIS2_PLACEMENT_3D('',#4442,#4443,#4444);
#4442 = CARTESIAN_POINT('',(-1.255,-0.8,0.495));
#4443 = DIRECTION('',(0.,-1.,0.));
#4444 = DIRECTION('',(0.,0.,1.));
#4445 = ORIENTED_EDGE('',*,*,#4446,.F.);
#4446 = EDGE_CURVE('',#4447,#4438,#4449,.T.);
#4447 = VERTEX_POINT('',#4448);
#4448 = CARTESIAN_POINT('',(-1.545,-0.8,0.495));
#4449 = LINE('',#4450,#4451);
#4450 = CARTESIAN_POINT('',(-1.545,-0.8,0.495));
#4451 = VECTOR('',#4452,1.);
#4452 = DIRECTION('',(1.,0.,0.));
#4453 = ORIENTED_EDGE('',*,*,#4454,.F.);
#4454 = EDGE_CURVE('',#4455,#4447,#4457,.T.);
#4455 = VERTEX_POINT('',#4456);
#4456 = CARTESIAN_POINT('',(-1.545,-0.8,5.5E-02));
#4457 = LINE('',#4458,#4459);
#4458 = CARTESIAN_POINT('',(-1.545,-0.8,5.5E-02));
#4459 = VECTOR('',#4460,1.);
#4460 = DIRECTION('',(0.,0.,1.));
#4461 = ORIENTED_EDGE('',*,*,#4462,.T.);
#4462 = EDGE_CURVE('',#4455,#4463,#4465,.T.);
#4463 = VERTEX_POINT('',#4464);
#4464 = CARTESIAN_POINT('',(-1.2,-0.8,5.5E-02));
#4465 = LINE('',#4466,#4467);
#4466 = CARTESIAN_POINT('',(-1.545,-0.8,5.5E-02));
#4467 = VECTOR('',#4468,1.);
#4468 = DIRECTION('',(1.,0.,0.));
#4469 = ORIENTED_EDGE('',*,*,#4470,.T.);
#4470 = EDGE_CURVE('',#4463,#4405,#4471,.T.);
#4471 = CIRCLE('',#4472,5.5E-02);
#4472 = AXIS2_PLACEMENT_3D('',#4473,#4474,#4475);
#4473 = CARTESIAN_POINT('',(-1.255,-0.8,5.5E-02));
#4474 = DIRECTION('',(0.,1.,0.));
#4475 = DIRECTION('',(0.,-0.,1.));
#4476 = PLANE('',#4477);
#4477 = AXIS2_PLACEMENT_3D('',#4478,#4479,#4480);
#4478 = CARTESIAN_POINT('',(-1.6,-0.8,0.));
#4479 = DIRECTION('',(0.,1.,0.));
#4480 = DIRECTION('',(0.,-0.,1.));
#4481 = ADVANCED_FACE('',(#4482),#4501,.T.);
#4482 = FACE_BOUND('',#4483,.T.);
#4483 = EDGE_LOOP('',(#4484,#4485,#4494,#4500));
#4484 = ORIENTED_EDGE('',*,*,#4372,.T.);
#4485 = ORIENTED_EDGE('',*,*,#4486,.T.);
#4486 = EDGE_CURVE('',#4373,#4487,#4489,.T.);
#4487 = VERTEX_POINT('',#4488);
#4488 = CARTESIAN_POINT('',(-1.545,0.8,0.));
#4489 = CIRCLE('',#4490,5.5E-02);
#4490 = AXIS2_PLACEMENT_3D('',#4491,#4492,#4493);
#4491 = CARTESIAN_POINT('',(-1.545,0.8,5.5E-02));
#4492 = DIRECTION('',(0.,-1.,0.));
#4493 = DIRECTION('',(0.,0.,1.));
#4494 = ORIENTED_EDGE('',*,*,#4495,.F.);
#4495 = EDGE_CURVE('',#4403,#4487,#4496,.T.);
#4496 = LINE('',#4497,#4498);
#4497 = CARTESIAN_POINT('',(-1.545,-0.8,0.));
#4498 = VECTOR('',#4499,1.);
#4499 = DIRECTION('',(0.,1.,0.));
#4500 = ORIENTED_EDGE('',*,*,#4412,.F.);
#4501 = CYLINDRICAL_SURFACE('',#4502,5.5E-02);
#4502 = AXIS2_PLACEMENT_3D('',#4503,#4504,#4505);
#4503 = CARTESIAN_POINT('',(-1.545,-0.8,5.5E-02));
#4504 = DIRECTION('',(0.,1.,0.));
#4505 = DIRECTION('',(-1.,0.,0.));
#4506 = ADVANCED_FACE('',(#4507),#4526,.T.);
#4507 = FACE_BOUND('',#4508,.T.);
#4508 = EDGE_LOOP('',(#4509,#4510,#4518,#4525));
#4509 = ORIENTED_EDGE('',*,*,#4420,.T.);
#4510 = ORIENTED_EDGE('',*,*,#4511,.T.);
#4511 = EDGE_CURVE('',#4421,#4512,#4514,.T.);
#4512 = VERTEX_POINT('',#4513);
#4513 = CARTESIAN_POINT('',(-1.545,0.8,0.55));
#4514 = LINE('',#4515,#4516);
#4515 = CARTESIAN_POINT('',(-1.545,-0.8,0.55));
#4516 = VECTOR('',#4517,1.);
#4517 = DIRECTION('',(0.,1.,0.));
#4518 = ORIENTED_EDGE('',*,*,#4519,.F.);
#4519 = EDGE_CURVE('',#4381,#4512,#4520,.T.);
#4520 = CIRCLE('',#4521,5.5E-02);
#4521 = AXIS2_PLACEMENT_3D('',#4522,#4523,#4524);
#4522 = CARTESIAN_POINT('',(-1.545,0.8,0.495));
#4523 = DIRECTION('',(0.,1.,0.));
#4524 = DIRECTION('',(0.,-0.,1.));
#4525 = ORIENTED_EDGE('',*,*,#4388,.F.);
#4526 = CYLINDRICAL_SURFACE('',#4527,5.5E-02);
#4527 = AXIS2_PLACEMENT_3D('',#4528,#4529,#4530);
#4528 = CARTESIAN_POINT('',(-1.545,-0.8,0.495));
#4529 = DIRECTION('',(0.,1.,0.));
#4530 = DIRECTION('',(-1.,0.,0.));
#4531 = ADVANCED_FACE('',(#4532),#4593,.T.);
#4532 = FACE_BOUND('',#4533,.T.);
#4533 = EDGE_LOOP('',(#4534,#4542,#4543,#4544,#4545,#4553,#4562,#4570,
    #4578,#4586));
#4534 = ORIENTED_EDGE('',*,*,#4535,.F.);
#4535 = EDGE_CURVE('',#4487,#4536,#4538,.T.);
#4536 = VERTEX_POINT('',#4537);
#4537 = CARTESIAN_POINT('',(-1.255,0.8,0.));
#4538 = LINE('',#4539,#4540);
#4539 = CARTESIAN_POINT('',(-1.6,0.8,0.));
#4540 = VECTOR('',#4541,1.);
#4541 = DIRECTION('',(1.,0.,0.));
#4542 = ORIENTED_EDGE('',*,*,#4486,.F.);
#4543 = ORIENTED_EDGE('',*,*,#4380,.T.);
#4544 = ORIENTED_EDGE('',*,*,#4519,.T.);
#4545 = ORIENTED_EDGE('',*,*,#4546,.T.);
#4546 = EDGE_CURVE('',#4512,#4547,#4549,.T.);
#4547 = VERTEX_POINT('',#4548);
#4548 = CARTESIAN_POINT('',(-1.255,0.8,0.55));
#4549 = LINE('',#4550,#4551);
#4550 = CARTESIAN_POINT('',(-1.6,0.8,0.55));
#4551 = VECTOR('',#4552,1.);
#4552 = DIRECTION('',(1.,0.,0.));
#4553 = ORIENTED_EDGE('',*,*,#4554,.F.);
#4554 = EDGE_CURVE('',#4555,#4547,#4557,.T.);
#4555 = VERTEX_POINT('',#4556);
#4556 = CARTESIAN_POINT('',(-1.2,0.8,0.495));
#4557 = CIRCLE('',#4558,5.5E-02);
#4558 = AXIS2_PLACEMENT_3D('',#4559,#4560,#4561);
#4559 = CARTESIAN_POINT('',(-1.255,0.8,0.495));
#4560 = DIRECTION('',(0.,-1.,0.));
#4561 = DIRECTION('',(0.,0.,1.));
#4562 = ORIENTED_EDGE('',*,*,#4563,.F.);
#4563 = EDGE_CURVE('',#4564,#4555,#4566,.T.);
#4564 = VERTEX_POINT('',#4565);
#4565 = CARTESIAN_POINT('',(-1.545,0.8,0.495));
#4566 = LINE('',#4567,#4568);
#4567 = CARTESIAN_POINT('',(-1.545,0.8,0.495));
#4568 = VECTOR('',#4569,1.);
#4569 = DIRECTION('',(1.,0.,0.));
#4570 = ORIENTED_EDGE('',*,*,#4571,.F.);
#4571 = EDGE_CURVE('',#4572,#4564,#4574,.T.);
#4572 = VERTEX_POINT('',#4573);
#4573 = CARTESIAN_POINT('',(-1.545,0.8,5.5E-02));
#4574 = LINE('',#4575,#4576);
#4575 = CARTESIAN_POINT('',(-1.545,0.8,5.5E-02));
#4576 = VECTOR('',#4577,1.);
#4577 = DIRECTION('',(0.,0.,1.));
#4578 = ORIENTED_EDGE('',*,*,#4579,.T.);
#4579 = EDGE_CURVE('',#4572,#4580,#4582,.T.);
#4580 = VERTEX_POINT('',#4581);
#4581 = CARTESIAN_POINT('',(-1.2,0.8,5.5E-02));
#4582 = LINE('',#4583,#4584);
#4583 = CARTESIAN_POINT('',(-1.545,0.8,5.5E-02));
#4584 = VECTOR('',#4585,1.);
#4585 = DIRECTION('',(1.,0.,0.));
#4586 = ORIENTED_EDGE('',*,*,#4587,.T.);
#4587 = EDGE_CURVE('',#4580,#4536,#4588,.T.);
#4588 = CIRCLE('',#4589,5.5E-02);
#4589 = AXIS2_PLACEMENT_3D('',#4590,#4591,#4592);
#4590 = CARTESIAN_POINT('',(-1.255,0.8,5.5E-02));
#4591 = DIRECTION('',(0.,1.,0.));
#4592 = DIRECTION('',(0.,-0.,1.));
#4593 = PLANE('',#4594);
#4594 = AXIS2_PLACEMENT_3D('',#4595,#4596,#4597);
#4595 = CARTESIAN_POINT('',(-1.6,0.8,0.));
#4596 = DIRECTION('',(0.,1.,0.));
#4597 = DIRECTION('',(0.,-0.,1.));
#4598 = ADVANCED_FACE('',(#4599),#4610,.F.);
#4599 = FACE_BOUND('',#4600,.F.);
#4600 = EDGE_LOOP('',(#4601,#4602,#4603,#4604));
#4601 = ORIENTED_EDGE('',*,*,#4535,.F.);
#4602 = ORIENTED_EDGE('',*,*,#4495,.F.);
#4603 = ORIENTED_EDGE('',*,*,#4402,.T.);
#4604 = ORIENTED_EDGE('',*,*,#4605,.T.);
#4605 = EDGE_CURVE('',#4405,#4536,#4606,.T.);
#4606 = LINE('',#4607,#4608);
#4607 = CARTESIAN_POINT('',(-1.255,-0.8,0.));
#4608 = VECTOR('',#4609,1.);
#4609 = DIRECTION('',(0.,1.,0.));
#4610 = PLANE('',#4611);
#4611 = AXIS2_PLACEMENT_3D('',#4612,#4613,#4614);
#4612 = CARTESIAN_POINT('',(-1.6,-0.8,0.));
#4613 = DIRECTION('',(0.,0.,1.));
#4614 = DIRECTION('',(1.,0.,-0.));
#4615 = ADVANCED_FACE('',(#4616),#4627,.T.);
#4616 = FACE_BOUND('',#4617,.T.);
#4617 = EDGE_LOOP('',(#4618,#4619,#4620,#4621));
#4618 = ORIENTED_EDGE('',*,*,#4470,.T.);
#4619 = ORIENTED_EDGE('',*,*,#4605,.T.);
#4620 = ORIENTED_EDGE('',*,*,#4587,.F.);
#4621 = ORIENTED_EDGE('',*,*,#4622,.F.);
#4622 = EDGE_CURVE('',#4463,#4580,#4623,.T.);
#4623 = LINE('',#4624,#4625);
#4624 = CARTESIAN_POINT('',(-1.2,-0.8,5.5E-02));
#4625 = VECTOR('',#4626,1.);
#4626 = DIRECTION('',(0.,1.,0.));
#4627 = CYLINDRICAL_SURFACE('',#4628,5.5E-02);
#4628 = AXIS2_PLACEMENT_3D('',#4629,#4630,#4631);
#4629 = CARTESIAN_POINT('',(-1.255,-0.8,5.5E-02));
#4630 = DIRECTION('',(0.,1.,0.));
#4631 = DIRECTION('',(1.,0.,0.));
#4632 = ADVANCED_FACE('',(#4633),#4676,.F.);
#4633 = FACE_BOUND('',#4634,.F.);
#4634 = EDGE_LOOP('',(#4635,#4636,#4637,#4638,#4646,#4654,#4662,#4670));
#4635 = ORIENTED_EDGE('',*,*,#4462,.F.);
#4636 = ORIENTED_EDGE('',*,*,#4454,.T.);
#4637 = ORIENTED_EDGE('',*,*,#4446,.T.);
#4638 = ORIENTED_EDGE('',*,*,#4639,.T.);
#4639 = EDGE_CURVE('',#4438,#4640,#4642,.T.);
#4640 = VERTEX_POINT('',#4641);
#4641 = CARTESIAN_POINT('',(1.2,-0.8,0.495));
#4642 = LINE('',#4643,#4644);
#4643 = CARTESIAN_POINT('',(-1.2,-0.8,0.495));
#4644 = VECTOR('',#4645,1.);
#4645 = DIRECTION('',(1.,0.,0.));
#4646 = ORIENTED_EDGE('',*,*,#4647,.T.);
#4647 = EDGE_CURVE('',#4640,#4648,#4650,.T.);
#4648 = VERTEX_POINT('',#4649);
#4649 = CARTESIAN_POINT('',(1.545,-0.8,0.495));
#4650 = LINE('',#4651,#4652);
#4651 = CARTESIAN_POINT('',(-1.545,-0.8,0.495));
#4652 = VECTOR('',#4653,1.);
#4653 = DIRECTION('',(1.,0.,0.));
#4654 = ORIENTED_EDGE('',*,*,#4655,.F.);
#4655 = EDGE_CURVE('',#4656,#4648,#4658,.T.);
#4656 = VERTEX_POINT('',#4657);
#4657 = CARTESIAN_POINT('',(1.545,-0.8,5.5E-02));
#4658 = LINE('',#4659,#4660);
#4659 = CARTESIAN_POINT('',(1.545,-0.8,5.5E-02));
#4660 = VECTOR('',#4661,1.);
#4661 = DIRECTION('',(0.,0.,1.));
#4662 = ORIENTED_EDGE('',*,*,#4663,.F.);
#4663 = EDGE_CURVE('',#4664,#4656,#4666,.T.);
#4664 = VERTEX_POINT('',#4665);
#4665 = CARTESIAN_POINT('',(1.2,-0.8,5.5E-02));
#4666 = LINE('',#4667,#4668);
#4667 = CARTESIAN_POINT('',(-1.545,-0.8,5.5E-02));
#4668 = VECTOR('',#4669,1.);
#4669 = DIRECTION('',(1.,0.,0.));
#4670 = ORIENTED_EDGE('',*,*,#4671,.F.);
#4671 = EDGE_CURVE('',#4463,#4664,#4672,.T.);
#4672 = LINE('',#4673,#4674);
#4673 = CARTESIAN_POINT('',(-1.545,-0.8,5.5E-02));
#4674 = VECTOR('',#4675,1.);
#4675 = DIRECTION('',(1.,0.,0.));
#4676 = PLANE('',#4677);
#4677 = AXIS2_PLACEMENT_3D('',#4678,#4679,#4680);
#4678 = CARTESIAN_POINT('',(-1.545,-0.8,5.5E-02));
#4679 = DIRECTION('',(0.,1.,0.));
#4680 = DIRECTION('',(0.,-0.,1.));
#4681 = ADVANCED_FACE('',(#4682),#4693,.T.);
#4682 = FACE_BOUND('',#4683,.T.);
#4683 = EDGE_LOOP('',(#4684,#4685,#4686,#4687));
#4684 = ORIENTED_EDGE('',*,*,#4546,.F.);
#4685 = ORIENTED_EDGE('',*,*,#4511,.F.);
#4686 = ORIENTED_EDGE('',*,*,#4429,.T.);
#4687 = ORIENTED_EDGE('',*,*,#4688,.T.);
#4688 = EDGE_CURVE('',#4430,#4547,#4689,.T.);
#4689 = LINE('',#4690,#4691);
#4690 = CARTESIAN_POINT('',(-1.255,-0.8,0.55));
#4691 = VECTOR('',#4692,1.);
#4692 = DIRECTION('',(0.,1.,0.));
#4693 = PLANE('',#4694);
#4694 = AXIS2_PLACEMENT_3D('',#4695,#4696,#4697);
#4695 = CARTESIAN_POINT('',(-1.6,-0.8,0.55));
#4696 = DIRECTION('',(0.,0.,1.));
#4697 = DIRECTION('',(1.,0.,-0.));
#4698 = ADVANCED_FACE('',(#4699),#4710,.T.);
#4699 = FACE_BOUND('',#4700,.T.);
#4700 = EDGE_LOOP('',(#4701,#4707,#4708,#4709));
#4701 = ORIENTED_EDGE('',*,*,#4702,.T.);
#4702 = EDGE_CURVE('',#4438,#4555,#4703,.T.);
#4703 = LINE('',#4704,#4705);
#4704 = CARTESIAN_POINT('',(-1.2,-0.8,0.495));
#4705 = VECTOR('',#4706,1.);
#4706 = DIRECTION('',(0.,1.,0.));
#4707 = ORIENTED_EDGE('',*,*,#4554,.T.);
#4708 = ORIENTED_EDGE('',*,*,#4688,.F.);
#4709 = ORIENTED_EDGE('',*,*,#4437,.F.);
#4710 = CYLINDRICAL_SURFACE('',#4711,5.5E-02);
#4711 = AXIS2_PLACEMENT_3D('',#4712,#4713,#4714);
#4712 = CARTESIAN_POINT('',(-1.255,-0.8,0.495));
#4713 = DIRECTION('',(0.,1.,0.));
#4714 = DIRECTION('',(1.,0.,0.));
#4715 = ADVANCED_FACE('',(#4716),#4759,.T.);
#4716 = FACE_BOUND('',#4717,.T.);
#4717 = EDGE_LOOP('',(#4718,#4719,#4720,#4721,#4729,#4737,#4745,#4753));
#4718 = ORIENTED_EDGE('',*,*,#4579,.F.);
#4719 = ORIENTED_EDGE('',*,*,#4571,.T.);
#4720 = ORIENTED_EDGE('',*,*,#4563,.T.);
#4721 = ORIENTED_EDGE('',*,*,#4722,.T.);
#4722 = EDGE_CURVE('',#4555,#4723,#4725,.T.);
#4723 = VERTEX_POINT('',#4724);
#4724 = CARTESIAN_POINT('',(1.2,0.8,0.495));
#4725 = LINE('',#4726,#4727);
#4726 = CARTESIAN_POINT('',(-1.2,0.8,0.495));
#4727 = VECTOR('',#4728,1.);
#4728 = DIRECTION('',(1.,0.,0.));
#4729 = ORIENTED_EDGE('',*,*,#4730,.T.);
#4730 = EDGE_CURVE('',#4723,#4731,#4733,.T.);
#4731 = VERTEX_POINT('',#4732);
#4732 = CARTESIAN_POINT('',(1.545,0.8,0.495));
#4733 = LINE('',#4734,#4735);
#4734 = CARTESIAN_POINT('',(-1.545,0.8,0.495));
#4735 = VECTOR('',#4736,1.);
#4736 = DIRECTION('',(1.,0.,0.));
#4737 = ORIENTED_EDGE('',*,*,#4738,.F.);
#4738 = EDGE_CURVE('',#4739,#4731,#4741,.T.);
#4739 = VERTEX_POINT('',#4740);
#4740 = CARTESIAN_POINT('',(1.545,0.8,5.5E-02));
#4741 = LINE('',#4742,#4743);
#4742 = CARTESIAN_POINT('',(1.545,0.8,5.5E-02));
#4743 = VECTOR('',#4744,1.);
#4744 = DIRECTION('',(0.,0.,1.));
#4745 = ORIENTED_EDGE('',*,*,#4746,.F.);
#4746 = EDGE_CURVE('',#4747,#4739,#4749,.T.);
#4747 = VERTEX_POINT('',#4748);
#4748 = CARTESIAN_POINT('',(1.2,0.8,5.5E-02));
#4749 = LINE('',#4750,#4751);
#4750 = CARTESIAN_POINT('',(-1.545,0.8,5.5E-02));
#4751 = VECTOR('',#4752,1.);
#4752 = DIRECTION('',(1.,0.,0.));
#4753 = ORIENTED_EDGE('',*,*,#4754,.F.);
#4754 = EDGE_CURVE('',#4580,#4747,#4755,.T.);
#4755 = LINE('',#4756,#4757);
#4756 = CARTESIAN_POINT('',(-1.545,0.8,5.5E-02));
#4757 = VECTOR('',#4758,1.);
#4758 = DIRECTION('',(1.,0.,0.));
#4759 = PLANE('',#4760);
#4760 = AXIS2_PLACEMENT_3D('',#4761,#4762,#4763);
#4761 = CARTESIAN_POINT('',(-1.545,0.8,5.5E-02));
#4762 = DIRECTION('',(0.,1.,0.));
#4763 = DIRECTION('',(0.,-0.,1.));
#4764 = ADVANCED_FACE('',(#4765),#4776,.F.);
#4765 = FACE_BOUND('',#4766,.F.);
#4766 = EDGE_LOOP('',(#4767,#4768,#4769,#4775));
#4767 = ORIENTED_EDGE('',*,*,#4622,.F.);
#4768 = ORIENTED_EDGE('',*,*,#4671,.T.);
#4769 = ORIENTED_EDGE('',*,*,#4770,.T.);
#4770 = EDGE_CURVE('',#4664,#4747,#4771,.T.);
#4771 = LINE('',#4772,#4773);
#4772 = CARTESIAN_POINT('',(1.2,-0.8,5.5E-02));
#4773 = VECTOR('',#4774,1.);
#4774 = DIRECTION('',(0.,1.,0.));
#4775 = ORIENTED_EDGE('',*,*,#4754,.F.);
#4776 = PLANE('',#4777);
#4777 = AXIS2_PLACEMENT_3D('',#4778,#4779,#4780);
#4778 = CARTESIAN_POINT('',(-1.545,-0.8,5.5E-02));
#4779 = DIRECTION('',(0.,0.,1.));
#4780 = DIRECTION('',(1.,0.,-0.));
#4781 = ADVANCED_FACE('',(#4782),#4845,.F.);
#4782 = FACE_BOUND('',#4783,.F.);
#4783 = EDGE_LOOP('',(#4784,#4794,#4801,#4802,#4803,#4804,#4813,#4821,
    #4830,#4838));
#4784 = ORIENTED_EDGE('',*,*,#4785,.F.);
#4785 = EDGE_CURVE('',#4786,#4788,#4790,.T.);
#4786 = VERTEX_POINT('',#4787);
#4787 = CARTESIAN_POINT('',(1.255,-0.8,0.));
#4788 = VERTEX_POINT('',#4789);
#4789 = CARTESIAN_POINT('',(1.545,-0.8,0.));
#4790 = LINE('',#4791,#4792);
#4791 = CARTESIAN_POINT('',(1.2,-0.8,0.));
#4792 = VECTOR('',#4793,1.);
#4793 = DIRECTION('',(1.,0.,0.));
#4794 = ORIENTED_EDGE('',*,*,#4795,.F.);
#4795 = EDGE_CURVE('',#4664,#4786,#4796,.T.);
#4796 = CIRCLE('',#4797,5.5E-02);
#4797 = AXIS2_PLACEMENT_3D('',#4798,#4799,#4800);
#4798 = CARTESIAN_POINT('',(1.255,-0.8,5.5E-02));
#4799 = DIRECTION('',(0.,-1.,0.));
#4800 = DIRECTION('',(0.,0.,1.));
#4801 = ORIENTED_EDGE('',*,*,#4663,.T.);
#4802 = ORIENTED_EDGE('',*,*,#4655,.T.);
#4803 = ORIENTED_EDGE('',*,*,#4647,.F.);
#4804 = ORIENTED_EDGE('',*,*,#4805,.T.);
#4805 = EDGE_CURVE('',#4640,#4806,#4808,.T.);
#4806 = VERTEX_POINT('',#4807);
#4807 = CARTESIAN_POINT('',(1.255,-0.8,0.55));
#4808 = CIRCLE('',#4809,5.5E-02);
#4809 = AXIS2_PLACEMENT_3D('',#4810,#4811,#4812);
#4810 = CARTESIAN_POINT('',(1.255,-0.8,0.495));
#4811 = DIRECTION('',(0.,1.,0.));
#4812 = DIRECTION('',(0.,-0.,1.));
#4813 = ORIENTED_EDGE('',*,*,#4814,.T.);
#4814 = EDGE_CURVE('',#4806,#4815,#4817,.T.);
#4815 = VERTEX_POINT('',#4816);
#4816 = CARTESIAN_POINT('',(1.545,-0.8,0.55));
#4817 = LINE('',#4818,#4819);
#4818 = CARTESIAN_POINT('',(1.2,-0.8,0.55));
#4819 = VECTOR('',#4820,1.);
#4820 = DIRECTION('',(1.,0.,0.));
#4821 = ORIENTED_EDGE('',*,*,#4822,.F.);
#4822 = EDGE_CURVE('',#4823,#4815,#4825,.T.);
#4823 = VERTEX_POINT('',#4824);
#4824 = CARTESIAN_POINT('',(1.6,-0.8,0.495));
#4825 = CIRCLE('',#4826,5.5E-02);
#4826 = AXIS2_PLACEMENT_3D('',#4827,#4828,#4829);
#4827 = CARTESIAN_POINT('',(1.545,-0.8,0.495));
#4828 = DIRECTION('',(0.,-1.,0.));
#4829 = DIRECTION('',(0.,0.,1.));
#4830 = ORIENTED_EDGE('',*,*,#4831,.F.);
#4831 = EDGE_CURVE('',#4832,#4823,#4834,.T.);
#4832 = VERTEX_POINT('',#4833);
#4833 = CARTESIAN_POINT('',(1.6,-0.8,5.5E-02));
#4834 = LINE('',#4835,#4836);
#4835 = CARTESIAN_POINT('',(1.6,-0.8,0.));
#4836 = VECTOR('',#4837,1.);
#4837 = DIRECTION('',(0.,0.,1.));
#4838 = ORIENTED_EDGE('',*,*,#4839,.T.);
#4839 = EDGE_CURVE('',#4832,#4788,#4840,.T.);
#4840 = CIRCLE('',#4841,5.5E-02);
#4841 = AXIS2_PLACEMENT_3D('',#4842,#4843,#4844);
#4842 = CARTESIAN_POINT('',(1.545,-0.8,5.5E-02));
#4843 = DIRECTION('',(0.,1.,0.));
#4844 = DIRECTION('',(0.,-0.,1.));
#4845 = PLANE('',#4846);
#4846 = AXIS2_PLACEMENT_3D('',#4847,#4848,#4849);
#4847 = CARTESIAN_POINT('',(1.2,-0.8,0.));
#4848 = DIRECTION('',(0.,1.,0.));
#4849 = DIRECTION('',(0.,-0.,1.));
#4850 = ADVANCED_FACE('',(#4851),#4876,.F.);
#4851 = FACE_BOUND('',#4852,.F.);
#4852 = EDGE_LOOP('',(#4853,#4854,#4862,#4870));
#4853 = ORIENTED_EDGE('',*,*,#4639,.F.);
#4854 = ORIENTED_EDGE('',*,*,#4855,.T.);
#4855 = EDGE_CURVE('',#4438,#4856,#4858,.T.);
#4856 = VERTEX_POINT('',#4857);
#4857 = CARTESIAN_POINT('',(-1.2,-0.8,0.55));
#4858 = LINE('',#4859,#4860);
#4859 = CARTESIAN_POINT('',(-1.2,-0.8,0.495));
#4860 = VECTOR('',#4861,1.);
#4861 = DIRECTION('',(0.,0.,1.));
#4862 = ORIENTED_EDGE('',*,*,#4863,.T.);
#4863 = EDGE_CURVE('',#4856,#4864,#4866,.T.);
#4864 = VERTEX_POINT('',#4865);
#4865 = CARTESIAN_POINT('',(1.2,-0.8,0.55));
#4866 = LINE('',#4867,#4868);
#4867 = CARTESIAN_POINT('',(-1.2,-0.8,0.55));
#4868 = VECTOR('',#4869,1.);
#4869 = DIRECTION('',(1.,0.,0.));
#4870 = ORIENTED_EDGE('',*,*,#4871,.F.);
#4871 = EDGE_CURVE('',#4640,#4864,#4872,.T.);
#4872 = LINE('',#4873,#4874);
#4873 = CARTESIAN_POINT('',(1.2,-0.8,0.495));
#4874 = VECTOR('',#4875,1.);
#4875 = DIRECTION('',(0.,0.,1.));
#4876 = PLANE('',#4877);
#4877 = AXIS2_PLACEMENT_3D('',#4878,#4879,#4880);
#4878 = CARTESIAN_POINT('',(-1.2,-0.8,0.495));
#4879 = DIRECTION('',(0.,1.,0.));
#4880 = DIRECTION('',(0.,-0.,1.));
#4881 = ADVANCED_FACE('',(#4882),#4900,.F.);
#4882 = FACE_BOUND('',#4883,.F.);
#4883 = EDGE_LOOP('',(#4884,#4885,#4886,#4894));
#4884 = ORIENTED_EDGE('',*,*,#4855,.F.);
#4885 = ORIENTED_EDGE('',*,*,#4702,.T.);
#4886 = ORIENTED_EDGE('',*,*,#4887,.T.);
#4887 = EDGE_CURVE('',#4555,#4888,#4890,.T.);
#4888 = VERTEX_POINT('',#4889);
#4889 = CARTESIAN_POINT('',(-1.2,0.8,0.55));
#4890 = LINE('',#4891,#4892);
#4891 = CARTESIAN_POINT('',(-1.2,0.8,0.495));
#4892 = VECTOR('',#4893,1.);
#4893 = DIRECTION('',(0.,0.,1.));
#4894 = ORIENTED_EDGE('',*,*,#4895,.F.);
#4895 = EDGE_CURVE('',#4856,#4888,#4896,.T.);
#4896 = LINE('',#4897,#4898);
#4897 = CARTESIAN_POINT('',(-1.2,-0.8,0.55));
#4898 = VECTOR('',#4899,1.);
#4899 = DIRECTION('',(0.,1.,0.));
#4900 = PLANE('',#4901);
#4901 = AXIS2_PLACEMENT_3D('',#4902,#4903,#4904);
#4902 = CARTESIAN_POINT('',(-1.2,-0.8,0.495));
#4903 = DIRECTION('',(1.,0.,0.));
#4904 = DIRECTION('',(0.,0.,1.));
#4905 = ADVANCED_FACE('',(#4906),#4969,.T.);
#4906 = FACE_BOUND('',#4907,.T.);
#4907 = EDGE_LOOP('',(#4908,#4918,#4925,#4926,#4927,#4928,#4937,#4945,
    #4954,#4962));
#4908 = ORIENTED_EDGE('',*,*,#4909,.F.);
#4909 = EDGE_CURVE('',#4910,#4912,#4914,.T.);
#4910 = VERTEX_POINT('',#4911);
#4911 = CARTESIAN_POINT('',(1.255,0.8,0.));
#4912 = VERTEX_POINT('',#4913);
#4913 = CARTESIAN_POINT('',(1.545,0.8,0.));
#4914 = LINE('',#4915,#4916);
#4915 = CARTESIAN_POINT('',(1.2,0.8,0.));
#4916 = VECTOR('',#4917,1.);
#4917 = DIRECTION('',(1.,0.,0.));
#4918 = ORIENTED_EDGE('',*,*,#4919,.F.);
#4919 = EDGE_CURVE('',#4747,#4910,#4920,.T.);
#4920 = CIRCLE('',#4921,5.5E-02);
#4921 = AXIS2_PLACEMENT_3D('',#4922,#4923,#4924);
#4922 = CARTESIAN_POINT('',(1.255,0.8,5.5E-02));
#4923 = DIRECTION('',(0.,-1.,0.));
#4924 = DIRECTION('',(0.,0.,1.));
#4925 = ORIENTED_EDGE('',*,*,#4746,.T.);
#4926 = ORIENTED_EDGE('',*,*,#4738,.T.);
#4927 = ORIENTED_EDGE('',*,*,#4730,.F.);
#4928 = ORIENTED_EDGE('',*,*,#4929,.T.);
#4929 = EDGE_CURVE('',#4723,#4930,#4932,.T.);
#4930 = VERTEX_POINT('',#4931);
#4931 = CARTESIAN_POINT('',(1.255,0.8,0.55));
#4932 = CIRCLE('',#4933,5.5E-02);
#4933 = AXIS2_PLACEMENT_3D('',#4934,#4935,#4936);
#4934 = CARTESIAN_POINT('',(1.255,0.8,0.495));
#4935 = DIRECTION('',(0.,1.,0.));
#4936 = DIRECTION('',(0.,-0.,1.));
#4937 = ORIENTED_EDGE('',*,*,#4938,.T.);
#4938 = EDGE_CURVE('',#4930,#4939,#4941,.T.);
#4939 = VERTEX_POINT('',#4940);
#4940 = CARTESIAN_POINT('',(1.545,0.8,0.55));
#4941 = LINE('',#4942,#4943);
#4942 = CARTESIAN_POINT('',(1.2,0.8,0.55));
#4943 = VECTOR('',#4944,1.);
#4944 = DIRECTION('',(1.,0.,0.));
#4945 = ORIENTED_EDGE('',*,*,#4946,.F.);
#4946 = EDGE_CURVE('',#4947,#4939,#4949,.T.);
#4947 = VERTEX_POINT('',#4948);
#4948 = CARTESIAN_POINT('',(1.6,0.8,0.495));
#4949 = CIRCLE('',#4950,5.5E-02);
#4950 = AXIS2_PLACEMENT_3D('',#4951,#4952,#4953);
#4951 = CARTESIAN_POINT('',(1.545,0.8,0.495));
#4952 = DIRECTION('',(0.,-1.,0.));
#4953 = DIRECTION('',(0.,0.,1.));
#4954 = ORIENTED_EDGE('',*,*,#4955,.F.);
#4955 = EDGE_CURVE('',#4956,#4947,#4958,.T.);
#4956 = VERTEX_POINT('',#4957);
#4957 = CARTESIAN_POINT('',(1.6,0.8,5.5E-02));
#4958 = LINE('',#4959,#4960);
#4959 = CARTESIAN_POINT('',(1.6,0.8,0.));
#4960 = VECTOR('',#4961,1.);
#4961 = DIRECTION('',(0.,0.,1.));
#4962 = ORIENTED_EDGE('',*,*,#4963,.T.);
#4963 = EDGE_CURVE('',#4956,#4912,#4964,.T.);
#4964 = CIRCLE('',#4965,5.5E-02);
#4965 = AXIS2_PLACEMENT_3D('',#4966,#4967,#4968);
#4966 = CARTESIAN_POINT('',(1.545,0.8,5.5E-02));
#4967 = DIRECTION('',(0.,1.,0.));
#4968 = DIRECTION('',(0.,-0.,1.));
#4969 = PLANE('',#4970);
#4970 = AXIS2_PLACEMENT_3D('',#4971,#4972,#4973);
#4971 = CARTESIAN_POINT('',(1.2,0.8,0.));
#4972 = DIRECTION('',(0.,1.,0.));
#4973 = DIRECTION('',(0.,-0.,1.));
#4974 = ADVANCED_FACE('',(#4975),#4993,.T.);
#4975 = FACE_BOUND('',#4976,.T.);
#4976 = EDGE_LOOP('',(#4977,#4978,#4979,#4987));
#4977 = ORIENTED_EDGE('',*,*,#4722,.F.);
#4978 = ORIENTED_EDGE('',*,*,#4887,.T.);
#4979 = ORIENTED_EDGE('',*,*,#4980,.T.);
#4980 = EDGE_CURVE('',#4888,#4981,#4983,.T.);
#4981 = VERTEX_POINT('',#4982);
#4982 = CARTESIAN_POINT('',(1.2,0.8,0.55));
#4983 = LINE('',#4984,#4985);
#4984 = CARTESIAN_POINT('',(-1.2,0.8,0.55));
#4985 = VECTOR('',#4986,1.);
#4986 = DIRECTION('',(1.,0.,0.));
#4987 = ORIENTED_EDGE('',*,*,#4988,.F.);
#4988 = EDGE_CURVE('',#4723,#4981,#4989,.T.);
#4989 = LINE('',#4990,#4991);
#4990 = CARTESIAN_POINT('',(1.2,0.8,0.495));
#4991 = VECTOR('',#4992,1.);
#4992 = DIRECTION('',(0.,0.,1.));
#4993 = PLANE('',#4994);
#4994 = AXIS2_PLACEMENT_3D('',#4995,#4996,#4997);
#4995 = CARTESIAN_POINT('',(-1.2,0.8,0.495));
#4996 = DIRECTION('',(0.,1.,0.));
#4997 = DIRECTION('',(0.,-0.,1.));
#4998 = ADVANCED_FACE('',(#4999),#5010,.T.);
#4999 = FACE_BOUND('',#5000,.T.);
#5000 = EDGE_LOOP('',(#5001,#5002,#5003,#5009));
#5001 = ORIENTED_EDGE('',*,*,#4770,.T.);
#5002 = ORIENTED_EDGE('',*,*,#4919,.T.);
#5003 = ORIENTED_EDGE('',*,*,#5004,.F.);
#5004 = EDGE_CURVE('',#4786,#4910,#5005,.T.);
#5005 = LINE('',#5006,#5007);
#5006 = CARTESIAN_POINT('',(1.255,-0.8,0.));
#5007 = VECTOR('',#5008,1.);
#5008 = DIRECTION('',(0.,1.,0.));
#5009 = ORIENTED_EDGE('',*,*,#4795,.F.);
#5010 = CYLINDRICAL_SURFACE('',#5011,5.5E-02);
#5011 = AXIS2_PLACEMENT_3D('',#5012,#5013,#5014);
#5012 = CARTESIAN_POINT('',(1.255,-0.8,5.5E-02));
#5013 = DIRECTION('',(0.,1.,0.));
#5014 = DIRECTION('',(-1.,0.,0.));
#5015 = ADVANCED_FACE('',(#5016),#5027,.F.);
#5016 = FACE_BOUND('',#5017,.F.);
#5017 = EDGE_LOOP('',(#5018,#5019,#5020,#5021));
#5018 = ORIENTED_EDGE('',*,*,#4909,.F.);
#5019 = ORIENTED_EDGE('',*,*,#5004,.F.);
#5020 = ORIENTED_EDGE('',*,*,#4785,.T.);
#5021 = ORIENTED_EDGE('',*,*,#5022,.T.);
#5022 = EDGE_CURVE('',#4788,#4912,#5023,.T.);
#5023 = LINE('',#5024,#5025);
#5024 = CARTESIAN_POINT('',(1.545,-0.8,0.));
#5025 = VECTOR('',#5026,1.);
#5026 = DIRECTION('',(0.,1.,0.));
#5027 = PLANE('',#5028);
#5028 = AXIS2_PLACEMENT_3D('',#5029,#5030,#5031);
#5029 = CARTESIAN_POINT('',(1.2,-0.8,0.));
#5030 = DIRECTION('',(0.,0.,1.));
#5031 = DIRECTION('',(1.,0.,-0.));
#5032 = ADVANCED_FACE('',(#5033),#5044,.T.);
#5033 = FACE_BOUND('',#5034,.T.);
#5034 = EDGE_LOOP('',(#5035,#5036,#5037,#5038));
#5035 = ORIENTED_EDGE('',*,*,#4839,.T.);
#5036 = ORIENTED_EDGE('',*,*,#5022,.T.);
#5037 = ORIENTED_EDGE('',*,*,#4963,.F.);
#5038 = ORIENTED_EDGE('',*,*,#5039,.F.);
#5039 = EDGE_CURVE('',#4832,#4956,#5040,.T.);
#5040 = LINE('',#5041,#5042);
#5041 = CARTESIAN_POINT('',(1.6,-0.8,5.5E-02));
#5042 = VECTOR('',#5043,1.);
#5043 = DIRECTION('',(0.,1.,0.));
#5044 = CYLINDRICAL_SURFACE('',#5045,5.5E-02);
#5045 = AXIS2_PLACEMENT_3D('',#5046,#5047,#5048);
#5046 = CARTESIAN_POINT('',(1.545,-0.8,5.5E-02));
#5047 = DIRECTION('',(0.,1.,0.));
#5048 = DIRECTION('',(1.,0.,0.));
#5049 = ADVANCED_FACE('',(#5050),#5061,.T.);
#5050 = FACE_BOUND('',#5051,.T.);
#5051 = EDGE_LOOP('',(#5052,#5053,#5054,#5055));
#5052 = ORIENTED_EDGE('',*,*,#4831,.F.);
#5053 = ORIENTED_EDGE('',*,*,#5039,.T.);
#5054 = ORIENTED_EDGE('',*,*,#4955,.T.);
#5055 = ORIENTED_EDGE('',*,*,#5056,.F.);
#5056 = EDGE_CURVE('',#4823,#4947,#5057,.T.);
#5057 = LINE('',#5058,#5059);
#5058 = CARTESIAN_POINT('',(1.6,-0.8,0.495));
#5059 = VECTOR('',#5060,1.);
#5060 = DIRECTION('',(0.,1.,0.));
#5061 = PLANE('',#5062);
#5062 = AXIS2_PLACEMENT_3D('',#5063,#5064,#5065);
#5063 = CARTESIAN_POINT('',(1.6,-0.8,0.));
#5064 = DIRECTION('',(1.,0.,0.));
#5065 = DIRECTION('',(0.,0.,1.));
#5066 = ADVANCED_FACE('',(#5067),#5078,.T.);
#5067 = FACE_BOUND('',#5068,.T.);
#5068 = EDGE_LOOP('',(#5069,#5070,#5071,#5077));
#5069 = ORIENTED_EDGE('',*,*,#5056,.T.);
#5070 = ORIENTED_EDGE('',*,*,#4946,.T.);
#5071 = ORIENTED_EDGE('',*,*,#5072,.F.);
#5072 = EDGE_CURVE('',#4815,#4939,#5073,.T.);
#5073 = LINE('',#5074,#5075);
#5074 = CARTESIAN_POINT('',(1.545,-0.8,0.55));
#5075 = VECTOR('',#5076,1.);
#5076 = DIRECTION('',(0.,1.,0.));
#5077 = ORIENTED_EDGE('',*,*,#4822,.F.);
#5078 = CYLINDRICAL_SURFACE('',#5079,5.5E-02);
#5079 = AXIS2_PLACEMENT_3D('',#5080,#5081,#5082);
#5080 = CARTESIAN_POINT('',(1.545,-0.8,0.495));
#5081 = DIRECTION('',(0.,1.,0.));
#5082 = DIRECTION('',(1.,0.,0.));
#5083 = ADVANCED_FACE('',(#5084),#5095,.T.);
#5084 = FACE_BOUND('',#5085,.T.);
#5085 = EDGE_LOOP('',(#5086,#5087,#5093,#5094));
#5086 = ORIENTED_EDGE('',*,*,#4938,.F.);
#5087 = ORIENTED_EDGE('',*,*,#5088,.F.);
#5088 = EDGE_CURVE('',#4806,#4930,#5089,.T.);
#5089 = LINE('',#5090,#5091);
#5090 = CARTESIAN_POINT('',(1.255,-0.8,0.55));
#5091 = VECTOR('',#5092,1.);
#5092 = DIRECTION('',(0.,1.,0.));
#5093 = ORIENTED_EDGE('',*,*,#4814,.T.);
#5094 = ORIENTED_EDGE('',*,*,#5072,.T.);
#5095 = PLANE('',#5096);
#5096 = AXIS2_PLACEMENT_3D('',#5097,#5098,#5099);
#5097 = CARTESIAN_POINT('',(1.2,-0.8,0.55));
#5098 = DIRECTION('',(0.,0.,1.));
#5099 = DIRECTION('',(1.,0.,-0.));
#5100 = ADVANCED_FACE('',(#5101),#5112,.T.);
#5101 = FACE_BOUND('',#5102,.T.);
#5102 = EDGE_LOOP('',(#5103,#5104,#5105,#5106));
#5103 = ORIENTED_EDGE('',*,*,#4805,.T.);
#5104 = ORIENTED_EDGE('',*,*,#5088,.T.);
#5105 = ORIENTED_EDGE('',*,*,#4929,.F.);
#5106 = ORIENTED_EDGE('',*,*,#5107,.F.);
#5107 = EDGE_CURVE('',#4640,#4723,#5108,.T.);
#5108 = LINE('',#5109,#5110);
#5109 = CARTESIAN_POINT('',(1.2,-0.8,0.495));
#5110 = VECTOR('',#5111,1.);
#5111 = DIRECTION('',(0.,1.,0.));
#5112 = CYLINDRICAL_SURFACE('',#5113,5.5E-02);
#5113 = AXIS2_PLACEMENT_3D('',#5114,#5115,#5116);
#5114 = CARTESIAN_POINT('',(1.255,-0.8,0.495));
#5115 = DIRECTION('',(0.,1.,0.));
#5116 = DIRECTION('',(-1.,0.,0.));
#5117 = ADVANCED_FACE('',(#5118),#5129,.T.);
#5118 = FACE_BOUND('',#5119,.T.);
#5119 = EDGE_LOOP('',(#5120,#5121,#5122,#5123));
#5120 = ORIENTED_EDGE('',*,*,#4871,.F.);
#5121 = ORIENTED_EDGE('',*,*,#5107,.T.);
#5122 = ORIENTED_EDGE('',*,*,#4988,.T.);
#5123 = ORIENTED_EDGE('',*,*,#5124,.F.);
#5124 = EDGE_CURVE('',#4864,#4981,#5125,.T.);
#5125 = LINE('',#5126,#5127);
#5126 = CARTESIAN_POINT('',(1.2,-0.8,0.55));
#5127 = VECTOR('',#5128,1.);
#5128 = DIRECTION('',(0.,1.,0.));
#5129 = PLANE('',#5130);
#5130 = AXIS2_PLACEMENT_3D('',#5131,#5132,#5133);
#5131 = CARTESIAN_POINT('',(1.2,-0.8,0.495));
#5132 = DIRECTION('',(1.,0.,0.));
#5133 = DIRECTION('',(0.,0.,1.));
#5134 = ADVANCED_FACE('',(#5135),#5141,.T.);
#5135 = FACE_BOUND('',#5136,.T.);
#5136 = EDGE_LOOP('',(#5137,#5138,#5139,#5140));
#5137 = ORIENTED_EDGE('',*,*,#4895,.F.);
#5138 = ORIENTED_EDGE('',*,*,#4863,.T.);
#5139 = ORIENTED_EDGE('',*,*,#5124,.T.);
#5140 = ORIENTED_EDGE('',*,*,#4980,.F.);
#5141 = PLANE('',#5142);
#5142 = AXIS2_PLACEMENT_3D('',#5143,#5144,#5145);
#5143 = CARTESIAN_POINT('',(-1.2,-0.8,0.55));
#5144 = DIRECTION('',(0.,0.,1.));
#5145 = DIRECTION('',(1.,0.,-0.));
#5146 = ( GEOMETRIC_REPRESENTATION_CONTEXT(3) 
GLOBAL_UNCERTAINTY_ASSIGNED_CONTEXT((#5150)) 
GLOBAL_UNIT_ASSIGNED_CONTEXT((#5147,#5148,#5149)) REPRESENTATION_CONTEXT
('Context #1','3D Context with UNIT and UNCERTAINTY') );
#5147 = ( LENGTH_UNIT() NAMED_UNIT(*) SI_UNIT(.MILLI.,.METRE.) );
#5148 = ( NAMED_UNIT(*) PLANE_ANGLE_UNIT() SI_UNIT($,.RADIAN.) );
#5149 = ( NAMED_UNIT(*) SI_UNIT($,.STERADIAN.) SOLID_ANGLE_UNIT() );
#5150 = UNCERTAINTY_MEASURE_WITH_UNIT(LENGTH_MEASURE(1.E-07),#5147,
  'distance_accuracy_value','confusion accuracy');
#5151 = CONTEXT_DEPENDENT_SHAPE_REPRESENTATION(#5152,#5154);
#5152 = ( REPRESENTATION_RELATIONSHIP('','',#4355,#4332) 
REPRESENTATION_RELATIONSHIP_WITH_TRANSFORMATION(#5153) 
SHAPE_REPRESENTATION_RELATIONSHIP() );
#5153 = ITEM_DEFINED_TRANSFORMATION('','',#11,#4333);
#5154 = PRODUCT_DEFINITION_SHAPE('Placement','Placement of an item',
  #5155);
#5155 = NEXT_ASSEMBLY_USAGE_OCCURRENCE('16','=>[0:1:1:11]','',#4327,
  #4350,$);
#5156 = PRODUCT_RELATED_PRODUCT_CATEGORY('part',$,(#4352));
#5157 = CONTEXT_DEPENDENT_SHAPE_REPRESENTATION(#5158,#5160);
#5158 = ( REPRESENTATION_RELATIONSHIP('','',#3401,#10) 
REPRESENTATION_RELATIONSHIP_WITH_TRANSFORMATION(#5159) 
SHAPE_REPRESENTATION_RELATIONSHIP() );
#5159 = ITEM_DEFINED_TRANSFORMATION('','',#11,#63);
#5160 = PRODUCT_DEFINITION_SHAPE('Placement','Placement of an item',
  #5161);
#5161 = NEXT_ASSEMBLY_USAGE_OCCURRENCE('18','C6','',#5,#3396,$);
#5162 = CONTEXT_DEPENDENT_SHAPE_REPRESENTATION(#5163,#5165);
#5163 = ( REPRESENTATION_RELATIONSHIP('','',#2569,#10) 
REPRESENTATION_RELATIONSHIP_WITH_TRANSFORMATION(#5164) 
SHAPE_REPRESENTATION_RELATIONSHIP() );
#5164 = ITEM_DEFINED_TRANSFORMATION('','',#11,#67);
#5165 = PRODUCT_DEFINITION_SHAPE('Placement','Placement of an item',
  #5166);
#5166 = NEXT_ASSEMBLY_USAGE_OCCURRENCE('19','R2','',#5,#2564,$);
#5167 = CONTEXT_DEPENDENT_SHAPE_REPRESENTATION(#5168,#5170);
#5168 = ( REPRESENTATION_RELATIONSHIP('','',#4332,#10) 
REPRESENTATION_RELATIONSHIP_WITH_TRANSFORMATION(#5169) 
SHAPE_REPRESENTATION_RELATIONSHIP() );
#5169 = ITEM_DEFINED_TRANSFORMATION('','',#11,#71);
#5170 = PRODUCT_DEFINITION_SHAPE('Placement','Placement of an item',
  #5171);
#5171 = NEXT_ASSEMBLY_USAGE_OCCURRENCE('20','R4','',#5,#4327,$);
#5172 = CONTEXT_DEPENDENT_SHAPE_REPRESENTATION(#5173,#5175);
#5173 = ( REPRESENTATION_RELATIONSHIP('','',#1673,#10) 
REPRESENTATION_RELATIONSHIP_WITH_TRANSFORMATION(#5174) 
SHAPE_REPRESENTATION_RELATIONSHIP() );
#5174 = ITEM_DEFINED_TRANSFORMATION('','',#11,#75);
#5175 = PRODUCT_DEFINITION_SHAPE('Placement','Placement of an item',
  #5176);
#5176 = NEXT_ASSEMBLY_USAGE_OCCURRENCE('21','C4','',#5,#1668,$);
#5177 = CONTEXT_DEPENDENT_SHAPE_REPRESENTATION(#5178,#5180);
#5178 = ( REPRESENTATION_RELATIONSHIP('','',#2569,#10) 
REPRESENTATION_RELATIONSHIP_WITH_TRANSFORMATION(#5179) 
SHAPE_REPRESENTATION_RELATIONSHIP() );
#5179 = ITEM_DEFINED_TRANSFORMATION('','',#11,#79);
#5180 = PRODUCT_DEFINITION_SHAPE('Placement','Placement of an item',
  #5181);
#5181 = NEXT_ASSEMBLY_USAGE_OCCURRENCE('22','R8','',#5,#2564,$);
#5182 = CONTEXT_DEPENDENT_SHAPE_REPRESENTATION(#5183,#5185);
#5183 = ( REPRESENTATION_RELATIONSHIP('','',#2569,#10) 
REPRESENTATION_RELATIONSHIP_WITH_TRANSFORMATION(#5184) 
SHAPE_REPRESENTATION_RELATIONSHIP() );
#5184 = ITEM_DEFINED_TRANSFORMATION('','',#11,#83);
#5185 = PRODUCT_DEFINITION_SHAPE('Placement','Placement of an item',
  #5186);
#5186 = NEXT_ASSEMBLY_USAGE_OCCURRENCE('23','R5','',#5,#2564,$);
#5187 = CONTEXT_DEPENDENT_SHAPE_REPRESENTATION(#5188,#5190);
#5188 = ( REPRESENTATION_RELATIONSHIP('','',#3401,#10) 
REPRESENTATION_RELATIONSHIP_WITH_TRANSFORMATION(#5189) 
SHAPE_REPRESENTATION_RELATIONSHIP() );
#5189 = ITEM_DEFINED_TRANSFORMATION('','',#11,#87);
#5190 = PRODUCT_DEFINITION_SHAPE('Placement','Placement of an item',
  #5191);
#5191 = NEXT_ASSEMBLY_USAGE_OCCURRENCE('24','C7','',#5,#3396,$);
#5192 = SHAPE_DEFINITION_REPRESENTATION(#5193,#5199);
#5193 = PRODUCT_DEFINITION_SHAPE('','',#5194);
#5194 = PRODUCT_DEFINITION('design','',#5195,#5198);
#5195 = PRODUCT_DEFINITION_FORMATION('','',#5196);
#5196 = PRODUCT('algoritmi_foc_PCB','algoritmi_foc_PCB','',(#5197));
#5197 = PRODUCT_CONTEXT('',#2,'mechanical');
#5198 = PRODUCT_DEFINITION_CONTEXT('part definition',#2,'design');
#5199 = ADVANCED_BREP_SHAPE_REPRESENTATION('',(#11,#5200),#5778);
#5200 = MANIFOLD_SOLID_BREP('',#5201);
#5201 = CLOSED_SHELL('',(#5202,#5244,#5275,#5306,#5337,#5368,#5399,#5432
    ,#5463,#5496,#5527,#5560,#5582,#5615,#5648,#5681,#5714,#5746));
#5202 = ADVANCED_FACE('',(#5203),#5239,.T.);
#5203 = FACE_BOUND('',#5204,.T.);
#5204 = EDGE_LOOP('',(#5205,#5215,#5224,#5232));
#5205 = ORIENTED_EDGE('',*,*,#5206,.T.);
#5206 = EDGE_CURVE('',#5207,#5209,#5211,.T.);
#5207 = VERTEX_POINT('',#5208);
#5208 = CARTESIAN_POINT('',(124.2,-67.,0.));
#5209 = VERTEX_POINT('',#5210);
#5210 = CARTESIAN_POINT('',(124.2,-67.,1.6));
#5211 = LINE('',#5212,#5213);
#5212 = CARTESIAN_POINT('',(124.2,-67.,0.));
#5213 = VECTOR('',#5214,1.);
#5214 = DIRECTION('',(0.,0.,1.));
#5215 = ORIENTED_EDGE('',*,*,#5216,.T.);
#5216 = EDGE_CURVE('',#5209,#5217,#5219,.T.);
#5217 = VERTEX_POINT('',#5218);
#5218 = CARTESIAN_POINT('',(125.4,-68.2,1.6));
#5219 = CIRCLE('',#5220,1.200000469195);
#5220 = AXIS2_PLACEMENT_3D('',#5221,#5222,#5223);
#5221 = CARTESIAN_POINT('',(124.1999995308,-68.20000046919,1.6));
#5222 = DIRECTION('',(0.,0.,-1.));
#5223 = DIRECTION('',(3.909953497641E-07,1.,0.));
#5224 = ORIENTED_EDGE('',*,*,#5225,.F.);
#5225 = EDGE_CURVE('',#5226,#5217,#5228,.T.);
#5226 = VERTEX_POINT('',#5227);
#5227 = CARTESIAN_POINT('',(125.4,-68.2,0.));
#5228 = LINE('',#5229,#5230);
#5229 = CARTESIAN_POINT('',(125.4,-68.2,0.));
#5230 = VECTOR('',#5231,1.);
#5231 = DIRECTION('',(0.,0.,1.));
#5232 = ORIENTED_EDGE('',*,*,#5233,.F.);
#5233 = EDGE_CURVE('',#5207,#5226,#5234,.T.);
#5234 = CIRCLE('',#5235,1.200000469195);
#5235 = AXIS2_PLACEMENT_3D('',#5236,#5237,#5238);
#5236 = CARTESIAN_POINT('',(124.1999995308,-68.20000046919,0.));
#5237 = DIRECTION('',(0.,0.,-1.));
#5238 = DIRECTION('',(3.909953497641E-07,1.,0.));
#5239 = CYLINDRICAL_SURFACE('',#5240,1.200000469195);
#5240 = AXIS2_PLACEMENT_3D('',#5241,#5242,#5243);
#5241 = CARTESIAN_POINT('',(124.1999995308,-68.20000046919,0.));
#5242 = DIRECTION('',(0.,0.,-1.));
#5243 = DIRECTION('',(3.909953497641E-07,1.,0.));
#5244 = ADVANCED_FACE('',(#5245),#5270,.T.);
#5245 = FACE_BOUND('',#5246,.T.);
#5246 = EDGE_LOOP('',(#5247,#5248,#5256,#5264));
#5247 = ORIENTED_EDGE('',*,*,#5225,.T.);
#5248 = ORIENTED_EDGE('',*,*,#5249,.T.);
#5249 = EDGE_CURVE('',#5217,#5250,#5252,.T.);
#5250 = VERTEX_POINT('',#5251);
#5251 = CARTESIAN_POINT('',(125.4,-70.6,1.6));
#5252 = LINE('',#5253,#5254);
#5253 = CARTESIAN_POINT('',(125.4,-68.2,1.6));
#5254 = VECTOR('',#5255,1.);
#5255 = DIRECTION('',(0.,-1.,0.));
#5256 = ORIENTED_EDGE('',*,*,#5257,.F.);
#5257 = EDGE_CURVE('',#5258,#5250,#5260,.T.);
#5258 = VERTEX_POINT('',#5259);
#5259 = CARTESIAN_POINT('',(125.4,-70.6,0.));
#5260 = LINE('',#5261,#5262);
#5261 = CARTESIAN_POINT('',(125.4,-70.6,0.));
#5262 = VECTOR('',#5263,1.);
#5263 = DIRECTION('',(0.,0.,1.));
#5264 = ORIENTED_EDGE('',*,*,#5265,.F.);
#5265 = EDGE_CURVE('',#5226,#5258,#5266,.T.);
#5266 = LINE('',#5267,#5268);
#5267 = CARTESIAN_POINT('',(125.4,-68.2,0.));
#5268 = VECTOR('',#5269,1.);
#5269 = DIRECTION('',(0.,-1.,0.));
#5270 = PLANE('',#5271);
#5271 = AXIS2_PLACEMENT_3D('',#5272,#5273,#5274);
#5272 = CARTESIAN_POINT('',(125.4,-68.2,0.));
#5273 = DIRECTION('',(1.,0.,-0.));
#5274 = DIRECTION('',(0.,-1.,0.));
#5275 = ADVANCED_FACE('',(#5276),#5301,.T.);
#5276 = FACE_BOUND('',#5277,.T.);
#5277 = EDGE_LOOP('',(#5278,#5279,#5287,#5295));
#5278 = ORIENTED_EDGE('',*,*,#5257,.T.);
#5279 = ORIENTED_EDGE('',*,*,#5280,.T.);
#5280 = EDGE_CURVE('',#5250,#5281,#5283,.T.);
#5281 = VERTEX_POINT('',#5282);
#5282 = CARTESIAN_POINT('',(122.275,-70.6,1.6));
#5283 = LINE('',#5284,#5285);
#5284 = CARTESIAN_POINT('',(125.4,-70.6,1.6));
#5285 = VECTOR('',#5286,1.);
#5286 = DIRECTION('',(-1.,0.,0.));
#5287 = ORIENTED_EDGE('',*,*,#5288,.F.);
#5288 = EDGE_CURVE('',#5289,#5281,#5291,.T.);
#5289 = VERTEX_POINT('',#5290);
#5290 = CARTESIAN_POINT('',(122.275,-70.6,0.));
#5291 = LINE('',#5292,#5293);
#5292 = CARTESIAN_POINT('',(122.275,-70.6,0.));
#5293 = VECTOR('',#5294,1.);
#5294 = DIRECTION('',(0.,0.,1.));
#5295 = ORIENTED_EDGE('',*,*,#5296,.F.);
#5296 = EDGE_CURVE('',#5258,#5289,#5297,.T.);
#5297 = LINE('',#5298,#5299);
#5298 = CARTESIAN_POINT('',(125.4,-70.6,0.));
#5299 = VECTOR('',#5300,1.);
#5300 = DIRECTION('',(-1.,0.,0.));
#5301 = PLANE('',#5302);
#5302 = AXIS2_PLACEMENT_3D('',#5303,#5304,#5305);
#5303 = CARTESIAN_POINT('',(125.4,-70.6,0.));
#5304 = DIRECTION('',(0.,-1.,0.));
#5305 = DIRECTION('',(-1.,0.,0.));
#5306 = ADVANCED_FACE('',(#5307),#5332,.T.);
#5307 = FACE_BOUND('',#5308,.T.);
#5308 = EDGE_LOOP('',(#5309,#5310,#5318,#5326));
#5309 = ORIENTED_EDGE('',*,*,#5288,.T.);
#5310 = ORIENTED_EDGE('',*,*,#5311,.T.);
#5311 = EDGE_CURVE('',#5281,#5312,#5314,.T.);
#5312 = VERTEX_POINT('',#5313);
#5313 = CARTESIAN_POINT('',(122.275,-82.2,1.6));
#5314 = LINE('',#5315,#5316);
#5315 = CARTESIAN_POINT('',(122.275,-70.6,1.6));
#5316 = VECTOR('',#5317,1.);
#5317 = DIRECTION('',(0.,-1.,0.));
#5318 = ORIENTED_EDGE('',*,*,#5319,.F.);
#5319 = EDGE_CURVE('',#5320,#5312,#5322,.T.);
#5320 = VERTEX_POINT('',#5321);
#5321 = CARTESIAN_POINT('',(122.275,-82.2,0.));
#5322 = LINE('',#5323,#5324);
#5323 = CARTESIAN_POINT('',(122.275,-82.2,0.));
#5324 = VECTOR('',#5325,1.);
#5325 = DIRECTION('',(0.,0.,1.));
#5326 = ORIENTED_EDGE('',*,*,#5327,.F.);
#5327 = EDGE_CURVE('',#5289,#5320,#5328,.T.);
#5328 = LINE('',#5329,#5330);
#5329 = CARTESIAN_POINT('',(122.275,-70.6,0.));
#5330 = VECTOR('',#5331,1.);
#5331 = DIRECTION('',(0.,-1.,0.));
#5332 = PLANE('',#5333);
#5333 = AXIS2_PLACEMENT_3D('',#5334,#5335,#5336);
#5334 = CARTESIAN_POINT('',(122.275,-70.6,0.));
#5335 = DIRECTION('',(1.,0.,-0.));
#5336 = DIRECTION('',(0.,-1.,0.));
#5337 = ADVANCED_FACE('',(#5338),#5363,.T.);
#5338 = FACE_BOUND('',#5339,.T.);
#5339 = EDGE_LOOP('',(#5340,#5341,#5349,#5357));
#5340 = ORIENTED_EDGE('',*,*,#5319,.T.);
#5341 = ORIENTED_EDGE('',*,*,#5342,.T.);
#5342 = EDGE_CURVE('',#5312,#5343,#5345,.T.);
#5343 = VERTEX_POINT('',#5344);
#5344 = CARTESIAN_POINT('',(125.4,-82.2,1.6));
#5345 = LINE('',#5346,#5347);
#5346 = CARTESIAN_POINT('',(122.275,-82.2,1.6));
#5347 = VECTOR('',#5348,1.);
#5348 = DIRECTION('',(1.,0.,0.));
#5349 = ORIENTED_EDGE('',*,*,#5350,.F.);
#5350 = EDGE_CURVE('',#5351,#5343,#5353,.T.);
#5351 = VERTEX_POINT('',#5352);
#5352 = CARTESIAN_POINT('',(125.4,-82.2,0.));
#5353 = LINE('',#5354,#5355);
#5354 = CARTESIAN_POINT('',(125.4,-82.2,0.));
#5355 = VECTOR('',#5356,1.);
#5356 = DIRECTION('',(0.,0.,1.));
#5357 = ORIENTED_EDGE('',*,*,#5358,.F.);
#5358 = EDGE_CURVE('',#5320,#5351,#5359,.T.);
#5359 = LINE('',#5360,#5361);
#5360 = CARTESIAN_POINT('',(122.275,-82.2,0.));
#5361 = VECTOR('',#5362,1.);
#5362 = DIRECTION('',(1.,0.,0.));
#5363 = PLANE('',#5364);
#5364 = AXIS2_PLACEMENT_3D('',#5365,#5366,#5367);
#5365 = CARTESIAN_POINT('',(122.275,-82.2,0.));
#5366 = DIRECTION('',(0.,1.,0.));
#5367 = DIRECTION('',(1.,0.,0.));
#5368 = ADVANCED_FACE('',(#5369),#5394,.T.);
#5369 = FACE_BOUND('',#5370,.T.);
#5370 = EDGE_LOOP('',(#5371,#5372,#5380,#5388));
#5371 = ORIENTED_EDGE('',*,*,#5350,.T.);
#5372 = ORIENTED_EDGE('',*,*,#5373,.T.);
#5373 = EDGE_CURVE('',#5343,#5374,#5376,.T.);
#5374 = VERTEX_POINT('',#5375);
#5375 = CARTESIAN_POINT('',(125.4,-95.,1.6));
#5376 = LINE('',#5377,#5378);
#5377 = CARTESIAN_POINT('',(125.4,-82.2,1.6));
#5378 = VECTOR('',#5379,1.);
#5379 = DIRECTION('',(0.,-1.,0.));
#5380 = ORIENTED_EDGE('',*,*,#5381,.F.);
#5381 = EDGE_CURVE('',#5382,#5374,#5384,.T.);
#5382 = VERTEX_POINT('',#5383);
#5383 = CARTESIAN_POINT('',(125.4,-95.,0.));
#5384 = LINE('',#5385,#5386);
#5385 = CARTESIAN_POINT('',(125.4,-95.,0.));
#5386 = VECTOR('',#5387,1.);
#5387 = DIRECTION('',(0.,0.,1.));
#5388 = ORIENTED_EDGE('',*,*,#5389,.F.);
#5389 = EDGE_CURVE('',#5351,#5382,#5390,.T.);
#5390 = LINE('',#5391,#5392);
#5391 = CARTESIAN_POINT('',(125.4,-82.2,0.));
#5392 = VECTOR('',#5393,1.);
#5393 = DIRECTION('',(0.,-1.,0.));
#5394 = PLANE('',#5395);
#5395 = AXIS2_PLACEMENT_3D('',#5396,#5397,#5398);
#5396 = CARTESIAN_POINT('',(125.4,-82.2,0.));
#5397 = DIRECTION('',(1.,0.,-0.));
#5398 = DIRECTION('',(0.,-1.,0.));
#5399 = ADVANCED_FACE('',(#5400),#5427,.T.);
#5400 = FACE_BOUND('',#5401,.T.);
#5401 = EDGE_LOOP('',(#5402,#5403,#5412,#5420));
#5402 = ORIENTED_EDGE('',*,*,#5381,.T.);
#5403 = ORIENTED_EDGE('',*,*,#5404,.T.);
#5404 = EDGE_CURVE('',#5374,#5405,#5407,.T.);
#5405 = VERTEX_POINT('',#5406);
#5406 = CARTESIAN_POINT('',(124.2,-96.2,1.6));
#5407 = CIRCLE('',#5408,1.200000469195);
#5408 = AXIS2_PLACEMENT_3D('',#5409,#5410,#5411);
#5409 = CARTESIAN_POINT('',(124.1999995308,-94.9999995308,1.6));
#5410 = DIRECTION('',(0.,0.,-1.));
#5411 = DIRECTION('',(1.,-3.909953616065E-07,0.));
#5412 = ORIENTED_EDGE('',*,*,#5413,.F.);
#5413 = EDGE_CURVE('',#5414,#5405,#5416,.T.);
#5414 = VERTEX_POINT('',#5415);
#5415 = CARTESIAN_POINT('',(124.2,-96.2,0.));
#5416 = LINE('',#5417,#5418);
#5417 = CARTESIAN_POINT('',(124.2,-96.2,0.));
#5418 = VECTOR('',#5419,1.);
#5419 = DIRECTION('',(0.,0.,1.));
#5420 = ORIENTED_EDGE('',*,*,#5421,.F.);
#5421 = EDGE_CURVE('',#5382,#5414,#5422,.T.);
#5422 = CIRCLE('',#5423,1.200000469195);
#5423 = AXIS2_PLACEMENT_3D('',#5424,#5425,#5426);
#5424 = CARTESIAN_POINT('',(124.1999995308,-94.9999995308,0.));
#5425 = DIRECTION('',(0.,0.,-1.));
#5426 = DIRECTION('',(1.,-3.909953616065E-07,0.));
#5427 = CYLINDRICAL_SURFACE('',#5428,1.200000469195);
#5428 = AXIS2_PLACEMENT_3D('',#5429,#5430,#5431);
#5429 = CARTESIAN_POINT('',(124.1999995308,-94.9999995308,0.));
#5430 = DIRECTION('',(0.,0.,-1.));
#5431 = DIRECTION('',(1.,-3.909953616065E-07,0.));
#5432 = ADVANCED_FACE('',(#5433),#5458,.T.);
#5433 = FACE_BOUND('',#5434,.T.);
#5434 = EDGE_LOOP('',(#5435,#5436,#5444,#5452));
#5435 = ORIENTED_EDGE('',*,*,#5413,.T.);
#5436 = ORIENTED_EDGE('',*,*,#5437,.T.);
#5437 = EDGE_CURVE('',#5405,#5438,#5440,.T.);
#5438 = VERTEX_POINT('',#5439);
#5439 = CARTESIAN_POINT('',(81.4,-96.2,1.6));
#5440 = LINE('',#5441,#5442);
#5441 = CARTESIAN_POINT('',(124.2,-96.2,1.6));
#5442 = VECTOR('',#5443,1.);
#5443 = DIRECTION('',(-1.,0.,0.));
#5444 = ORIENTED_EDGE('',*,*,#5445,.F.);
#5445 = EDGE_CURVE('',#5446,#5438,#5448,.T.);
#5446 = VERTEX_POINT('',#5447);
#5447 = CARTESIAN_POINT('',(81.4,-96.2,0.));
#5448 = LINE('',#5449,#5450);
#5449 = CARTESIAN_POINT('',(81.4,-96.2,0.));
#5450 = VECTOR('',#5451,1.);
#5451 = DIRECTION('',(0.,0.,1.));
#5452 = ORIENTED_EDGE('',*,*,#5453,.F.);
#5453 = EDGE_CURVE('',#5414,#5446,#5454,.T.);
#5454 = LINE('',#5455,#5456);
#5455 = CARTESIAN_POINT('',(124.2,-96.2,0.));
#5456 = VECTOR('',#5457,1.);
#5457 = DIRECTION('',(-1.,0.,0.));
#5458 = PLANE('',#5459);
#5459 = AXIS2_PLACEMENT_3D('',#5460,#5461,#5462);
#5460 = CARTESIAN_POINT('',(124.2,-96.2,0.));
#5461 = DIRECTION('',(0.,-1.,0.));
#5462 = DIRECTION('',(-1.,0.,0.));
#5463 = ADVANCED_FACE('',(#5464),#5491,.T.);
#5464 = FACE_BOUND('',#5465,.T.);
#5465 = EDGE_LOOP('',(#5466,#5467,#5476,#5484));
#5466 = ORIENTED_EDGE('',*,*,#5445,.T.);
#5467 = ORIENTED_EDGE('',*,*,#5468,.T.);
#5468 = EDGE_CURVE('',#5438,#5469,#5471,.T.);
#5469 = VERTEX_POINT('',#5470);
#5470 = CARTESIAN_POINT('',(80.2,-95.,1.6));
#5471 = CIRCLE('',#5472,1.200000469195);
#5472 = AXIS2_PLACEMENT_3D('',#5473,#5474,#5475);
#5473 = CARTESIAN_POINT('',(81.400000469195,-94.9999995308,1.6));
#5474 = DIRECTION('',(0.,0.,-1.));
#5475 = DIRECTION('',(-3.909953734488E-07,-1.,-0.));
#5476 = ORIENTED_EDGE('',*,*,#5477,.F.);
#5477 = EDGE_CURVE('',#5478,#5469,#5480,.T.);
#5478 = VERTEX_POINT('',#5479);
#5479 = CARTESIAN_POINT('',(80.2,-95.,0.));
#5480 = LINE('',#5481,#5482);
#5481 = CARTESIAN_POINT('',(80.2,-95.,0.));
#5482 = VECTOR('',#5483,1.);
#5483 = DIRECTION('',(0.,0.,1.));
#5484 = ORIENTED_EDGE('',*,*,#5485,.F.);
#5485 = EDGE_CURVE('',#5446,#5478,#5486,.T.);
#5486 = CIRCLE('',#5487,1.200000469195);
#5487 = AXIS2_PLACEMENT_3D('',#5488,#5489,#5490);
#5488 = CARTESIAN_POINT('',(81.400000469195,-94.9999995308,0.));
#5489 = DIRECTION('',(0.,0.,-1.));
#5490 = DIRECTION('',(-3.909953734488E-07,-1.,-0.));
#5491 = CYLINDRICAL_SURFACE('',#5492,1.200000469195);
#5492 = AXIS2_PLACEMENT_3D('',#5493,#5494,#5495);
#5493 = CARTESIAN_POINT('',(81.400000469195,-94.9999995308,0.));
#5494 = DIRECTION('',(0.,0.,-1.));
#5495 = DIRECTION('',(-3.909953734488E-07,-1.,-0.));
#5496 = ADVANCED_FACE('',(#5497),#5522,.T.);
#5497 = FACE_BOUND('',#5498,.T.);
#5498 = EDGE_LOOP('',(#5499,#5500,#5508,#5516));
#5499 = ORIENTED_EDGE('',*,*,#5477,.T.);
#5500 = ORIENTED_EDGE('',*,*,#5501,.T.);
#5501 = EDGE_CURVE('',#5469,#5502,#5504,.T.);
#5502 = VERTEX_POINT('',#5503);
#5503 = CARTESIAN_POINT('',(80.2,-68.2,1.6));
#5504 = LINE('',#5505,#5506);
#5505 = CARTESIAN_POINT('',(80.2,-95.,1.6));
#5506 = VECTOR('',#5507,1.);
#5507 = DIRECTION('',(0.,1.,0.));
#5508 = ORIENTED_EDGE('',*,*,#5509,.F.);
#5509 = EDGE_CURVE('',#5510,#5502,#5512,.T.);
#5510 = VERTEX_POINT('',#5511);
#5511 = CARTESIAN_POINT('',(80.2,-68.2,0.));
#5512 = LINE('',#5513,#5514);
#5513 = CARTESIAN_POINT('',(80.2,-68.2,0.));
#5514 = VECTOR('',#5515,1.);
#5515 = DIRECTION('',(0.,0.,1.));
#5516 = ORIENTED_EDGE('',*,*,#5517,.F.);
#5517 = EDGE_CURVE('',#5478,#5510,#5518,.T.);
#5518 = LINE('',#5519,#5520);
#5519 = CARTESIAN_POINT('',(80.2,-95.,0.));
#5520 = VECTOR('',#5521,1.);
#5521 = DIRECTION('',(0.,1.,0.));
#5522 = PLANE('',#5523);
#5523 = AXIS2_PLACEMENT_3D('',#5524,#5525,#5526);
#5524 = CARTESIAN_POINT('',(80.2,-95.,0.));
#5525 = DIRECTION('',(-1.,0.,0.));
#5526 = DIRECTION('',(0.,1.,0.));
#5527 = ADVANCED_FACE('',(#5528),#5555,.T.);
#5528 = FACE_BOUND('',#5529,.T.);
#5529 = EDGE_LOOP('',(#5530,#5531,#5540,#5548));
#5530 = ORIENTED_EDGE('',*,*,#5509,.T.);
#5531 = ORIENTED_EDGE('',*,*,#5532,.T.);
#5532 = EDGE_CURVE('',#5502,#5533,#5535,.T.);
#5533 = VERTEX_POINT('',#5534);
#5534 = CARTESIAN_POINT('',(81.4,-67.,1.6));
#5535 = CIRCLE('',#5536,1.200000469195);
#5536 = AXIS2_PLACEMENT_3D('',#5537,#5538,#5539);
#5537 = CARTESIAN_POINT('',(81.400000469195,-68.20000046919,1.6));
#5538 = DIRECTION('',(0.,0.,-1.));
#5539 = DIRECTION('',(-1.,3.909953616065E-07,0.));
#5540 = ORIENTED_EDGE('',*,*,#5541,.F.);
#5541 = EDGE_CURVE('',#5542,#5533,#5544,.T.);
#5542 = VERTEX_POINT('',#5543);
#5543 = CARTESIAN_POINT('',(81.4,-67.,0.));
#5544 = LINE('',#5545,#5546);
#5545 = CARTESIAN_POINT('',(81.4,-67.,0.));
#5546 = VECTOR('',#5547,1.);
#5547 = DIRECTION('',(0.,0.,1.));
#5548 = ORIENTED_EDGE('',*,*,#5549,.F.);
#5549 = EDGE_CURVE('',#5510,#5542,#5550,.T.);
#5550 = CIRCLE('',#5551,1.200000469195);
#5551 = AXIS2_PLACEMENT_3D('',#5552,#5553,#5554);
#5552 = CARTESIAN_POINT('',(81.400000469195,-68.20000046919,0.));
#5553 = DIRECTION('',(0.,0.,-1.));
#5554 = DIRECTION('',(-1.,3.909953616065E-07,0.));
#5555 = CYLINDRICAL_SURFACE('',#5556,1.200000469195);
#5556 = AXIS2_PLACEMENT_3D('',#5557,#5558,#5559);
#5557 = CARTESIAN_POINT('',(81.400000469195,-68.20000046919,0.));
#5558 = DIRECTION('',(0.,0.,-1.));
#5559 = DIRECTION('',(-1.,3.909953616065E-07,0.));
#5560 = ADVANCED_FACE('',(#5561),#5577,.T.);
#5561 = FACE_BOUND('',#5562,.T.);
#5562 = EDGE_LOOP('',(#5563,#5564,#5570,#5571));
#5563 = ORIENTED_EDGE('',*,*,#5541,.T.);
#5564 = ORIENTED_EDGE('',*,*,#5565,.T.);
#5565 = EDGE_CURVE('',#5533,#5209,#5566,.T.);
#5566 = LINE('',#5567,#5568);
#5567 = CARTESIAN_POINT('',(81.4,-67.,1.6));
#5568 = VECTOR('',#5569,1.);
#5569 = DIRECTION('',(1.,0.,0.));
#5570 = ORIENTED_EDGE('',*,*,#5206,.F.);
#5571 = ORIENTED_EDGE('',*,*,#5572,.F.);
#5572 = EDGE_CURVE('',#5542,#5207,#5573,.T.);
#5573 = LINE('',#5574,#5575);
#5574 = CARTESIAN_POINT('',(81.4,-67.,0.));
#5575 = VECTOR('',#5576,1.);
#5576 = DIRECTION('',(1.,0.,0.));
#5577 = PLANE('',#5578);
#5578 = AXIS2_PLACEMENT_3D('',#5579,#5580,#5581);
#5579 = CARTESIAN_POINT('',(81.4,-67.,0.));
#5580 = DIRECTION('',(0.,1.,0.));
#5581 = DIRECTION('',(1.,0.,0.));
#5582 = ADVANCED_FACE('',(#5583),#5610,.F.);
#5583 = FACE_BOUND('',#5584,.T.);
#5584 = EDGE_LOOP('',(#5585,#5595,#5602,#5603));
#5585 = ORIENTED_EDGE('',*,*,#5586,.T.);
#5586 = EDGE_CURVE('',#5587,#5589,#5591,.T.);
#5587 = VERTEX_POINT('',#5588);
#5588 = CARTESIAN_POINT('',(83.4,-94.2,0.));
#5589 = VERTEX_POINT('',#5590);
#5590 = CARTESIAN_POINT('',(83.4,-94.2,1.6));
#5591 = LINE('',#5592,#5593);
#5592 = CARTESIAN_POINT('',(83.4,-94.2,0.));
#5593 = VECTOR('',#5594,1.);
#5594 = DIRECTION('',(0.,0.,1.));
#5595 = ORIENTED_EDGE('',*,*,#5596,.T.);
#5596 = EDGE_CURVE('',#5589,#5589,#5597,.T.);
#5597 = CIRCLE('',#5598,1.2);
#5598 = AXIS2_PLACEMENT_3D('',#5599,#5600,#5601);
#5599 = CARTESIAN_POINT('',(82.2,-94.2,1.6));
#5600 = DIRECTION('',(0.,0.,1.));
#5601 = DIRECTION('',(1.,0.,-0.));
#5602 = ORIENTED_EDGE('',*,*,#5586,.F.);
#5603 = ORIENTED_EDGE('',*,*,#5604,.F.);
#5604 = EDGE_CURVE('',#5587,#5587,#5605,.T.);
#5605 = CIRCLE('',#5606,1.2);
#5606 = AXIS2_PLACEMENT_3D('',#5607,#5608,#5609);
#5607 = CARTESIAN_POINT('',(82.2,-94.2,0.));
#5608 = DIRECTION('',(0.,0.,1.));
#5609 = DIRECTION('',(1.,0.,-0.));
#5610 = CYLINDRICAL_SURFACE('',#5611,1.2);
#5611 = AXIS2_PLACEMENT_3D('',#5612,#5613,#5614);
#5612 = CARTESIAN_POINT('',(82.2,-94.2,0.));
#5613 = DIRECTION('',(-0.,-0.,-1.));
#5614 = DIRECTION('',(1.,0.,-0.));
#5615 = ADVANCED_FACE('',(#5616),#5643,.F.);
#5616 = FACE_BOUND('',#5617,.T.);
#5617 = EDGE_LOOP('',(#5618,#5628,#5635,#5636));
#5618 = ORIENTED_EDGE('',*,*,#5619,.T.);
#5619 = EDGE_CURVE('',#5620,#5622,#5624,.T.);
#5620 = VERTEX_POINT('',#5621);
#5621 = CARTESIAN_POINT('',(124.6,-94.2,0.));
#5622 = VERTEX_POINT('',#5623);
#5623 = CARTESIAN_POINT('',(124.6,-94.2,1.6));
#5624 = LINE('',#5625,#5626);
#5625 = CARTESIAN_POINT('',(124.6,-94.2,0.));
#5626 = VECTOR('',#5627,1.);
#5627 = DIRECTION('',(0.,0.,1.));
#5628 = ORIENTED_EDGE('',*,*,#5629,.T.);
#5629 = EDGE_CURVE('',#5622,#5622,#5630,.T.);
#5630 = CIRCLE('',#5631,1.2);
#5631 = AXIS2_PLACEMENT_3D('',#5632,#5633,#5634);
#5632 = CARTESIAN_POINT('',(123.4,-94.2,1.6));
#5633 = DIRECTION('',(0.,0.,1.));
#5634 = DIRECTION('',(1.,0.,-0.));
#5635 = ORIENTED_EDGE('',*,*,#5619,.F.);
#5636 = ORIENTED_EDGE('',*,*,#5637,.F.);
#5637 = EDGE_CURVE('',#5620,#5620,#5638,.T.);
#5638 = CIRCLE('',#5639,1.2);
#5639 = AXIS2_PLACEMENT_3D('',#5640,#5641,#5642);
#5640 = CARTESIAN_POINT('',(123.4,-94.2,0.));
#5641 = DIRECTION('',(0.,0.,1.));
#5642 = DIRECTION('',(1.,0.,-0.));
#5643 = CYLINDRICAL_SURFACE('',#5644,1.2);
#5644 = AXIS2_PLACEMENT_3D('',#5645,#5646,#5647);
#5645 = CARTESIAN_POINT('',(123.4,-94.2,0.));
#5646 = DIRECTION('',(-0.,-0.,-1.));
#5647 = DIRECTION('',(1.,0.,-0.));
#5648 = ADVANCED_FACE('',(#5649),#5676,.F.);
#5649 = FACE_BOUND('',#5650,.T.);
#5650 = EDGE_LOOP('',(#5651,#5661,#5668,#5669));
#5651 = ORIENTED_EDGE('',*,*,#5652,.T.);
#5652 = EDGE_CURVE('',#5653,#5655,#5657,.T.);
#5653 = VERTEX_POINT('',#5654);
#5654 = CARTESIAN_POINT('',(83.4,-69.,0.));
#5655 = VERTEX_POINT('',#5656);
#5656 = CARTESIAN_POINT('',(83.4,-69.,1.6));
#5657 = LINE('',#5658,#5659);
#5658 = CARTESIAN_POINT('',(83.4,-69.,0.));
#5659 = VECTOR('',#5660,1.);
#5660 = DIRECTION('',(0.,0.,1.));
#5661 = ORIENTED_EDGE('',*,*,#5662,.T.);
#5662 = EDGE_CURVE('',#5655,#5655,#5663,.T.);
#5663 = CIRCLE('',#5664,1.2);
#5664 = AXIS2_PLACEMENT_3D('',#5665,#5666,#5667);
#5665 = CARTESIAN_POINT('',(82.2,-69.,1.6));
#5666 = DIRECTION('',(0.,0.,1.));
#5667 = DIRECTION('',(1.,0.,-0.));
#5668 = ORIENTED_EDGE('',*,*,#5652,.F.);
#5669 = ORIENTED_EDGE('',*,*,#5670,.F.);
#5670 = EDGE_CURVE('',#5653,#5653,#5671,.T.);
#5671 = CIRCLE('',#5672,1.2);
#5672 = AXIS2_PLACEMENT_3D('',#5673,#5674,#5675);
#5673 = CARTESIAN_POINT('',(82.2,-69.,0.));
#5674 = DIRECTION('',(0.,0.,1.));
#5675 = DIRECTION('',(1.,0.,-0.));
#5676 = CYLINDRICAL_SURFACE('',#5677,1.2);
#5677 = AXIS2_PLACEMENT_3D('',#5678,#5679,#5680);
#5678 = CARTESIAN_POINT('',(82.2,-69.,0.));
#5679 = DIRECTION('',(-0.,-0.,-1.));
#5680 = DIRECTION('',(1.,0.,-0.));
#5681 = ADVANCED_FACE('',(#5682),#5709,.F.);
#5682 = FACE_BOUND('',#5683,.T.);
#5683 = EDGE_LOOP('',(#5684,#5694,#5701,#5702));
#5684 = ORIENTED_EDGE('',*,*,#5685,.T.);
#5685 = EDGE_CURVE('',#5686,#5688,#5690,.T.);
#5686 = VERTEX_POINT('',#5687);
#5687 = CARTESIAN_POINT('',(124.6,-69.,0.));
#5688 = VERTEX_POINT('',#5689);
#5689 = CARTESIAN_POINT('',(124.6,-69.,1.6));
#5690 = LINE('',#5691,#5692);
#5691 = CARTESIAN_POINT('',(124.6,-69.,0.));
#5692 = VECTOR('',#5693,1.);
#5693 = DIRECTION('',(0.,0.,1.));
#5694 = ORIENTED_EDGE('',*,*,#5695,.T.);
#5695 = EDGE_CURVE('',#5688,#5688,#5696,.T.);
#5696 = CIRCLE('',#5697,1.2);
#5697 = AXIS2_PLACEMENT_3D('',#5698,#5699,#5700);
#5698 = CARTESIAN_POINT('',(123.4,-69.,1.6));
#5699 = DIRECTION('',(0.,0.,1.));
#5700 = DIRECTION('',(1.,0.,-0.));
#5701 = ORIENTED_EDGE('',*,*,#5685,.F.);
#5702 = ORIENTED_EDGE('',*,*,#5703,.F.);
#5703 = EDGE_CURVE('',#5686,#5686,#5704,.T.);
#5704 = CIRCLE('',#5705,1.2);
#5705 = AXIS2_PLACEMENT_3D('',#5706,#5707,#5708);
#5706 = CARTESIAN_POINT('',(123.4,-69.,0.));
#5707 = DIRECTION('',(0.,0.,1.));
#5708 = DIRECTION('',(1.,0.,-0.));
#5709 = CYLINDRICAL_SURFACE('',#5710,1.2);
#5710 = AXIS2_PLACEMENT_3D('',#5711,#5712,#5713);
#5711 = CARTESIAN_POINT('',(123.4,-69.,0.));
#5712 = DIRECTION('',(-0.,-0.,-1.));
#5713 = DIRECTION('',(1.,0.,-0.));
#5714 = ADVANCED_FACE('',(#5715,#5729,#5732,#5735,#5738),#5741,.F.);
#5715 = FACE_BOUND('',#5716,.T.);
#5716 = EDGE_LOOP('',(#5717,#5718,#5719,#5720,#5721,#5722,#5723,#5724,
    #5725,#5726,#5727,#5728));
#5717 = ORIENTED_EDGE('',*,*,#5233,.T.);
#5718 = ORIENTED_EDGE('',*,*,#5265,.T.);
#5719 = ORIENTED_EDGE('',*,*,#5296,.T.);
#5720 = ORIENTED_EDGE('',*,*,#5327,.T.);
#5721 = ORIENTED_EDGE('',*,*,#5358,.T.);
#5722 = ORIENTED_EDGE('',*,*,#5389,.T.);
#5723 = ORIENTED_EDGE('',*,*,#5421,.T.);
#5724 = ORIENTED_EDGE('',*,*,#5453,.T.);
#5725 = ORIENTED_EDGE('',*,*,#5485,.T.);
#5726 = ORIENTED_EDGE('',*,*,#5517,.T.);
#5727 = ORIENTED_EDGE('',*,*,#5549,.T.);
#5728 = ORIENTED_EDGE('',*,*,#5572,.T.);
#5729 = FACE_BOUND('',#5730,.T.);
#5730 = EDGE_LOOP('',(#5731));
#5731 = ORIENTED_EDGE('',*,*,#5604,.T.);
#5732 = FACE_BOUND('',#5733,.T.);
#5733 = EDGE_LOOP('',(#5734));
#5734 = ORIENTED_EDGE('',*,*,#5637,.T.);
#5735 = FACE_BOUND('',#5736,.T.);
#5736 = EDGE_LOOP('',(#5737));
#5737 = ORIENTED_EDGE('',*,*,#5670,.T.);
#5738 = FACE_BOUND('',#5739,.T.);
#5739 = EDGE_LOOP('',(#5740));
#5740 = ORIENTED_EDGE('',*,*,#5703,.T.);
#5741 = PLANE('',#5742);
#5742 = AXIS2_PLACEMENT_3D('',#5743,#5744,#5745);
#5743 = CARTESIAN_POINT('',(0.,0.,0.));
#5744 = DIRECTION('',(0.,0.,1.));
#5745 = DIRECTION('',(1.,0.,-0.));
#5746 = ADVANCED_FACE('',(#5747,#5761,#5764,#5767,#5770),#5773,.T.);
#5747 = FACE_BOUND('',#5748,.F.);
#5748 = EDGE_LOOP('',(#5749,#5750,#5751,#5752,#5753,#5754,#5755,#5756,
    #5757,#5758,#5759,#5760));
#5749 = ORIENTED_EDGE('',*,*,#5216,.T.);
#5750 = ORIENTED_EDGE('',*,*,#5249,.T.);
#5751 = ORIENTED_EDGE('',*,*,#5280,.T.);
#5752 = ORIENTED_EDGE('',*,*,#5311,.T.);
#5753 = ORIENTED_EDGE('',*,*,#5342,.T.);
#5754 = ORIENTED_EDGE('',*,*,#5373,.T.);
#5755 = ORIENTED_EDGE('',*,*,#5404,.T.);
#5756 = ORIENTED_EDGE('',*,*,#5437,.T.);
#5757 = ORIENTED_EDGE('',*,*,#5468,.T.);
#5758 = ORIENTED_EDGE('',*,*,#5501,.T.);
#5759 = ORIENTED_EDGE('',*,*,#5532,.T.);
#5760 = ORIENTED_EDGE('',*,*,#5565,.T.);
#5761 = FACE_BOUND('',#5762,.F.);
#5762 = EDGE_LOOP('',(#5763));
#5763 = ORIENTED_EDGE('',*,*,#5596,.T.);
#5764 = FACE_BOUND('',#5765,.F.);
#5765 = EDGE_LOOP('',(#5766));
#5766 = ORIENTED_EDGE('',*,*,#5629,.T.);
#5767 = FACE_BOUND('',#5768,.F.);
#5768 = EDGE_LOOP('',(#5769));
#5769 = ORIENTED_EDGE('',*,*,#5662,.T.);
#5770 = FACE_BOUND('',#5771,.F.);
#5771 = EDGE_LOOP('',(#5772));
#5772 = ORIENTED_EDGE('',*,*,#5695,.T.);
#5773 = PLANE('',#5774);
#5774 = AXIS2_PLACEMENT_3D('',#5775,#5776,#5777);
#5775 = CARTESIAN_POINT('',(0.,0.,1.6));
#5776 = DIRECTION('',(0.,0.,1.));
#5777 = DIRECTION('',(1.,0.,-0.));
#5778 = ( GEOMETRIC_REPRESENTATION_CONTEXT(3) 
GLOBAL_UNCERTAINTY_ASSIGNED_CONTEXT((#5782)) 
GLOBAL_UNIT_ASSIGNED_CONTEXT((#5779,#5780,#5781)) REPRESENTATION_CONTEXT
('Context #1','3D Context with UNIT and UNCERTAINTY') );
#5779 = ( LENGTH_UNIT() NAMED_UNIT(*) SI_UNIT(.MILLI.,.METRE.) );
#5780 = ( NAMED_UNIT(*) PLANE_ANGLE_UNIT() SI_UNIT($,.RADIAN.) );
#5781 = ( NAMED_UNIT(*) SI_UNIT($,.STERADIAN.) SOLID_ANGLE_UNIT() );
#5782 = UNCERTAINTY_MEASURE_WITH_UNIT(LENGTH_MEASURE(1.E-07),#5779,
  'distance_accuracy_value','confusion accuracy');
#5783 = CONTEXT_DEPENDENT_SHAPE_REPRESENTATION(#5784,#5786);
#5784 = ( REPRESENTATION_RELATIONSHIP('','',#5199,#10) 
REPRESENTATION_RELATIONSHIP_WITH_TRANSFORMATION(#5785) 
SHAPE_REPRESENTATION_RELATIONSHIP() );
#5785 = ITEM_DEFINED_TRANSFORMATION('','',#11,#91);
#5786 = PRODUCT_DEFINITION_SHAPE('Placement','Placement of an item',
  #5787);
#5787 = NEXT_ASSEMBLY_USAGE_OCCURRENCE('25','=>[0:1:1:12]','',#5,#5194,$
  );
#5788 = PRODUCT_RELATED_PRODUCT_CATEGORY('part',$,(#5196));
#5789 = MECHANICAL_DESIGN_GEOMETRIC_PRESENTATION_REPRESENTATION('',(
    #5790,#5798,#5805,#5812,#5819,#5826,#5833,#5840,#5848,#5855,#5862,
    #5869,#5876,#5883,#5890,#5897,#5904,#5911,#5918,#5925,#5932,#5939,
    #5946,#5953,#5960,#5967,#5974,#5981,#5988,#5995,#6002,#6009,#6016,
    #6023,#6030,#6037,#6045,#6052,#6059,#6066,#6073,#6080,#6087,#6094,
    #6101,#6108,#6115,#6122,#6129,#6136),#1655);
#5790 = STYLED_ITEM('color',(#5791),#134);
#5791 = PRESENTATION_STYLE_ASSIGNMENT((#5792));
#5792 = SURFACE_STYLE_USAGE(.BOTH.,#5793);
#5793 = SURFACE_SIDE_STYLE('',(#5794));
#5794 = SURFACE_STYLE_FILL_AREA(#5795);
#5795 = FILL_AREA_STYLE('',(#5796));
#5796 = FILL_AREA_STYLE_COLOUR('',#5797);
#5797 = COLOUR_RGB('',0.894999966383,0.890999961016,0.813000030345);
#5798 = STYLED_ITEM('color',(#5799),#174);
#5799 = PRESENTATION_STYLE_ASSIGNMENT((#5800));
#5800 = SURFACE_STYLE_USAGE(.BOTH.,#5801);
#5801 = SURFACE_SIDE_STYLE('',(#5802));
#5802 = SURFACE_STYLE_FILL_AREA(#5803);
#5803 = FILL_AREA_STYLE('',(#5804));
#5804 = FILL_AREA_STYLE_COLOUR('',#5797);
#5805 = STYLED_ITEM('color',(#5806),#221);
#5806 = PRESENTATION_STYLE_ASSIGNMENT((#5807));
#5807 = SURFACE_STYLE_USAGE(.BOTH.,#5808);
#5808 = SURFACE_SIDE_STYLE('',(#5809));
#5809 = SURFACE_STYLE_FILL_AREA(#5810);
#5810 = FILL_AREA_STYLE('',(#5811));
#5811 = FILL_AREA_STYLE_COLOUR('',#5797);
#5812 = STYLED_ITEM('color',(#5813),#300);
#5813 = PRESENTATION_STYLE_ASSIGNMENT((#5814));
#5814 = SURFACE_STYLE_USAGE(.BOTH.,#5815);
#5815 = SURFACE_SIDE_STYLE('',(#5816));
#5816 = SURFACE_STYLE_FILL_AREA(#5817);
#5817 = FILL_AREA_STYLE('',(#5818));
#5818 = FILL_AREA_STYLE_COLOUR('',#5797);
#5819 = STYLED_ITEM('color',(#5820),#324);
#5820 = PRESENTATION_STYLE_ASSIGNMENT((#5821));
#5821 = SURFACE_STYLE_USAGE(.BOTH.,#5822);
#5822 = SURFACE_SIDE_STYLE('',(#5823));
#5823 = SURFACE_STYLE_FILL_AREA(#5824);
#5824 = FILL_AREA_STYLE('',(#5825));
#5825 = FILL_AREA_STYLE_COLOUR('',#5797);
#5826 = STYLED_ITEM('color',(#5827),#364);
#5827 = PRESENTATION_STYLE_ASSIGNMENT((#5828));
#5828 = SURFACE_STYLE_USAGE(.BOTH.,#5829);
#5829 = SURFACE_SIDE_STYLE('',(#5830));
#5830 = SURFACE_STYLE_FILL_AREA(#5831);
#5831 = FILL_AREA_STYLE('',(#5832));
#5832 = FILL_AREA_STYLE_COLOUR('',#5797);
#5833 = STYLED_ITEM('color',(#5834),#395);
#5834 = PRESENTATION_STYLE_ASSIGNMENT((#5835));
#5835 = SURFACE_STYLE_USAGE(.BOTH.,#5836);
#5836 = SURFACE_SIDE_STYLE('',(#5837));
#5837 = SURFACE_STYLE_FILL_AREA(#5838);
#5838 = FILL_AREA_STYLE('',(#5839));
#5839 = FILL_AREA_STYLE_COLOUR('',#5797);
#5840 = STYLED_ITEM('color',(#5841),#412);
#5841 = PRESENTATION_STYLE_ASSIGNMENT((#5842));
#5842 = SURFACE_STYLE_USAGE(.BOTH.,#5843);
#5843 = SURFACE_SIDE_STYLE('',(#5844));
#5844 = SURFACE_STYLE_FILL_AREA(#5845);
#5845 = FILL_AREA_STYLE('',(#5846));
#5846 = FILL_AREA_STYLE_COLOUR('',#5847);
#5847 = COLOUR_RGB('',0.859000020776,0.737999965183,0.495999988746);
#5848 = STYLED_ITEM('color',(#5849),#445);
#5849 = PRESENTATION_STYLE_ASSIGNMENT((#5850));
#5850 = SURFACE_STYLE_USAGE(.BOTH.,#5851);
#5851 = SURFACE_SIDE_STYLE('',(#5852));
#5852 = SURFACE_STYLE_FILL_AREA(#5853);
#5853 = FILL_AREA_STYLE('',(#5854));
#5854 = FILL_AREA_STYLE_COLOUR('',#5797);
#5855 = STYLED_ITEM('color',(#5856),#469);
#5856 = PRESENTATION_STYLE_ASSIGNMENT((#5857));
#5857 = SURFACE_STYLE_USAGE(.BOTH.,#5858);
#5858 = SURFACE_SIDE_STYLE('',(#5859));
#5859 = SURFACE_STYLE_FILL_AREA(#5860);
#5860 = FILL_AREA_STYLE('',(#5861));
#5861 = FILL_AREA_STYLE_COLOUR('',#5847);
#5862 = STYLED_ITEM('color',(#5863),#536);
#5863 = PRESENTATION_STYLE_ASSIGNMENT((#5864));
#5864 = SURFACE_STYLE_USAGE(.BOTH.,#5865);
#5865 = SURFACE_SIDE_STYLE('',(#5866));
#5866 = SURFACE_STYLE_FILL_AREA(#5867);
#5867 = FILL_AREA_STYLE('',(#5868));
#5868 = FILL_AREA_STYLE_COLOUR('',#5797);
#5869 = STYLED_ITEM('color',(#5870),#657);
#5870 = PRESENTATION_STYLE_ASSIGNMENT((#5871));
#5871 = SURFACE_STYLE_USAGE(.BOTH.,#5872);
#5872 = SURFACE_SIDE_STYLE('',(#5873));
#5873 = SURFACE_STYLE_FILL_AREA(#5874);
#5874 = FILL_AREA_STYLE('',(#5875));
#5875 = FILL_AREA_STYLE_COLOUR('',#5847);
#5876 = STYLED_ITEM('color',(#5877),#724);
#5877 = PRESENTATION_STYLE_ASSIGNMENT((#5878));
#5878 = SURFACE_STYLE_USAGE(.BOTH.,#5879);
#5879 = SURFACE_SIDE_STYLE('',(#5880));
#5880 = SURFACE_STYLE_FILL_AREA(#5881);
#5881 = FILL_AREA_STYLE('',(#5882));
#5882 = FILL_AREA_STYLE_COLOUR('',#5797);
#5883 = STYLED_ITEM('color',(#5884),#748);
#5884 = PRESENTATION_STYLE_ASSIGNMENT((#5885));
#5885 = SURFACE_STYLE_USAGE(.BOTH.,#5886);
#5886 = SURFACE_SIDE_STYLE('',(#5887));
#5887 = SURFACE_STYLE_FILL_AREA(#5888);
#5888 = FILL_AREA_STYLE('',(#5889));
#5889 = FILL_AREA_STYLE_COLOUR('',#5797);
#5890 = STYLED_ITEM('color',(#5891),#779);
#5891 = PRESENTATION_STYLE_ASSIGNMENT((#5892));
#5892 = SURFACE_STYLE_USAGE(.BOTH.,#5893);
#5893 = SURFACE_SIDE_STYLE('',(#5894));
#5894 = SURFACE_STYLE_FILL_AREA(#5895);
#5895 = FILL_AREA_STYLE('',(#5896));
#5896 = FILL_AREA_STYLE_COLOUR('',#5847);
#5897 = STYLED_ITEM('color',(#5898),#812);
#5898 = PRESENTATION_STYLE_ASSIGNMENT((#5899));
#5899 = SURFACE_STYLE_USAGE(.BOTH.,#5900);
#5900 = SURFACE_SIDE_STYLE('',(#5901));
#5901 = SURFACE_STYLE_FILL_AREA(#5902);
#5902 = FILL_AREA_STYLE('',(#5903));
#5903 = FILL_AREA_STYLE_COLOUR('',#5797);
#5904 = STYLED_ITEM('color',(#5905),#868);
#5905 = PRESENTATION_STYLE_ASSIGNMENT((#5906));
#5906 = SURFACE_STYLE_USAGE(.BOTH.,#5907);
#5907 = SURFACE_SIDE_STYLE('',(#5908));
#5908 = SURFACE_STYLE_FILL_AREA(#5909);
#5909 = FILL_AREA_STYLE('',(#5910));
#5910 = FILL_AREA_STYLE_COLOUR('',#5847);
#5911 = STYLED_ITEM('color',(#5912),#892);
#5912 = PRESENTATION_STYLE_ASSIGNMENT((#5913));
#5913 = SURFACE_STYLE_USAGE(.BOTH.,#5914);
#5914 = SURFACE_SIDE_STYLE('',(#5915));
#5915 = SURFACE_STYLE_FILL_AREA(#5916);
#5916 = FILL_AREA_STYLE('',(#5917));
#5917 = FILL_AREA_STYLE_COLOUR('',#5847);
#5918 = STYLED_ITEM('color',(#5919),#916);
#5919 = PRESENTATION_STYLE_ASSIGNMENT((#5920));
#5920 = SURFACE_STYLE_USAGE(.BOTH.,#5921);
#5921 = SURFACE_SIDE_STYLE('',(#5922));
#5922 = SURFACE_STYLE_FILL_AREA(#5923);
#5923 = FILL_AREA_STYLE('',(#5924));
#5924 = FILL_AREA_STYLE_COLOUR('',#5847);
#5925 = STYLED_ITEM('color',(#5926),#940);
#5926 = PRESENTATION_STYLE_ASSIGNMENT((#5927));
#5927 = SURFACE_STYLE_USAGE(.BOTH.,#5928);
#5928 = SURFACE_SIDE_STYLE('',(#5929));
#5929 = SURFACE_STYLE_FILL_AREA(#5930);
#5930 = FILL_AREA_STYLE('',(#5931));
#5931 = FILL_AREA_STYLE_COLOUR('',#5847);
#5932 = STYLED_ITEM('color',(#5933),#973);
#5933 = PRESENTATION_STYLE_ASSIGNMENT((#5934));
#5934 = SURFACE_STYLE_USAGE(.BOTH.,#5935);
#5935 = SURFACE_SIDE_STYLE('',(#5936));
#5936 = SURFACE_STYLE_FILL_AREA(#5937);
#5937 = FILL_AREA_STYLE('',(#5938));
#5938 = FILL_AREA_STYLE_COLOUR('',#5847);
#5939 = STYLED_ITEM('color',(#5940),#985);
#5940 = PRESENTATION_STYLE_ASSIGNMENT((#5941));
#5941 = SURFACE_STYLE_USAGE(.BOTH.,#5942);
#5942 = SURFACE_SIDE_STYLE('',(#5943));
#5943 = SURFACE_STYLE_FILL_AREA(#5944);
#5944 = FILL_AREA_STYLE('',(#5945));
#5945 = FILL_AREA_STYLE_COLOUR('',#5847);
#5946 = STYLED_ITEM('color',(#5947),#1048);
#5947 = PRESENTATION_STYLE_ASSIGNMENT((#5948));
#5948 = SURFACE_STYLE_USAGE(.BOTH.,#5949);
#5949 = SURFACE_SIDE_STYLE('',(#5950));
#5950 = SURFACE_STYLE_FILL_AREA(#5951);
#5951 = FILL_AREA_STYLE('',(#5952));
#5952 = FILL_AREA_STYLE_COLOUR('',#5847);
#5953 = STYLED_ITEM('color',(#5954),#1073);
#5954 = PRESENTATION_STYLE_ASSIGNMENT((#5955));
#5955 = SURFACE_STYLE_USAGE(.BOTH.,#5956);
#5956 = SURFACE_SIDE_STYLE('',(#5957));
#5957 = SURFACE_STYLE_FILL_AREA(#5958);
#5958 = FILL_AREA_STYLE('',(#5959));
#5959 = FILL_AREA_STYLE_COLOUR('',#5847);
#5960 = STYLED_ITEM('color',(#5961),#1090);
#5961 = PRESENTATION_STYLE_ASSIGNMENT((#5962));
#5962 = SURFACE_STYLE_USAGE(.BOTH.,#5963);
#5963 = SURFACE_SIDE_STYLE('',(#5964));
#5964 = SURFACE_STYLE_FILL_AREA(#5965);
#5965 = FILL_AREA_STYLE('',(#5966));
#5966 = FILL_AREA_STYLE_COLOUR('',#5847);
#5967 = STYLED_ITEM('color',(#5968),#1114);
#5968 = PRESENTATION_STYLE_ASSIGNMENT((#5969));
#5969 = SURFACE_STYLE_USAGE(.BOTH.,#5970);
#5970 = SURFACE_SIDE_STYLE('',(#5971));
#5971 = SURFACE_STYLE_FILL_AREA(#5972);
#5972 = FILL_AREA_STYLE('',(#5973));
#5973 = FILL_AREA_STYLE_COLOUR('',#5847);
#5974 = STYLED_ITEM('color',(#5975),#1132);
#5975 = PRESENTATION_STYLE_ASSIGNMENT((#5976));
#5976 = SURFACE_STYLE_USAGE(.BOTH.,#5977);
#5977 = SURFACE_SIDE_STYLE('',(#5978));
#5978 = SURFACE_STYLE_FILL_AREA(#5979);
#5979 = FILL_AREA_STYLE('',(#5980));
#5980 = FILL_AREA_STYLE_COLOUR('',#5847);
#5981 = STYLED_ITEM('color',(#5982),#1150);
#5982 = PRESENTATION_STYLE_ASSIGNMENT((#5983));
#5983 = SURFACE_STYLE_USAGE(.BOTH.,#5984);
#5984 = SURFACE_SIDE_STYLE('',(#5985));
#5985 = SURFACE_STYLE_FILL_AREA(#5986);
#5986 = FILL_AREA_STYLE('',(#5987));
#5987 = FILL_AREA_STYLE_COLOUR('',#5847);
#5988 = STYLED_ITEM('color',(#5989),#1168);
#5989 = PRESENTATION_STYLE_ASSIGNMENT((#5990));
#5990 = SURFACE_STYLE_USAGE(.BOTH.,#5991);
#5991 = SURFACE_SIDE_STYLE('',(#5992));
#5992 = SURFACE_STYLE_FILL_AREA(#5993);
#5993 = FILL_AREA_STYLE('',(#5994));
#5994 = FILL_AREA_STYLE_COLOUR('',#5847);
#5995 = STYLED_ITEM('color',(#5996),#1185);
#5996 = PRESENTATION_STYLE_ASSIGNMENT((#5997));
#5997 = SURFACE_STYLE_USAGE(.BOTH.,#5998);
#5998 = SURFACE_SIDE_STYLE('',(#5999));
#5999 = SURFACE_STYLE_FILL_AREA(#6000);
#6000 = FILL_AREA_STYLE('',(#6001));
#6001 = FILL_AREA_STYLE_COLOUR('',#5847);
#6002 = STYLED_ITEM('color',(#6003),#1202);
#6003 = PRESENTATION_STYLE_ASSIGNMENT((#6004));
#6004 = SURFACE_STYLE_USAGE(.BOTH.,#6005);
#6005 = SURFACE_SIDE_STYLE('',(#6006));
#6006 = SURFACE_STYLE_FILL_AREA(#6007);
#6007 = FILL_AREA_STYLE('',(#6008));
#6008 = FILL_AREA_STYLE_COLOUR('',#5847);
#6009 = STYLED_ITEM('color',(#6010),#1233);
#6010 = PRESENTATION_STYLE_ASSIGNMENT((#6011));
#6011 = SURFACE_STYLE_USAGE(.BOTH.,#6012);
#6012 = SURFACE_SIDE_STYLE('',(#6013));
#6013 = SURFACE_STYLE_FILL_AREA(#6014);
#6014 = FILL_AREA_STYLE('',(#6015));
#6015 = FILL_AREA_STYLE_COLOUR('',#5847);
#6016 = STYLED_ITEM('color',(#6017),#1258);
#6017 = PRESENTATION_STYLE_ASSIGNMENT((#6018));
#6018 = SURFACE_STYLE_USAGE(.BOTH.,#6019);
#6019 = SURFACE_SIDE_STYLE('',(#6020));
#6020 = SURFACE_STYLE_FILL_AREA(#6021);
#6021 = FILL_AREA_STYLE('',(#6022));
#6022 = FILL_AREA_STYLE_COLOUR('',#5847);
#6023 = STYLED_ITEM('color',(#6024),#1283);
#6024 = PRESENTATION_STYLE_ASSIGNMENT((#6025));
#6025 = SURFACE_STYLE_USAGE(.BOTH.,#6026);
#6026 = SURFACE_SIDE_STYLE('',(#6027));
#6027 = SURFACE_STYLE_FILL_AREA(#6028);
#6028 = FILL_AREA_STYLE('',(#6029));
#6029 = FILL_AREA_STYLE_COLOUR('',#5847);
#6030 = STYLED_ITEM('color',(#6031),#1307);
#6031 = PRESENTATION_STYLE_ASSIGNMENT((#6032));
#6032 = SURFACE_STYLE_USAGE(.BOTH.,#6033);
#6033 = SURFACE_SIDE_STYLE('',(#6034));
#6034 = SURFACE_STYLE_FILL_AREA(#6035);
#6035 = FILL_AREA_STYLE('',(#6036));
#6036 = FILL_AREA_STYLE_COLOUR('',#5847);
#6037 = STYLED_ITEM('color',(#6038),#1324);
#6038 = PRESENTATION_STYLE_ASSIGNMENT((#6039));
#6039 = SURFACE_STYLE_USAGE(.BOTH.,#6040);
#6040 = SURFACE_SIDE_STYLE('',(#6041));
#6041 = SURFACE_STYLE_FILL_AREA(#6042);
#6042 = FILL_AREA_STYLE('',(#6043));
#6043 = FILL_AREA_STYLE_COLOUR('',#6044);
#6044 = COLOUR_RGB('',0.340000006699,0.68000001254,0.444999988852);
#6045 = STYLED_ITEM('color',(#6046),#1355);
#6046 = PRESENTATION_STYLE_ASSIGNMENT((#6047));
#6047 = SURFACE_STYLE_USAGE(.BOTH.,#6048);
#6048 = SURFACE_SIDE_STYLE('',(#6049));
#6049 = SURFACE_STYLE_FILL_AREA(#6050);
#6050 = FILL_AREA_STYLE('',(#6051));
#6051 = FILL_AREA_STYLE_COLOUR('',#6044);
#6052 = STYLED_ITEM('color',(#6053),#1379);
#6053 = PRESENTATION_STYLE_ASSIGNMENT((#6054));
#6054 = SURFACE_STYLE_USAGE(.BOTH.,#6055);
#6055 = SURFACE_SIDE_STYLE('',(#6056));
#6056 = SURFACE_STYLE_FILL_AREA(#6057);
#6057 = FILL_AREA_STYLE('',(#6058));
#6058 = FILL_AREA_STYLE_COLOUR('',#6044);
#6059 = STYLED_ITEM('color',(#6060),#1396);
#6060 = PRESENTATION_STYLE_ASSIGNMENT((#6061));
#6061 = SURFACE_STYLE_USAGE(.BOTH.,#6062);
#6062 = SURFACE_SIDE_STYLE('',(#6063));
#6063 = SURFACE_STYLE_FILL_AREA(#6064);
#6064 = FILL_AREA_STYLE('',(#6065));
#6065 = FILL_AREA_STYLE_COLOUR('',#5847);
#6066 = STYLED_ITEM('color',(#6067),#1424);
#6067 = PRESENTATION_STYLE_ASSIGNMENT((#6068));
#6068 = SURFACE_STYLE_USAGE(.BOTH.,#6069);
#6069 = SURFACE_SIDE_STYLE('',(#6070));
#6070 = SURFACE_STYLE_FILL_AREA(#6071);
#6071 = FILL_AREA_STYLE('',(#6072));
#6072 = FILL_AREA_STYLE_COLOUR('',#5847);
#6073 = STYLED_ITEM('color',(#6074),#1449);
#6074 = PRESENTATION_STYLE_ASSIGNMENT((#6075));
#6075 = SURFACE_STYLE_USAGE(.BOTH.,#6076);
#6076 = SURFACE_SIDE_STYLE('',(#6077));
#6077 = SURFACE_STYLE_FILL_AREA(#6078);
#6078 = FILL_AREA_STYLE('',(#6079));
#6079 = FILL_AREA_STYLE_COLOUR('',#5847);
#6080 = STYLED_ITEM('color',(#6081),#1473);
#6081 = PRESENTATION_STYLE_ASSIGNMENT((#6082));
#6082 = SURFACE_STYLE_USAGE(.BOTH.,#6083);
#6083 = SURFACE_SIDE_STYLE('',(#6084));
#6084 = SURFACE_STYLE_FILL_AREA(#6085);
#6085 = FILL_AREA_STYLE('',(#6086));
#6086 = FILL_AREA_STYLE_COLOUR('',#5847);
#6087 = STYLED_ITEM('color',(#6088),#1498);
#6088 = PRESENTATION_STYLE_ASSIGNMENT((#6089));
#6089 = SURFACE_STYLE_USAGE(.BOTH.,#6090);
#6090 = SURFACE_SIDE_STYLE('',(#6091));
#6091 = SURFACE_STYLE_FILL_AREA(#6092);
#6092 = FILL_AREA_STYLE('',(#6093));
#6093 = FILL_AREA_STYLE_COLOUR('',#5847);
#6094 = STYLED_ITEM('color',(#6095),#1545);
#6095 = PRESENTATION_STYLE_ASSIGNMENT((#6096));
#6096 = SURFACE_STYLE_USAGE(.BOTH.,#6097);
#6097 = SURFACE_SIDE_STYLE('',(#6098));
#6098 = SURFACE_STYLE_FILL_AREA(#6099);
#6099 = FILL_AREA_STYLE('',(#6100));
#6100 = FILL_AREA_STYLE_COLOUR('',#5847);
#6101 = STYLED_ITEM('color',(#6102),#1562);
#6102 = PRESENTATION_STYLE_ASSIGNMENT((#6103));
#6103 = SURFACE_STYLE_USAGE(.BOTH.,#6104);
#6104 = SURFACE_SIDE_STYLE('',(#6105));
#6105 = SURFACE_STYLE_FILL_AREA(#6106);
#6106 = FILL_AREA_STYLE('',(#6107));
#6107 = FILL_AREA_STYLE_COLOUR('',#5847);
#6108 = STYLED_ITEM('color',(#6109),#1574);
#6109 = PRESENTATION_STYLE_ASSIGNMENT((#6110));
#6110 = SURFACE_STYLE_USAGE(.BOTH.,#6111);
#6111 = SURFACE_SIDE_STYLE('',(#6112));
#6112 = SURFACE_STYLE_FILL_AREA(#6113);
#6113 = FILL_AREA_STYLE('',(#6114));
#6114 = FILL_AREA_STYLE_COLOUR('',#5847);
#6115 = STYLED_ITEM('color',(#6116),#1596);
#6116 = PRESENTATION_STYLE_ASSIGNMENT((#6117));
#6117 = SURFACE_STYLE_USAGE(.BOTH.,#6118);
#6118 = SURFACE_SIDE_STYLE('',(#6119));
#6119 = SURFACE_STYLE_FILL_AREA(#6120);
#6120 = FILL_AREA_STYLE('',(#6121));
#6121 = FILL_AREA_STYLE_COLOUR('',#5847);
#6122 = STYLED_ITEM('color',(#6123),#1608);
#6123 = PRESENTATION_STYLE_ASSIGNMENT((#6124));
#6124 = SURFACE_STYLE_USAGE(.BOTH.,#6125);
#6125 = SURFACE_SIDE_STYLE('',(#6126));
#6126 = SURFACE_STYLE_FILL_AREA(#6127);
#6127 = FILL_AREA_STYLE('',(#6128));
#6128 = FILL_AREA_STYLE_COLOUR('',#5847);
#6129 = STYLED_ITEM('color',(#6130),#1626);
#6130 = PRESENTATION_STYLE_ASSIGNMENT((#6131));
#6131 = SURFACE_STYLE_USAGE(.BOTH.,#6132);
#6132 = SURFACE_SIDE_STYLE('',(#6133));
#6133 = SURFACE_STYLE_FILL_AREA(#6134);
#6134 = FILL_AREA_STYLE('',(#6135));
#6135 = FILL_AREA_STYLE_COLOUR('',#5847);
#6136 = STYLED_ITEM('color',(#6137),#1644);
#6137 = PRESENTATION_STYLE_ASSIGNMENT((#6138));
#6138 = SURFACE_STYLE_USAGE(.BOTH.,#6139);
#6139 = SURFACE_SIDE_STYLE('',(#6140));
#6140 = SURFACE_STYLE_FILL_AREA(#6141);
#6141 = FILL_AREA_STYLE('',(#6142));
#6142 = FILL_AREA_STYLE_COLOUR('',#6044);
#6143 = MECHANICAL_DESIGN_GEOMETRIC_PRESENTATION_REPRESENTATION('',(
    #6144,#6152,#6159,#6166,#6173,#6180,#6187,#6194,#6201,#6208,#6215,
    #6223,#6230,#6237,#6244,#6251,#6258,#6265,#6272,#6279,#6286,#6293,
    #6300,#6307,#6314,#6321,#6328,#6335),#2551);
#6144 = STYLED_ITEM('color',(#6145),#1699);
#6145 = PRESENTATION_STYLE_ASSIGNMENT((#6146));
#6146 = SURFACE_STYLE_USAGE(.BOTH.,#6147);
#6147 = SURFACE_SIDE_STYLE('',(#6148));
#6148 = SURFACE_STYLE_FILL_AREA(#6149);
#6149 = FILL_AREA_STYLE('',(#6150));
#6150 = FILL_AREA_STYLE_COLOUR('',#6151);
#6151 = COLOUR_RGB('',0.823999987314,0.819999987296,0.781000009244);
#6152 = STYLED_ITEM('color',(#6153),#1775);
#6153 = PRESENTATION_STYLE_ASSIGNMENT((#6154));
#6154 = SURFACE_STYLE_USAGE(.BOTH.,#6155);
#6155 = SURFACE_SIDE_STYLE('',(#6156));
#6156 = SURFACE_STYLE_FILL_AREA(#6157);
#6157 = FILL_AREA_STYLE('',(#6158));
#6158 = FILL_AREA_STYLE_COLOUR('',#6151);
#6159 = STYLED_ITEM('color',(#6160),#1806);
#6160 = PRESENTATION_STYLE_ASSIGNMENT((#6161));
#6161 = SURFACE_STYLE_USAGE(.BOTH.,#6162);
#6162 = SURFACE_SIDE_STYLE('',(#6163));
#6163 = SURFACE_STYLE_FILL_AREA(#6164);
#6164 = FILL_AREA_STYLE('',(#6165));
#6165 = FILL_AREA_STYLE_COLOUR('',#6151);
#6166 = STYLED_ITEM('color',(#6167),#1831);
#6167 = PRESENTATION_STYLE_ASSIGNMENT((#6168));
#6168 = SURFACE_STYLE_USAGE(.BOTH.,#6169);
#6169 = SURFACE_SIDE_STYLE('',(#6170));
#6170 = SURFACE_STYLE_FILL_AREA(#6171);
#6171 = FILL_AREA_STYLE('',(#6172));
#6172 = FILL_AREA_STYLE_COLOUR('',#6151);
#6173 = STYLED_ITEM('color',(#6174),#1856);
#6174 = PRESENTATION_STYLE_ASSIGNMENT((#6175));
#6175 = SURFACE_STYLE_USAGE(.BOTH.,#6176);
#6176 = SURFACE_SIDE_STYLE('',(#6177));
#6177 = SURFACE_STYLE_FILL_AREA(#6178);
#6178 = FILL_AREA_STYLE('',(#6179));
#6179 = FILL_AREA_STYLE_COLOUR('',#6151);
#6180 = STYLED_ITEM('color',(#6181),#1880);
#6181 = PRESENTATION_STYLE_ASSIGNMENT((#6182));
#6182 = SURFACE_STYLE_USAGE(.BOTH.,#6183);
#6183 = SURFACE_SIDE_STYLE('',(#6184));
#6184 = SURFACE_STYLE_FILL_AREA(#6185);
#6185 = FILL_AREA_STYLE('',(#6186));
#6186 = FILL_AREA_STYLE_COLOUR('',#6151);
#6187 = STYLED_ITEM('color',(#6188),#1904);
#6188 = PRESENTATION_STYLE_ASSIGNMENT((#6189));
#6189 = SURFACE_STYLE_USAGE(.BOTH.,#6190);
#6190 = SURFACE_SIDE_STYLE('',(#6191));
#6191 = SURFACE_STYLE_FILL_AREA(#6192);
#6192 = FILL_AREA_STYLE('',(#6193));
#6193 = FILL_AREA_STYLE_COLOUR('',#6151);
#6194 = STYLED_ITEM('color',(#6195),#1929);
#6195 = PRESENTATION_STYLE_ASSIGNMENT((#6196));
#6196 = SURFACE_STYLE_USAGE(.BOTH.,#6197);
#6197 = SURFACE_SIDE_STYLE('',(#6198));
#6198 = SURFACE_STYLE_FILL_AREA(#6199);
#6199 = FILL_AREA_STYLE('',(#6200));
#6200 = FILL_AREA_STYLE_COLOUR('',#6151);
#6201 = STYLED_ITEM('color',(#6202),#1954);
#6202 = PRESENTATION_STYLE_ASSIGNMENT((#6203));
#6203 = SURFACE_STYLE_USAGE(.BOTH.,#6204);
#6204 = SURFACE_SIDE_STYLE('',(#6205));
#6205 = SURFACE_STYLE_FILL_AREA(#6206);
#6206 = FILL_AREA_STYLE('',(#6207));
#6207 = FILL_AREA_STYLE_COLOUR('',#6151);
#6208 = STYLED_ITEM('color',(#6209),#1971);
#6209 = PRESENTATION_STYLE_ASSIGNMENT((#6210));
#6210 = SURFACE_STYLE_USAGE(.BOTH.,#6211);
#6211 = SURFACE_SIDE_STYLE('',(#6212));
#6212 = SURFACE_STYLE_FILL_AREA(#6213);
#6213 = FILL_AREA_STYLE('',(#6214));
#6214 = FILL_AREA_STYLE_COLOUR('',#6151);
#6215 = STYLED_ITEM('color',(#6216),#2057);
#6216 = PRESENTATION_STYLE_ASSIGNMENT((#6217));
#6217 = SURFACE_STYLE_USAGE(.BOTH.,#6218);
#6218 = SURFACE_SIDE_STYLE('',(#6219));
#6219 = SURFACE_STYLE_FILL_AREA(#6220);
#6220 = FILL_AREA_STYLE('',(#6221));
#6221 = FILL_AREA_STYLE_COLOUR('',#6222);
#6222 = COLOUR_RGB('',0.379000005575,0.270000008848,0.214999999939);
#6223 = STYLED_ITEM('color',(#6224),#2089);
#6224 = PRESENTATION_STYLE_ASSIGNMENT((#6225));
#6225 = SURFACE_STYLE_USAGE(.BOTH.,#6226);
#6226 = SURFACE_SIDE_STYLE('',(#6227));
#6227 = SURFACE_STYLE_FILL_AREA(#6228);
#6228 = FILL_AREA_STYLE('',(#6229));
#6229 = FILL_AREA_STYLE_COLOUR('',#6222);
#6230 = STYLED_ITEM('color',(#6231),#2113);
#6231 = PRESENTATION_STYLE_ASSIGNMENT((#6232));
#6232 = SURFACE_STYLE_USAGE(.BOTH.,#6233);
#6233 = SURFACE_SIDE_STYLE('',(#6234));
#6234 = SURFACE_STYLE_FILL_AREA(#6235);
#6235 = FILL_AREA_STYLE('',(#6236));
#6236 = FILL_AREA_STYLE_COLOUR('',#6222);
#6237 = STYLED_ITEM('color',(#6238),#2138);
#6238 = PRESENTATION_STYLE_ASSIGNMENT((#6239));
#6239 = SURFACE_STYLE_USAGE(.BOTH.,#6240);
#6240 = SURFACE_SIDE_STYLE('',(#6241));
#6241 = SURFACE_STYLE_FILL_AREA(#6242);
#6242 = FILL_AREA_STYLE('',(#6243));
#6243 = FILL_AREA_STYLE_COLOUR('',#6222);
#6244 = STYLED_ITEM('color',(#6245),#2162);
#6245 = PRESENTATION_STYLE_ASSIGNMENT((#6246));
#6246 = SURFACE_STYLE_USAGE(.BOTH.,#6247);
#6247 = SURFACE_SIDE_STYLE('',(#6248));
#6248 = SURFACE_STYLE_FILL_AREA(#6249);
#6249 = FILL_AREA_STYLE('',(#6250));
#6250 = FILL_AREA_STYLE_COLOUR('',#6222);
#6251 = STYLED_ITEM('color',(#6252),#2187);
#6252 = PRESENTATION_STYLE_ASSIGNMENT((#6253));
#6253 = SURFACE_STYLE_USAGE(.BOTH.,#6254);
#6254 = SURFACE_SIDE_STYLE('',(#6255));
#6255 = SURFACE_STYLE_FILL_AREA(#6256);
#6256 = FILL_AREA_STYLE('',(#6257));
#6257 = FILL_AREA_STYLE_COLOUR('',#6222);
#6258 = STYLED_ITEM('color',(#6259),#2211);
#6259 = PRESENTATION_STYLE_ASSIGNMENT((#6260));
#6260 = SURFACE_STYLE_USAGE(.BOTH.,#6261);
#6261 = SURFACE_SIDE_STYLE('',(#6262));
#6262 = SURFACE_STYLE_FILL_AREA(#6263);
#6263 = FILL_AREA_STYLE('',(#6264));
#6264 = FILL_AREA_STYLE_COLOUR('',#6222);
#6265 = STYLED_ITEM('color',(#6266),#2236);
#6266 = PRESENTATION_STYLE_ASSIGNMENT((#6267));
#6267 = SURFACE_STYLE_USAGE(.BOTH.,#6268);
#6268 = SURFACE_SIDE_STYLE('',(#6269));
#6269 = SURFACE_STYLE_FILL_AREA(#6270);
#6270 = FILL_AREA_STYLE('',(#6271));
#6271 = FILL_AREA_STYLE_COLOUR('',#6222);
#6272 = STYLED_ITEM('color',(#6273),#2253);
#6273 = PRESENTATION_STYLE_ASSIGNMENT((#6274));
#6274 = SURFACE_STYLE_USAGE(.BOTH.,#6275);
#6275 = SURFACE_SIDE_STYLE('',(#6276));
#6276 = SURFACE_STYLE_FILL_AREA(#6277);
#6277 = FILL_AREA_STYLE('',(#6278));
#6278 = FILL_AREA_STYLE_COLOUR('',#6151);
#6279 = STYLED_ITEM('color',(#6280),#2339);
#6280 = PRESENTATION_STYLE_ASSIGNMENT((#6281));
#6281 = SURFACE_STYLE_USAGE(.BOTH.,#6282);
#6282 = SURFACE_SIDE_STYLE('',(#6283));
#6283 = SURFACE_STYLE_FILL_AREA(#6284);
#6284 = FILL_AREA_STYLE('',(#6285));
#6285 = FILL_AREA_STYLE_COLOUR('',#6151);
#6286 = STYLED_ITEM('color',(#6287),#2370);
#6287 = PRESENTATION_STYLE_ASSIGNMENT((#6288));
#6288 = SURFACE_STYLE_USAGE(.BOTH.,#6289);
#6289 = SURFACE_SIDE_STYLE('',(#6290));
#6290 = SURFACE_STYLE_FILL_AREA(#6291);
#6291 = FILL_AREA_STYLE('',(#6292));
#6292 = FILL_AREA_STYLE_COLOUR('',#6151);
#6293 = STYLED_ITEM('color',(#6294),#2395);
#6294 = PRESENTATION_STYLE_ASSIGNMENT((#6295));
#6295 = SURFACE_STYLE_USAGE(.BOTH.,#6296);
#6296 = SURFACE_SIDE_STYLE('',(#6297));
#6297 = SURFACE_STYLE_FILL_AREA(#6298);
#6298 = FILL_AREA_STYLE('',(#6299));
#6299 = FILL_AREA_STYLE_COLOUR('',#6151);
#6300 = STYLED_ITEM('color',(#6301),#2420);
#6301 = PRESENTATION_STYLE_ASSIGNMENT((#6302));
#6302 = SURFACE_STYLE_USAGE(.BOTH.,#6303);
#6303 = SURFACE_SIDE_STYLE('',(#6304));
#6304 = SURFACE_STYLE_FILL_AREA(#6305);
#6305 = FILL_AREA_STYLE('',(#6306));
#6306 = FILL_AREA_STYLE_COLOUR('',#6151);
#6307 = STYLED_ITEM('color',(#6308),#2444);
#6308 = PRESENTATION_STYLE_ASSIGNMENT((#6309));
#6309 = SURFACE_STYLE_USAGE(.BOTH.,#6310);
#6310 = SURFACE_SIDE_STYLE('',(#6311));
#6311 = SURFACE_STYLE_FILL_AREA(#6312);
#6312 = FILL_AREA_STYLE('',(#6313));
#6313 = FILL_AREA_STYLE_COLOUR('',#6151);
#6314 = STYLED_ITEM('color',(#6315),#2468);
#6315 = PRESENTATION_STYLE_ASSIGNMENT((#6316));
#6316 = SURFACE_STYLE_USAGE(.BOTH.,#6317);
#6317 = SURFACE_SIDE_STYLE('',(#6318));
#6318 = SURFACE_STYLE_FILL_AREA(#6319);
#6319 = FILL_AREA_STYLE('',(#6320));
#6320 = FILL_AREA_STYLE_COLOUR('',#6151);
#6321 = STYLED_ITEM('color',(#6322),#2493);
#6322 = PRESENTATION_STYLE_ASSIGNMENT((#6323));
#6323 = SURFACE_STYLE_USAGE(.BOTH.,#6324);
#6324 = SURFACE_SIDE_STYLE('',(#6325));
#6325 = SURFACE_STYLE_FILL_AREA(#6326);
#6326 = FILL_AREA_STYLE('',(#6327));
#6327 = FILL_AREA_STYLE_COLOUR('',#6151);
#6328 = STYLED_ITEM('color',(#6329),#2518);
#6329 = PRESENTATION_STYLE_ASSIGNMENT((#6330));
#6330 = SURFACE_STYLE_USAGE(.BOTH.,#6331);
#6331 = SURFACE_SIDE_STYLE('',(#6332));
#6332 = SURFACE_STYLE_FILL_AREA(#6333);
#6333 = FILL_AREA_STYLE('',(#6334));
#6334 = FILL_AREA_STYLE_COLOUR('',#6151);
#6335 = STYLED_ITEM('color',(#6336),#2535);
#6336 = PRESENTATION_STYLE_ASSIGNMENT((#6337));
#6337 = SURFACE_STYLE_USAGE(.BOTH.,#6338);
#6338 = SURFACE_SIDE_STYLE('',(#6339));
#6339 = SURFACE_STYLE_FILL_AREA(#6340);
#6340 = FILL_AREA_STYLE('',(#6341));
#6341 = FILL_AREA_STYLE_COLOUR('',#6151);
#6342 = MECHANICAL_DESIGN_GEOMETRIC_PRESENTATION_REPRESENTATION('',(
    #6343,#6350,#6357,#6364,#6371,#6378,#6385,#6392,#6399,#6406,#6413,
    #6420,#6427,#6434,#6442,#6449,#6456,#6463,#6470,#6477,#6484,#6491,
    #6498,#6505,#6512,#6519),#5146);
#6343 = STYLED_ITEM('color',(#6344),#4358);
#6344 = PRESENTATION_STYLE_ASSIGNMENT((#6345));
#6345 = SURFACE_STYLE_USAGE(.BOTH.,#6346);
#6346 = SURFACE_SIDE_STYLE('',(#6347));
#6347 = SURFACE_STYLE_FILL_AREA(#6348);
#6348 = FILL_AREA_STYLE('',(#6349));
#6349 = FILL_AREA_STYLE_COLOUR('',#6151);
#6350 = STYLED_ITEM('color',(#6351),#4398);
#6351 = PRESENTATION_STYLE_ASSIGNMENT((#6352));
#6352 = SURFACE_STYLE_USAGE(.BOTH.,#6353);
#6353 = SURFACE_SIDE_STYLE('',(#6354));
#6354 = SURFACE_STYLE_FILL_AREA(#6355);
#6355 = FILL_AREA_STYLE('',(#6356));
#6356 = FILL_AREA_STYLE_COLOUR('',#6151);
#6357 = STYLED_ITEM('color',(#6358),#4481);
#6358 = PRESENTATION_STYLE_ASSIGNMENT((#6359));
#6359 = SURFACE_STYLE_USAGE(.BOTH.,#6360);
#6360 = SURFACE_SIDE_STYLE('',(#6361));
#6361 = SURFACE_STYLE_FILL_AREA(#6362);
#6362 = FILL_AREA_STYLE('',(#6363));
#6363 = FILL_AREA_STYLE_COLOUR('',#6151);
#6364 = STYLED_ITEM('color',(#6365),#4506);
#6365 = PRESENTATION_STYLE_ASSIGNMENT((#6366));
#6366 = SURFACE_STYLE_USAGE(.BOTH.,#6367);
#6367 = SURFACE_SIDE_STYLE('',(#6368));
#6368 = SURFACE_STYLE_FILL_AREA(#6369);
#6369 = FILL_AREA_STYLE('',(#6370));
#6370 = FILL_AREA_STYLE_COLOUR('',#6151);
#6371 = STYLED_ITEM('color',(#6372),#4531);
#6372 = PRESENTATION_STYLE_ASSIGNMENT((#6373));
#6373 = SURFACE_STYLE_USAGE(.BOTH.,#6374);
#6374 = SURFACE_SIDE_STYLE('',(#6375));
#6375 = SURFACE_STYLE_FILL_AREA(#6376);
#6376 = FILL_AREA_STYLE('',(#6377));
#6377 = FILL_AREA_STYLE_COLOUR('',#6151);
#6378 = STYLED_ITEM('color',(#6379),#4598);
#6379 = PRESENTATION_STYLE_ASSIGNMENT((#6380));
#6380 = SURFACE_STYLE_USAGE(.BOTH.,#6381);
#6381 = SURFACE_SIDE_STYLE('',(#6382));
#6382 = SURFACE_STYLE_FILL_AREA(#6383);
#6383 = FILL_AREA_STYLE('',(#6384));
#6384 = FILL_AREA_STYLE_COLOUR('',#6151);
#6385 = STYLED_ITEM('color',(#6386),#4615);
#6386 = PRESENTATION_STYLE_ASSIGNMENT((#6387));
#6387 = SURFACE_STYLE_USAGE(.BOTH.,#6388);
#6388 = SURFACE_SIDE_STYLE('',(#6389));
#6389 = SURFACE_STYLE_FILL_AREA(#6390);
#6390 = FILL_AREA_STYLE('',(#6391));
#6391 = FILL_AREA_STYLE_COLOUR('',#6151);
#6392 = STYLED_ITEM('color',(#6393),#4632);
#6393 = PRESENTATION_STYLE_ASSIGNMENT((#6394));
#6394 = SURFACE_STYLE_USAGE(.BOTH.,#6395);
#6395 = SURFACE_SIDE_STYLE('',(#6396));
#6396 = SURFACE_STYLE_FILL_AREA(#6397);
#6397 = FILL_AREA_STYLE('',(#6398));
#6398 = FILL_AREA_STYLE_COLOUR('',#5797);
#6399 = STYLED_ITEM('color',(#6400),#4681);
#6400 = PRESENTATION_STYLE_ASSIGNMENT((#6401));
#6401 = SURFACE_STYLE_USAGE(.BOTH.,#6402);
#6402 = SURFACE_SIDE_STYLE('',(#6403));
#6403 = SURFACE_STYLE_FILL_AREA(#6404);
#6404 = FILL_AREA_STYLE('',(#6405));
#6405 = FILL_AREA_STYLE_COLOUR('',#6151);
#6406 = STYLED_ITEM('color',(#6407),#4698);
#6407 = PRESENTATION_STYLE_ASSIGNMENT((#6408));
#6408 = SURFACE_STYLE_USAGE(.BOTH.,#6409);
#6409 = SURFACE_SIDE_STYLE('',(#6410));
#6410 = SURFACE_STYLE_FILL_AREA(#6411);
#6411 = FILL_AREA_STYLE('',(#6412));
#6412 = FILL_AREA_STYLE_COLOUR('',#6151);
#6413 = STYLED_ITEM('color',(#6414),#4715);
#6414 = PRESENTATION_STYLE_ASSIGNMENT((#6415));
#6415 = SURFACE_STYLE_USAGE(.BOTH.,#6416);
#6416 = SURFACE_SIDE_STYLE('',(#6417));
#6417 = SURFACE_STYLE_FILL_AREA(#6418);
#6418 = FILL_AREA_STYLE('',(#6419));
#6419 = FILL_AREA_STYLE_COLOUR('',#5797);
#6420 = STYLED_ITEM('color',(#6421),#4764);
#6421 = PRESENTATION_STYLE_ASSIGNMENT((#6422));
#6422 = SURFACE_STYLE_USAGE(.BOTH.,#6423);
#6423 = SURFACE_SIDE_STYLE('',(#6424));
#6424 = SURFACE_STYLE_FILL_AREA(#6425);
#6425 = FILL_AREA_STYLE('',(#6426));
#6426 = FILL_AREA_STYLE_COLOUR('',#5797);
#6427 = STYLED_ITEM('color',(#6428),#4781);
#6428 = PRESENTATION_STYLE_ASSIGNMENT((#6429));
#6429 = SURFACE_STYLE_USAGE(.BOTH.,#6430);
#6430 = SURFACE_SIDE_STYLE('',(#6431));
#6431 = SURFACE_STYLE_FILL_AREA(#6432);
#6432 = FILL_AREA_STYLE('',(#6433));
#6433 = FILL_AREA_STYLE_COLOUR('',#6151);
#6434 = STYLED_ITEM('color',(#6435),#4850);
#6435 = PRESENTATION_STYLE_ASSIGNMENT((#6436));
#6436 = SURFACE_STYLE_USAGE(.BOTH.,#6437);
#6437 = SURFACE_SIDE_STYLE('',(#6438));
#6438 = SURFACE_STYLE_FILL_AREA(#6439);
#6439 = FILL_AREA_STYLE('',(#6440));
#6440 = FILL_AREA_STYLE_COLOUR('',#6441);
#6441 = COLOUR_RGB('',8.200000279077E-02,8.600000121357E-02,
  9.399999706163E-02);
#6442 = STYLED_ITEM('color',(#6443),#4881);
#6443 = PRESENTATION_STYLE_ASSIGNMENT((#6444));
#6444 = SURFACE_STYLE_USAGE(.BOTH.,#6445);
#6445 = SURFACE_SIDE_STYLE('',(#6446));
#6446 = SURFACE_STYLE_FILL_AREA(#6447);
#6447 = FILL_AREA_STYLE('',(#6448));
#6448 = FILL_AREA_STYLE_COLOUR('',#6441);
#6449 = STYLED_ITEM('color',(#6450),#4905);
#6450 = PRESENTATION_STYLE_ASSIGNMENT((#6451));
#6451 = SURFACE_STYLE_USAGE(.BOTH.,#6452);
#6452 = SURFACE_SIDE_STYLE('',(#6453));
#6453 = SURFACE_STYLE_FILL_AREA(#6454);
#6454 = FILL_AREA_STYLE('',(#6455));
#6455 = FILL_AREA_STYLE_COLOUR('',#6151);
#6456 = STYLED_ITEM('color',(#6457),#4974);
#6457 = PRESENTATION_STYLE_ASSIGNMENT((#6458));
#6458 = SURFACE_STYLE_USAGE(.BOTH.,#6459);
#6459 = SURFACE_SIDE_STYLE('',(#6460));
#6460 = SURFACE_STYLE_FILL_AREA(#6461);
#6461 = FILL_AREA_STYLE('',(#6462));
#6462 = FILL_AREA_STYLE_COLOUR('',#6441);
#6463 = STYLED_ITEM('color',(#6464),#4998);
#6464 = PRESENTATION_STYLE_ASSIGNMENT((#6465));
#6465 = SURFACE_STYLE_USAGE(.BOTH.,#6466);
#6466 = SURFACE_SIDE_STYLE('',(#6467));
#6467 = SURFACE_STYLE_FILL_AREA(#6468);
#6468 = FILL_AREA_STYLE('',(#6469));
#6469 = FILL_AREA_STYLE_COLOUR('',#6151);
#6470 = STYLED_ITEM('color',(#6471),#5015);
#6471 = PRESENTATION_STYLE_ASSIGNMENT((#6472));
#6472 = SURFACE_STYLE_USAGE(.BOTH.,#6473);
#6473 = SURFACE_SIDE_STYLE('',(#6474));
#6474 = SURFACE_STYLE_FILL_AREA(#6475);
#6475 = FILL_AREA_STYLE('',(#6476));
#6476 = FILL_AREA_STYLE_COLOUR('',#6151);
#6477 = STYLED_ITEM('color',(#6478),#5032);
#6478 = PRESENTATION_STYLE_ASSIGNMENT((#6479));
#6479 = SURFACE_STYLE_USAGE(.BOTH.,#6480);
#6480 = SURFACE_SIDE_STYLE('',(#6481));
#6481 = SURFACE_STYLE_FILL_AREA(#6482);
#6482 = FILL_AREA_STYLE('',(#6483));
#6483 = FILL_AREA_STYLE_COLOUR('',#6151);
#6484 = STYLED_ITEM('color',(#6485),#5049);
#6485 = PRESENTATION_STYLE_ASSIGNMENT((#6486));
#6486 = SURFACE_STYLE_USAGE(.BOTH.,#6487);
#6487 = SURFACE_SIDE_STYLE('',(#6488));
#6488 = SURFACE_STYLE_FILL_AREA(#6489);
#6489 = FILL_AREA_STYLE('',(#6490));
#6490 = FILL_AREA_STYLE_COLOUR('',#6151);
#6491 = STYLED_ITEM('color',(#6492),#5066);
#6492 = PRESENTATION_STYLE_ASSIGNMENT((#6493));
#6493 = SURFACE_STYLE_USAGE(.BOTH.,#6494);
#6494 = SURFACE_SIDE_STYLE('',(#6495));
#6495 = SURFACE_STYLE_FILL_AREA(#6496);
#6496 = FILL_AREA_STYLE('',(#6497));
#6497 = FILL_AREA_STYLE_COLOUR('',#6151);
#6498 = STYLED_ITEM('color',(#6499),#5083);
#6499 = PRESENTATION_STYLE_ASSIGNMENT((#6500));
#6500 = SURFACE_STYLE_USAGE(.BOTH.,#6501);
#6501 = SURFACE_SIDE_STYLE('',(#6502));
#6502 = SURFACE_STYLE_FILL_AREA(#6503);
#6503 = FILL_AREA_STYLE('',(#6504));
#6504 = FILL_AREA_STYLE_COLOUR('',#6151);
#6505 = STYLED_ITEM('color',(#6506),#5100);
#6506 = PRESENTATION_STYLE_ASSIGNMENT((#6507));
#6507 = SURFACE_STYLE_USAGE(.BOTH.,#6508);
#6508 = SURFACE_SIDE_STYLE('',(#6509));
#6509 = SURFACE_STYLE_FILL_AREA(#6510);
#6510 = FILL_AREA_STYLE('',(#6511));
#6511 = FILL_AREA_STYLE_COLOUR('',#6151);
#6512 = STYLED_ITEM('color',(#6513),#5117);
#6513 = PRESENTATION_STYLE_ASSIGNMENT((#6514));
#6514 = SURFACE_STYLE_USAGE(.BOTH.,#6515);
#6515 = SURFACE_SIDE_STYLE('',(#6516));
#6516 = SURFACE_STYLE_FILL_AREA(#6517);
#6517 = FILL_AREA_STYLE('',(#6518));
#6518 = FILL_AREA_STYLE_COLOUR('',#6441);
#6519 = STYLED_ITEM('color',(#6520),#5134);
#6520 = PRESENTATION_STYLE_ASSIGNMENT((#6521));
#6521 = SURFACE_STYLE_USAGE(.BOTH.,#6522);
#6522 = SURFACE_SIDE_STYLE('',(#6523));
#6523 = SURFACE_STYLE_FILL_AREA(#6524);
#6524 = FILL_AREA_STYLE('',(#6525));
#6525 = FILL_AREA_STYLE_COLOUR('',#6441);
#6526 = MECHANICAL_DESIGN_GEOMETRIC_PRESENTATION_REPRESENTATION('',(
    #6527,#6534,#6541,#6548,#6555,#6562,#6569,#6576,#6583,#6590,#6597,
    #6604,#6611,#6618,#6625,#6632,#6639,#6646,#6653,#6660,#6667,#6674,
    #6681,#6688,#6695,#6702),#3383);
#6527 = STYLED_ITEM('color',(#6528),#2595);
#6528 = PRESENTATION_STYLE_ASSIGNMENT((#6529));
#6529 = SURFACE_STYLE_USAGE(.BOTH.,#6530);
#6530 = SURFACE_SIDE_STYLE('',(#6531));
#6531 = SURFACE_STYLE_FILL_AREA(#6532);
#6532 = FILL_AREA_STYLE('',(#6533));
#6533 = FILL_AREA_STYLE_COLOUR('',#6151);
#6534 = STYLED_ITEM('color',(#6535),#2635);
#6535 = PRESENTATION_STYLE_ASSIGNMENT((#6536));
#6536 = SURFACE_STYLE_USAGE(.BOTH.,#6537);
#6537 = SURFACE_SIDE_STYLE('',(#6538));
#6538 = SURFACE_STYLE_FILL_AREA(#6539);
#6539 = FILL_AREA_STYLE('',(#6540));
#6540 = FILL_AREA_STYLE_COLOUR('',#6151);
#6541 = STYLED_ITEM('color',(#6542),#2718);
#6542 = PRESENTATION_STYLE_ASSIGNMENT((#6543));
#6543 = SURFACE_STYLE_USAGE(.BOTH.,#6544);
#6544 = SURFACE_SIDE_STYLE('',(#6545));
#6545 = SURFACE_STYLE_FILL_AREA(#6546);
#6546 = FILL_AREA_STYLE('',(#6547));
#6547 = FILL_AREA_STYLE_COLOUR('',#6151);
#6548 = STYLED_ITEM('color',(#6549),#2743);
#6549 = PRESENTATION_STYLE_ASSIGNMENT((#6550));
#6550 = SURFACE_STYLE_USAGE(.BOTH.,#6551);
#6551 = SURFACE_SIDE_STYLE('',(#6552));
#6552 = SURFACE_STYLE_FILL_AREA(#6553);
#6553 = FILL_AREA_STYLE('',(#6554));
#6554 = FILL_AREA_STYLE_COLOUR('',#6151);
#6555 = STYLED_ITEM('color',(#6556),#2768);
#6556 = PRESENTATION_STYLE_ASSIGNMENT((#6557));
#6557 = SURFACE_STYLE_USAGE(.BOTH.,#6558);
#6558 = SURFACE_SIDE_STYLE('',(#6559));
#6559 = SURFACE_STYLE_FILL_AREA(#6560);
#6560 = FILL_AREA_STYLE('',(#6561));
#6561 = FILL_AREA_STYLE_COLOUR('',#6151);
#6562 = STYLED_ITEM('color',(#6563),#2835);
#6563 = PRESENTATION_STYLE_ASSIGNMENT((#6564));
#6564 = SURFACE_STYLE_USAGE(.BOTH.,#6565);
#6565 = SURFACE_SIDE_STYLE('',(#6566));
#6566 = SURFACE_STYLE_FILL_AREA(#6567);
#6567 = FILL_AREA_STYLE('',(#6568));
#6568 = FILL_AREA_STYLE_COLOUR('',#6151);
#6569 = STYLED_ITEM('color',(#6570),#2852);
#6570 = PRESENTATION_STYLE_ASSIGNMENT((#6571));
#6571 = SURFACE_STYLE_USAGE(.BOTH.,#6572);
#6572 = SURFACE_SIDE_STYLE('',(#6573));
#6573 = SURFACE_STYLE_FILL_AREA(#6574);
#6574 = FILL_AREA_STYLE('',(#6575));
#6575 = FILL_AREA_STYLE_COLOUR('',#6151);
#6576 = STYLED_ITEM('color',(#6577),#2869);
#6577 = PRESENTATION_STYLE_ASSIGNMENT((#6578));
#6578 = SURFACE_STYLE_USAGE(.BOTH.,#6579);
#6579 = SURFACE_SIDE_STYLE('',(#6580));
#6580 = SURFACE_STYLE_FILL_AREA(#6581);
#6581 = FILL_AREA_STYLE('',(#6582));
#6582 = FILL_AREA_STYLE_COLOUR('',#5797);
#6583 = STYLED_ITEM('color',(#6584),#2918);
#6584 = PRESENTATION_STYLE_ASSIGNMENT((#6585));
#6585 = SURFACE_STYLE_USAGE(.BOTH.,#6586);
#6586 = SURFACE_SIDE_STYLE('',(#6587));
#6587 = SURFACE_STYLE_FILL_AREA(#6588);
#6588 = FILL_AREA_STYLE('',(#6589));
#6589 = FILL_AREA_STYLE_COLOUR('',#6151);
#6590 = STYLED_ITEM('color',(#6591),#2935);
#6591 = PRESENTATION_STYLE_ASSIGNMENT((#6592));
#6592 = SURFACE_STYLE_USAGE(.BOTH.,#6593);
#6593 = SURFACE_SIDE_STYLE('',(#6594));
#6594 = SURFACE_STYLE_FILL_AREA(#6595);
#6595 = FILL_AREA_STYLE('',(#6596));
#6596 = FILL_AREA_STYLE_COLOUR('',#6151);
#6597 = STYLED_ITEM('color',(#6598),#2952);
#6598 = PRESENTATION_STYLE_ASSIGNMENT((#6599));
#6599 = SURFACE_STYLE_USAGE(.BOTH.,#6600);
#6600 = SURFACE_SIDE_STYLE('',(#6601));
#6601 = SURFACE_STYLE_FILL_AREA(#6602);
#6602 = FILL_AREA_STYLE('',(#6603));
#6603 = FILL_AREA_STYLE_COLOUR('',#5797);
#6604 = STYLED_ITEM('color',(#6605),#3001);
#6605 = PRESENTATION_STYLE_ASSIGNMENT((#6606));
#6606 = SURFACE_STYLE_USAGE(.BOTH.,#6607);
#6607 = SURFACE_SIDE_STYLE('',(#6608));
#6608 = SURFACE_STYLE_FILL_AREA(#6609);
#6609 = FILL_AREA_STYLE('',(#6610));
#6610 = FILL_AREA_STYLE_COLOUR('',#5797);
#6611 = STYLED_ITEM('color',(#6612),#3018);
#6612 = PRESENTATION_STYLE_ASSIGNMENT((#6613));
#6613 = SURFACE_STYLE_USAGE(.BOTH.,#6614);
#6614 = SURFACE_SIDE_STYLE('',(#6615));
#6615 = SURFACE_STYLE_FILL_AREA(#6616);
#6616 = FILL_AREA_STYLE('',(#6617));
#6617 = FILL_AREA_STYLE_COLOUR('',#6151);
#6618 = STYLED_ITEM('color',(#6619),#3087);
#6619 = PRESENTATION_STYLE_ASSIGNMENT((#6620));
#6620 = SURFACE_STYLE_USAGE(.BOTH.,#6621);
#6621 = SURFACE_SIDE_STYLE('',(#6622));
#6622 = SURFACE_STYLE_FILL_AREA(#6623);
#6623 = FILL_AREA_STYLE('',(#6624));
#6624 = FILL_AREA_STYLE_COLOUR('',#6441);
#6625 = STYLED_ITEM('color',(#6626),#3118);
#6626 = PRESENTATION_STYLE_ASSIGNMENT((#6627));
#6627 = SURFACE_STYLE_USAGE(.BOTH.,#6628);
#6628 = SURFACE_SIDE_STYLE('',(#6629));
#6629 = SURFACE_STYLE_FILL_AREA(#6630);
#6630 = FILL_AREA_STYLE('',(#6631));
#6631 = FILL_AREA_STYLE_COLOUR('',#6441);
#6632 = STYLED_ITEM('color',(#6633),#3142);
#6633 = PRESENTATION_STYLE_ASSIGNMENT((#6634));
#6634 = SURFACE_STYLE_USAGE(.BOTH.,#6635);
#6635 = SURFACE_SIDE_STYLE('',(#6636));
#6636 = SURFACE_STYLE_FILL_AREA(#6637);
#6637 = FILL_AREA_STYLE('',(#6638));
#6638 = FILL_AREA_STYLE_COLOUR('',#6151);
#6639 = STYLED_ITEM('color',(#6640),#3211);
#6640 = PRESENTATION_STYLE_ASSIGNMENT((#6641));
#6641 = SURFACE_STYLE_USAGE(.BOTH.,#6642);
#6642 = SURFACE_SIDE_STYLE('',(#6643));
#6643 = SURFACE_STYLE_FILL_AREA(#6644);
#6644 = FILL_AREA_STYLE('',(#6645));
#6645 = FILL_AREA_STYLE_COLOUR('',#6441);
#6646 = STYLED_ITEM('color',(#6647),#3235);
#6647 = PRESENTATION_STYLE_ASSIGNMENT((#6648));
#6648 = SURFACE_STYLE_USAGE(.BOTH.,#6649);
#6649 = SURFACE_SIDE_STYLE('',(#6650));
#6650 = SURFACE_STYLE_FILL_AREA(#6651);
#6651 = FILL_AREA_STYLE('',(#6652));
#6652 = FILL_AREA_STYLE_COLOUR('',#6151);
#6653 = STYLED_ITEM('color',(#6654),#3252);
#6654 = PRESENTATION_STYLE_ASSIGNMENT((#6655));
#6655 = SURFACE_STYLE_USAGE(.BOTH.,#6656);
#6656 = SURFACE_SIDE_STYLE('',(#6657));
#6657 = SURFACE_STYLE_FILL_AREA(#6658);
#6658 = FILL_AREA_STYLE('',(#6659));
#6659 = FILL_AREA_STYLE_COLOUR('',#6151);
#6660 = STYLED_ITEM('color',(#6661),#3269);
#6661 = PRESENTATION_STYLE_ASSIGNMENT((#6662));
#6662 = SURFACE_STYLE_USAGE(.BOTH.,#6663);
#6663 = SURFACE_SIDE_STYLE('',(#6664));
#6664 = SURFACE_STYLE_FILL_AREA(#6665);
#6665 = FILL_AREA_STYLE('',(#6666));
#6666 = FILL_AREA_STYLE_COLOUR('',#6151);
#6667 = STYLED_ITEM('color',(#6668),#3286);
#6668 = PRESENTATION_STYLE_ASSIGNMENT((#6669));
#6669 = SURFACE_STYLE_USAGE(.BOTH.,#6670);
#6670 = SURFACE_SIDE_STYLE('',(#6671));
#6671 = SURFACE_STYLE_FILL_AREA(#6672);
#6672 = FILL_AREA_STYLE('',(#6673));
#6673 = FILL_AREA_STYLE_COLOUR('',#6151);
#6674 = STYLED_ITEM('color',(#6675),#3303);
#6675 = PRESENTATION_STYLE_ASSIGNMENT((#6676));
#6676 = SURFACE_STYLE_USAGE(.BOTH.,#6677);
#6677 = SURFACE_SIDE_STYLE('',(#6678));
#6678 = SURFACE_STYLE_FILL_AREA(#6679);
#6679 = FILL_AREA_STYLE('',(#6680));
#6680 = FILL_AREA_STYLE_COLOUR('',#6151);
#6681 = STYLED_ITEM('color',(#6682),#3320);
#6682 = PRESENTATION_STYLE_ASSIGNMENT((#6683));
#6683 = SURFACE_STYLE_USAGE(.BOTH.,#6684);
#6684 = SURFACE_SIDE_STYLE('',(#6685));
#6685 = SURFACE_STYLE_FILL_AREA(#6686);
#6686 = FILL_AREA_STYLE('',(#6687));
#6687 = FILL_AREA_STYLE_COLOUR('',#6151);
#6688 = STYLED_ITEM('color',(#6689),#3337);
#6689 = PRESENTATION_STYLE_ASSIGNMENT((#6690));
#6690 = SURFACE_STYLE_USAGE(.BOTH.,#6691);
#6691 = SURFACE_SIDE_STYLE('',(#6692));
#6692 = SURFACE_STYLE_FILL_AREA(#6693);
#6693 = FILL_AREA_STYLE('',(#6694));
#6694 = FILL_AREA_STYLE_COLOUR('',#6151);
#6695 = STYLED_ITEM('color',(#6696),#3354);
#6696 = PRESENTATION_STYLE_ASSIGNMENT((#6697));
#6697 = SURFACE_STYLE_USAGE(.BOTH.,#6698);
#6698 = SURFACE_SIDE_STYLE('',(#6699));
#6699 = SURFACE_STYLE_FILL_AREA(#6700);
#6700 = FILL_AREA_STYLE('',(#6701));
#6701 = FILL_AREA_STYLE_COLOUR('',#6441);
#6702 = STYLED_ITEM('color',(#6703),#3371);
#6703 = PRESENTATION_STYLE_ASSIGNMENT((#6704));
#6704 = SURFACE_STYLE_USAGE(.BOTH.,#6705);
#6705 = SURFACE_SIDE_STYLE('',(#6706));
#6706 = SURFACE_STYLE_FILL_AREA(#6707);
#6707 = FILL_AREA_STYLE('',(#6708));
#6708 = FILL_AREA_STYLE_COLOUR('',#6441);
#6709 = MECHANICAL_DESIGN_GEOMETRIC_PRESENTATION_REPRESENTATION('',(
    #6710,#6717,#6724,#6731,#6738,#6745,#6752,#6759,#6766,#6773,#6780,
    #6787,#6794,#6801,#6808,#6815,#6822,#6829,#6836,#6843,#6850,#6857,
    #6864,#6871,#6878,#6885,#6892,#6899),#4279);
#6710 = STYLED_ITEM('color',(#6711),#3427);
#6711 = PRESENTATION_STYLE_ASSIGNMENT((#6712));
#6712 = SURFACE_STYLE_USAGE(.BOTH.,#6713);
#6713 = SURFACE_SIDE_STYLE('',(#6714));
#6714 = SURFACE_STYLE_FILL_AREA(#6715);
#6715 = FILL_AREA_STYLE('',(#6716));
#6716 = FILL_AREA_STYLE_COLOUR('',#6151);
#6717 = STYLED_ITEM('color',(#6718),#3503);
#6718 = PRESENTATION_STYLE_ASSIGNMENT((#6719));
#6719 = SURFACE_STYLE_USAGE(.BOTH.,#6720);
#6720 = SURFACE_SIDE_STYLE('',(#6721));
#6721 = SURFACE_STYLE_FILL_AREA(#6722);
#6722 = FILL_AREA_STYLE('',(#6723));
#6723 = FILL_AREA_STYLE_COLOUR('',#6151);
#6724 = STYLED_ITEM('color',(#6725),#3534);
#6725 = PRESENTATION_STYLE_ASSIGNMENT((#6726));
#6726 = SURFACE_STYLE_USAGE(.BOTH.,#6727);
#6727 = SURFACE_SIDE_STYLE('',(#6728));
#6728 = SURFACE_STYLE_FILL_AREA(#6729);
#6729 = FILL_AREA_STYLE('',(#6730));
#6730 = FILL_AREA_STYLE_COLOUR('',#6151);
#6731 = STYLED_ITEM('color',(#6732),#3559);
#6732 = PRESENTATION_STYLE_ASSIGNMENT((#6733));
#6733 = SURFACE_STYLE_USAGE(.BOTH.,#6734);
#6734 = SURFACE_SIDE_STYLE('',(#6735));
#6735 = SURFACE_STYLE_FILL_AREA(#6736);
#6736 = FILL_AREA_STYLE('',(#6737));
#6737 = FILL_AREA_STYLE_COLOUR('',#6151);
#6738 = STYLED_ITEM('color',(#6739),#3584);
#6739 = PRESENTATION_STYLE_ASSIGNMENT((#6740));
#6740 = SURFACE_STYLE_USAGE(.BOTH.,#6741);
#6741 = SURFACE_SIDE_STYLE('',(#6742));
#6742 = SURFACE_STYLE_FILL_AREA(#6743);
#6743 = FILL_AREA_STYLE('',(#6744));
#6744 = FILL_AREA_STYLE_COLOUR('',#6151);
#6745 = STYLED_ITEM('color',(#6746),#3608);
#6746 = PRESENTATION_STYLE_ASSIGNMENT((#6747));
#6747 = SURFACE_STYLE_USAGE(.BOTH.,#6748);
#6748 = SURFACE_SIDE_STYLE('',(#6749));
#6749 = SURFACE_STYLE_FILL_AREA(#6750);
#6750 = FILL_AREA_STYLE('',(#6751));
#6751 = FILL_AREA_STYLE_COLOUR('',#6151);
#6752 = STYLED_ITEM('color',(#6753),#3632);
#6753 = PRESENTATION_STYLE_ASSIGNMENT((#6754));
#6754 = SURFACE_STYLE_USAGE(.BOTH.,#6755);
#6755 = SURFACE_SIDE_STYLE('',(#6756));
#6756 = SURFACE_STYLE_FILL_AREA(#6757);
#6757 = FILL_AREA_STYLE('',(#6758));
#6758 = FILL_AREA_STYLE_COLOUR('',#6151);
#6759 = STYLED_ITEM('color',(#6760),#3657);
#6760 = PRESENTATION_STYLE_ASSIGNMENT((#6761));
#6761 = SURFACE_STYLE_USAGE(.BOTH.,#6762);
#6762 = SURFACE_SIDE_STYLE('',(#6763));
#6763 = SURFACE_STYLE_FILL_AREA(#6764);
#6764 = FILL_AREA_STYLE('',(#6765));
#6765 = FILL_AREA_STYLE_COLOUR('',#6151);
#6766 = STYLED_ITEM('color',(#6767),#3682);
#6767 = PRESENTATION_STYLE_ASSIGNMENT((#6768));
#6768 = SURFACE_STYLE_USAGE(.BOTH.,#6769);
#6769 = SURFACE_SIDE_STYLE('',(#6770));
#6770 = SURFACE_STYLE_FILL_AREA(#6771);
#6771 = FILL_AREA_STYLE('',(#6772));
#6772 = FILL_AREA_STYLE_COLOUR('',#6151);
#6773 = STYLED_ITEM('color',(#6774),#3699);
#6774 = PRESENTATION_STYLE_ASSIGNMENT((#6775));
#6775 = SURFACE_STYLE_USAGE(.BOTH.,#6776);
#6776 = SURFACE_SIDE_STYLE('',(#6777));
#6777 = SURFACE_STYLE_FILL_AREA(#6778);
#6778 = FILL_AREA_STYLE('',(#6779));
#6779 = FILL_AREA_STYLE_COLOUR('',#6151);
#6780 = STYLED_ITEM('color',(#6781),#3785);
#6781 = PRESENTATION_STYLE_ASSIGNMENT((#6782));
#6782 = SURFACE_STYLE_USAGE(.BOTH.,#6783);
#6783 = SURFACE_SIDE_STYLE('',(#6784));
#6784 = SURFACE_STYLE_FILL_AREA(#6785);
#6785 = FILL_AREA_STYLE('',(#6786));
#6786 = FILL_AREA_STYLE_COLOUR('',#6222);
#6787 = STYLED_ITEM('color',(#6788),#3817);
#6788 = PRESENTATION_STYLE_ASSIGNMENT((#6789));
#6789 = SURFACE_STYLE_USAGE(.BOTH.,#6790);
#6790 = SURFACE_SIDE_STYLE('',(#6791));
#6791 = SURFACE_STYLE_FILL_AREA(#6792);
#6792 = FILL_AREA_STYLE('',(#6793));
#6793 = FILL_AREA_STYLE_COLOUR('',#6222);
#6794 = STYLED_ITEM('color',(#6795),#3841);
#6795 = PRESENTATION_STYLE_ASSIGNMENT((#6796));
#6796 = SURFACE_STYLE_USAGE(.BOTH.,#6797);
#6797 = SURFACE_SIDE_STYLE('',(#6798));
#6798 = SURFACE_STYLE_FILL_AREA(#6799);
#6799 = FILL_AREA_STYLE('',(#6800));
#6800 = FILL_AREA_STYLE_COLOUR('',#6222);
#6801 = STYLED_ITEM('color',(#6802),#3866);
#6802 = PRESENTATION_STYLE_ASSIGNMENT((#6803));
#6803 = SURFACE_STYLE_USAGE(.BOTH.,#6804);
#6804 = SURFACE_SIDE_STYLE('',(#6805));
#6805 = SURFACE_STYLE_FILL_AREA(#6806);
#6806 = FILL_AREA_STYLE('',(#6807));
#6807 = FILL_AREA_STYLE_COLOUR('',#6222);
#6808 = STYLED_ITEM('color',(#6809),#3890);
#6809 = PRESENTATION_STYLE_ASSIGNMENT((#6810));
#6810 = SURFACE_STYLE_USAGE(.BOTH.,#6811);
#6811 = SURFACE_SIDE_STYLE('',(#6812));
#6812 = SURFACE_STYLE_FILL_AREA(#6813);
#6813 = FILL_AREA_STYLE('',(#6814));
#6814 = FILL_AREA_STYLE_COLOUR('',#6222);
#6815 = STYLED_ITEM('color',(#6816),#3915);
#6816 = PRESENTATION_STYLE_ASSIGNMENT((#6817));
#6817 = SURFACE_STYLE_USAGE(.BOTH.,#6818);
#6818 = SURFACE_SIDE_STYLE('',(#6819));
#6819 = SURFACE_STYLE_FILL_AREA(#6820);
#6820 = FILL_AREA_STYLE('',(#6821));
#6821 = FILL_AREA_STYLE_COLOUR('',#6222);
#6822 = STYLED_ITEM('color',(#6823),#3939);
#6823 = PRESENTATION_STYLE_ASSIGNMENT((#6824));
#6824 = SURFACE_STYLE_USAGE(.BOTH.,#6825);
#6825 = SURFACE_SIDE_STYLE('',(#6826));
#6826 = SURFACE_STYLE_FILL_AREA(#6827);
#6827 = FILL_AREA_STYLE('',(#6828));
#6828 = FILL_AREA_STYLE_COLOUR('',#6222);
#6829 = STYLED_ITEM('color',(#6830),#3964);
#6830 = PRESENTATION_STYLE_ASSIGNMENT((#6831));
#6831 = SURFACE_STYLE_USAGE(.BOTH.,#6832);
#6832 = SURFACE_SIDE_STYLE('',(#6833));
#6833 = SURFACE_STYLE_FILL_AREA(#6834);
#6834 = FILL_AREA_STYLE('',(#6835));
#6835 = FILL_AREA_STYLE_COLOUR('',#6222);
#6836 = STYLED_ITEM('color',(#6837),#3981);
#6837 = PRESENTATION_STYLE_ASSIGNMENT((#6838));
#6838 = SURFACE_STYLE_USAGE(.BOTH.,#6839);
#6839 = SURFACE_SIDE_STYLE('',(#6840));
#6840 = SURFACE_STYLE_FILL_AREA(#6841);
#6841 = FILL_AREA_STYLE('',(#6842));
#6842 = FILL_AREA_STYLE_COLOUR('',#6151);
#6843 = STYLED_ITEM('color',(#6844),#4067);
#6844 = PRESENTATION_STYLE_ASSIGNMENT((#6845));
#6845 = SURFACE_STYLE_USAGE(.BOTH.,#6846);
#6846 = SURFACE_SIDE_STYLE('',(#6847));
#6847 = SURFACE_STYLE_FILL_AREA(#6848);
#6848 = FILL_AREA_STYLE('',(#6849));
#6849 = FILL_AREA_STYLE_COLOUR('',#6151);
#6850 = STYLED_ITEM('color',(#6851),#4098);
#6851 = PRESENTATION_STYLE_ASSIGNMENT((#6852));
#6852 = SURFACE_STYLE_USAGE(.BOTH.,#6853);
#6853 = SURFACE_SIDE_STYLE('',(#6854));
#6854 = SURFACE_STYLE_FILL_AREA(#6855);
#6855 = FILL_AREA_STYLE('',(#6856));
#6856 = FILL_AREA_STYLE_COLOUR('',#6151);
#6857 = STYLED_ITEM('color',(#6858),#4123);
#6858 = PRESENTATION_STYLE_ASSIGNMENT((#6859));
#6859 = SURFACE_STYLE_USAGE(.BOTH.,#6860);
#6860 = SURFACE_SIDE_STYLE('',(#6861));
#6861 = SURFACE_STYLE_FILL_AREA(#6862);
#6862 = FILL_AREA_STYLE('',(#6863));
#6863 = FILL_AREA_STYLE_COLOUR('',#6151);
#6864 = STYLED_ITEM('color',(#6865),#4148);
#6865 = PRESENTATION_STYLE_ASSIGNMENT((#6866));
#6866 = SURFACE_STYLE_USAGE(.BOTH.,#6867);
#6867 = SURFACE_SIDE_STYLE('',(#6868));
#6868 = SURFACE_STYLE_FILL_AREA(#6869);
#6869 = FILL_AREA_STYLE('',(#6870));
#6870 = FILL_AREA_STYLE_COLOUR('',#6151);
#6871 = STYLED_ITEM('color',(#6872),#4172);
#6872 = PRESENTATION_STYLE_ASSIGNMENT((#6873));
#6873 = SURFACE_STYLE_USAGE(.BOTH.,#6874);
#6874 = SURFACE_SIDE_STYLE('',(#6875));
#6875 = SURFACE_STYLE_FILL_AREA(#6876);
#6876 = FILL_AREA_STYLE('',(#6877));
#6877 = FILL_AREA_STYLE_COLOUR('',#6151);
#6878 = STYLED_ITEM('color',(#6879),#4196);
#6879 = PRESENTATION_STYLE_ASSIGNMENT((#6880));
#6880 = SURFACE_STYLE_USAGE(.BOTH.,#6881);
#6881 = SURFACE_SIDE_STYLE('',(#6882));
#6882 = SURFACE_STYLE_FILL_AREA(#6883);
#6883 = FILL_AREA_STYLE('',(#6884));
#6884 = FILL_AREA_STYLE_COLOUR('',#6151);
#6885 = STYLED_ITEM('color',(#6886),#4221);
#6886 = PRESENTATION_STYLE_ASSIGNMENT((#6887));
#6887 = SURFACE_STYLE_USAGE(.BOTH.,#6888);
#6888 = SURFACE_SIDE_STYLE('',(#6889));
#6889 = SURFACE_STYLE_FILL_AREA(#6890);
#6890 = FILL_AREA_STYLE('',(#6891));
#6891 = FILL_AREA_STYLE_COLOUR('',#6151);
#6892 = STYLED_ITEM('color',(#6893),#4246);
#6893 = PRESENTATION_STYLE_ASSIGNMENT((#6894));
#6894 = SURFACE_STYLE_USAGE(.BOTH.,#6895);
#6895 = SURFACE_SIDE_STYLE('',(#6896));
#6896 = SURFACE_STYLE_FILL_AREA(#6897);
#6897 = FILL_AREA_STYLE('',(#6898));
#6898 = FILL_AREA_STYLE_COLOUR('',#6151);
#6899 = STYLED_ITEM('color',(#6900),#4263);
#6900 = PRESENTATION_STYLE_ASSIGNMENT((#6901));
#6901 = SURFACE_STYLE_USAGE(.BOTH.,#6902);
#6902 = SURFACE_SIDE_STYLE('',(#6903));
#6903 = SURFACE_STYLE_FILL_AREA(#6904);
#6904 = FILL_AREA_STYLE('',(#6905));
#6905 = FILL_AREA_STYLE_COLOUR('',#6151);
#6906 = MECHANICAL_DESIGN_GEOMETRIC_PRESENTATION_REPRESENTATION('',(
    #6907),#5778);
#6907 = STYLED_ITEM('color',(#6908),#5200);
#6908 = PRESENTATION_STYLE_ASSIGNMENT((#6909));
#6909 = SURFACE_STYLE_USAGE(.BOTH.,#6910);
#6910 = SURFACE_SIDE_STYLE('',(#6911));
#6911 = SURFACE_STYLE_FILL_AREA(#6912);
#6912 = FILL_AREA_STYLE('',(#6913));
#6913 = FILL_AREA_STYLE_COLOUR('',#6914);
#6914 = COLOUR_RGB('',0.313304153717,0.484529207832,0.410020903123);
ENDSEC;
END-ISO-10303-21;
