ISO-10303-21;
HEADER;
FILE_DESCRIPTION(('KiCad electronic assembly'),'2;1');
FILE_NAME('algoritmi_motor_buttons_kicad.step','2025-01-09T18:29:39',(
    'Pcbnew'),('Kicad'),'Open CASCADE STEP processor 7.8',
  'KiCad to STEP converter','Unknown');
FILE_SCHEMA(('AUTOMOTIVE_DESIGN { 1 0 10303 214 1 1 1 1 }'));
ENDSEC;
DATA;
#1 = APPLICATION_PROTOCOL_DEFINITION('international standard',
  'automotive_design',2000,#2);
#2 = APPLICATION_CONTEXT(
  'core data for automotive mechanical design processes');
#3 = SHAPE_DEFINITION_REPRESENTATION(#4,#10);
#4 = PRODUCT_DEFINITION_SHAPE('','',#5);
#5 = PRODUCT_DEFINITION('design','',#6,#9);
#6 = PRODUCT_DEFINITION_FORMATION('','',#7);
#7 = PRODUCT('algoritmi_motor_buttons_kicad 1',
  'algoritmi_motor_buttons_kicad 1','',(#8));
#8 = PRODUCT_CONTEXT('',#2,'mechanical');
#9 = PRODUCT_DEFINITION_CONTEXT('part definition',#2,'design');
#10 = SHAPE_REPRESENTATION('',(#11,#15,#19,#23,#27,#31,#35,#39),#43);
#11 = AXIS2_PLACEMENT_3D('',#12,#13,#14);
#12 = CARTESIAN_POINT('',(0.,0.,0.));
#13 = DIRECTION('',(0.,0.,1.));
#14 = DIRECTION('',(1.,0.,-0.));
#15 = AXIS2_PLACEMENT_3D('',#16,#17,#18);
#16 = CARTESIAN_POINT('',(150.9,-72.6,1.65));
#17 = DIRECTION('',(0.,0.,1.));
#18 = DIRECTION('',(1.,0.,0.));
#19 = AXIS2_PLACEMENT_3D('',#20,#21,#22);
#20 = CARTESIAN_POINT('',(134.95,-108.75,1.65));
#21 = DIRECTION('',(0.,0.,1.));
#22 = DIRECTION('',(1.,0.,0.));
#23 = AXIS2_PLACEMENT_3D('',#24,#25,#26);
#24 = CARTESIAN_POINT('',(161.255,-98.4,1.65));
#25 = DIRECTION('',(0.,0.,1.));
#26 = DIRECTION('',(1.,0.,0.));
#27 = AXIS2_PLACEMENT_3D('',#28,#29,#30);
#28 = CARTESIAN_POINT('',(122.655,-98.4,1.65));
#29 = DIRECTION('',(0.,0.,1.));
#30 = DIRECTION('',(1.,0.,0.));
#31 = AXIS2_PLACEMENT_3D('',#32,#33,#34);
#32 = CARTESIAN_POINT('',(142.876217,-90.730772,1.65));
#33 = DIRECTION('',(0.,0.,1.));
#34 = DIRECTION('',(1.,0.,0.));
#35 = AXIS2_PLACEMENT_3D('',#36,#37,#38);
#36 = CARTESIAN_POINT('',(138.4,-90.4,1.65));
#37 = DIRECTION('',(-0.,0.,1.));
#38 = DIRECTION('',(1.110223024625E-16,-1.,0.));
#39 = AXIS2_PLACEMENT_3D('',#40,#41,#42);
#40 = CARTESIAN_POINT('',(0.,0.,0.));
#41 = DIRECTION('',(0.,0.,1.));
#42 = DIRECTION('',(1.,0.,-0.));
#43 = ( GEOMETRIC_REPRESENTATION_CONTEXT(3) 
GLOBAL_UNCERTAINTY_ASSIGNED_CONTEXT((#47)) GLOBAL_UNIT_ASSIGNED_CONTEXT(
(#44,#45,#46)) REPRESENTATION_CONTEXT('Context #1',
  '3D Context with UNIT and UNCERTAINTY') );
#44 = ( LENGTH_UNIT() NAMED_UNIT(*) SI_UNIT(.MILLI.,.METRE.) );
#45 = ( NAMED_UNIT(*) PLANE_ANGLE_UNIT() SI_UNIT($,.RADIAN.) );
#46 = ( NAMED_UNIT(*) SI_UNIT($,.STERADIAN.) SOLID_ANGLE_UNIT() );
#47 = UNCERTAINTY_MEASURE_WITH_UNIT(LENGTH_MEASURE(1.E-06),#44,
  'distance_accuracy_value','confusion accuracy');
#48 = PRODUCT_RELATED_PRODUCT_CATEGORY('part',$,(#7));
#49 = SHAPE_DEFINITION_REPRESENTATION(#50,#56);
#50 = PRODUCT_DEFINITION_SHAPE('','',#51);
#51 = PRODUCT_DEFINITION('design','',#52,#55);
#52 = PRODUCT_DEFINITION_FORMATION('','',#53);
#53 = PRODUCT('C_0201_0603Metric','C_0201_0603Metric','',(#54));
#54 = PRODUCT_CONTEXT('',#2,'mechanical');
#55 = PRODUCT_DEFINITION_CONTEXT('part definition',#2,'design');
#56 = SHAPE_REPRESENTATION('',(#11,#57),#61);
#57 = AXIS2_PLACEMENT_3D('',#58,#59,#60);
#58 = CARTESIAN_POINT('',(0.,0.,0.));
#59 = DIRECTION('',(0.,0.,1.));
#60 = DIRECTION('',(1.,0.,-0.));
#61 = ( GEOMETRIC_REPRESENTATION_CONTEXT(3) 
GLOBAL_UNCERTAINTY_ASSIGNED_CONTEXT((#65)) GLOBAL_UNIT_ASSIGNED_CONTEXT(
(#62,#63,#64)) REPRESENTATION_CONTEXT('Context #1',
  '3D Context with UNIT and UNCERTAINTY') );
#62 = ( LENGTH_UNIT() NAMED_UNIT(*) SI_UNIT(.MILLI.,.METRE.) );
#63 = ( NAMED_UNIT(*) PLANE_ANGLE_UNIT() SI_UNIT($,.RADIAN.) );
#64 = ( NAMED_UNIT(*) SI_UNIT($,.STERADIAN.) SOLID_ANGLE_UNIT() );
#65 = UNCERTAINTY_MEASURE_WITH_UNIT(LENGTH_MEASURE(1.E-07),#62,
  'distance_accuracy_value','confusion accuracy');
#66 = CONTEXT_DEPENDENT_SHAPE_REPRESENTATION(#67,#69);
#67 = ( REPRESENTATION_RELATIONSHIP('','',#56,#10) 
REPRESENTATION_RELATIONSHIP_WITH_TRANSFORMATION(#68) 
SHAPE_REPRESENTATION_RELATIONSHIP() );
#68 = ITEM_DEFINED_TRANSFORMATION('','',#11,#15);
#69 = PRODUCT_DEFINITION_SHAPE('Placement','Placement of an item',#70);
#70 = NEXT_ASSEMBLY_USAGE_OCCURRENCE('2','C4','',#5,#51,$);
#71 = PRODUCT_RELATED_PRODUCT_CATEGORY('part',$,(#53));
#72 = SHAPE_DEFINITION_REPRESENTATION(#73,#79);
#73 = PRODUCT_DEFINITION_SHAPE('','',#74);
#74 = PRODUCT_DEFINITION('design','',#75,#78);
#75 = PRODUCT_DEFINITION_FORMATION('','',#76);
#76 = PRODUCT('C_0201_0603Metric','C_0201_0603Metric','',(#77));
#77 = PRODUCT_CONTEXT('',#2,'mechanical');
#78 = PRODUCT_DEFINITION_CONTEXT('part definition',#2,'design');
#79 = ADVANCED_BREP_SHAPE_REPRESENTATION('',(#11,#80),#934);
#80 = MANIFOLD_SOLID_BREP('',#81);
#81 = CLOSED_SHELL('',(#82,#158,#189,#214,#239,#263,#287,#312,#337,#354,
    #440,#472,#496,#521,#545,#570,#594,#619,#636,#722,#753,#778,#803,
    #827,#851,#876,#901,#918));
#82 = ADVANCED_FACE('',(#83),#153,.F.);
#83 = FACE_BOUND('',#84,.F.);
#84 = EDGE_LOOP('',(#85,#95,#104,#112,#121,#129,#138,#146));
#85 = ORIENTED_EDGE('',*,*,#86,.F.);
#86 = EDGE_CURVE('',#87,#89,#91,.T.);
#87 = VERTEX_POINT('',#88);
#88 = CARTESIAN_POINT('',(-0.3,-0.15,1.5E-02));
#89 = VERTEX_POINT('',#90);
#90 = CARTESIAN_POINT('',(-0.3,-0.15,0.285));
#91 = LINE('',#92,#93);
#92 = CARTESIAN_POINT('',(-0.3,-0.15,0.));
#93 = VECTOR('',#94,1.);
#94 = DIRECTION('',(0.,0.,1.));
#95 = ORIENTED_EDGE('',*,*,#96,.T.);
#96 = EDGE_CURVE('',#87,#97,#99,.T.);
#97 = VERTEX_POINT('',#98);
#98 = CARTESIAN_POINT('',(-0.3,-0.135,-2.775557561563E-17));
#99 = CIRCLE('',#100,1.5E-02);
#100 = AXIS2_PLACEMENT_3D('',#101,#102,#103);
#101 = CARTESIAN_POINT('',(-0.3,-0.135,1.5E-02));
#102 = DIRECTION('',(1.,0.,-0.));
#103 = DIRECTION('',(0.,0.,1.));
#104 = ORIENTED_EDGE('',*,*,#105,.T.);
#105 = EDGE_CURVE('',#97,#106,#108,.T.);
#106 = VERTEX_POINT('',#107);
#107 = CARTESIAN_POINT('',(-0.3,0.135,-2.775557561563E-17));
#108 = LINE('',#109,#110);
#109 = CARTESIAN_POINT('',(-0.3,-0.15,0.));
#110 = VECTOR('',#111,1.);
#111 = DIRECTION('',(0.,1.,0.));
#112 = ORIENTED_EDGE('',*,*,#113,.F.);
#113 = EDGE_CURVE('',#114,#106,#116,.T.);
#114 = VERTEX_POINT('',#115);
#115 = CARTESIAN_POINT('',(-0.3,0.15,1.5E-02));
#116 = CIRCLE('',#117,1.5E-02);
#117 = AXIS2_PLACEMENT_3D('',#118,#119,#120);
#118 = CARTESIAN_POINT('',(-0.3,0.135,1.5E-02));
#119 = DIRECTION('',(-1.,0.,0.));
#120 = DIRECTION('',(0.,0.,1.));
#121 = ORIENTED_EDGE('',*,*,#122,.T.);
#122 = EDGE_CURVE('',#114,#123,#125,.T.);
#123 = VERTEX_POINT('',#124);
#124 = CARTESIAN_POINT('',(-0.3,0.15,0.285));
#125 = LINE('',#126,#127);
#126 = CARTESIAN_POINT('',(-0.3,0.15,0.));
#127 = VECTOR('',#128,1.);
#128 = DIRECTION('',(0.,0.,1.));
#129 = ORIENTED_EDGE('',*,*,#130,.T.);
#130 = EDGE_CURVE('',#123,#131,#133,.T.);
#131 = VERTEX_POINT('',#132);
#132 = CARTESIAN_POINT('',(-0.3,0.135,0.3));
#133 = CIRCLE('',#134,1.5E-02);
#134 = AXIS2_PLACEMENT_3D('',#135,#136,#137);
#135 = CARTESIAN_POINT('',(-0.3,0.135,0.285));
#136 = DIRECTION('',(1.,0.,-0.));
#137 = DIRECTION('',(0.,0.,1.));
#138 = ORIENTED_EDGE('',*,*,#139,.F.);
#139 = EDGE_CURVE('',#140,#131,#142,.T.);
#140 = VERTEX_POINT('',#141);
#141 = CARTESIAN_POINT('',(-0.3,-0.135,0.3));
#142 = LINE('',#143,#144);
#143 = CARTESIAN_POINT('',(-0.3,-0.15,0.3));
#144 = VECTOR('',#145,1.);
#145 = DIRECTION('',(0.,1.,0.));
#146 = ORIENTED_EDGE('',*,*,#147,.F.);
#147 = EDGE_CURVE('',#89,#140,#148,.T.);
#148 = CIRCLE('',#149,1.5E-02);
#149 = AXIS2_PLACEMENT_3D('',#150,#151,#152);
#150 = CARTESIAN_POINT('',(-0.3,-0.135,0.285));
#151 = DIRECTION('',(-1.,0.,0.));
#152 = DIRECTION('',(0.,0.,1.));
#153 = PLANE('',#154);
#154 = AXIS2_PLACEMENT_3D('',#155,#156,#157);
#155 = CARTESIAN_POINT('',(-0.3,-0.15,0.));
#156 = DIRECTION('',(1.,0.,0.));
#157 = DIRECTION('',(0.,0.,1.));
#158 = ADVANCED_FACE('',(#159),#184,.F.);
#159 = FACE_BOUND('',#160,.F.);
#160 = EDGE_LOOP('',(#161,#171,#177,#178));
#161 = ORIENTED_EDGE('',*,*,#162,.F.);
#162 = EDGE_CURVE('',#163,#165,#167,.T.);
#163 = VERTEX_POINT('',#164);
#164 = CARTESIAN_POINT('',(-0.15,-0.15,1.5E-02));
#165 = VERTEX_POINT('',#166);
#166 = CARTESIAN_POINT('',(-0.15,-0.15,0.285));
#167 = LINE('',#168,#169);
#168 = CARTESIAN_POINT('',(-0.15,-0.15,0.));
#169 = VECTOR('',#170,1.);
#170 = DIRECTION('',(0.,0.,1.));
#171 = ORIENTED_EDGE('',*,*,#172,.F.);
#172 = EDGE_CURVE('',#87,#163,#173,.T.);
#173 = LINE('',#174,#175);
#174 = CARTESIAN_POINT('',(-0.3,-0.15,1.5E-02));
#175 = VECTOR('',#176,1.);
#176 = DIRECTION('',(1.,0.,0.));
#177 = ORIENTED_EDGE('',*,*,#86,.T.);
#178 = ORIENTED_EDGE('',*,*,#179,.T.);
#179 = EDGE_CURVE('',#89,#165,#180,.T.);
#180 = LINE('',#181,#182);
#181 = CARTESIAN_POINT('',(-0.3,-0.15,0.285));
#182 = VECTOR('',#183,1.);
#183 = DIRECTION('',(1.,0.,0.));
#184 = PLANE('',#185);
#185 = AXIS2_PLACEMENT_3D('',#186,#187,#188);
#186 = CARTESIAN_POINT('',(-0.3,-0.15,0.));
#187 = DIRECTION('',(0.,1.,0.));
#188 = DIRECTION('',(0.,-0.,1.));
#189 = ADVANCED_FACE('',(#190),#209,.T.);
#190 = FACE_BOUND('',#191,.T.);
#191 = EDGE_LOOP('',(#192,#193,#201,#208));
#192 = ORIENTED_EDGE('',*,*,#96,.T.);
#193 = ORIENTED_EDGE('',*,*,#194,.T.);
#194 = EDGE_CURVE('',#97,#195,#197,.T.);
#195 = VERTEX_POINT('',#196);
#196 = CARTESIAN_POINT('',(-0.15,-0.135,-2.775557561563E-17));
#197 = LINE('',#198,#199);
#198 = CARTESIAN_POINT('',(-0.3,-0.135,-2.775557561563E-17));
#199 = VECTOR('',#200,1.);
#200 = DIRECTION('',(1.,0.,0.));
#201 = ORIENTED_EDGE('',*,*,#202,.F.);
#202 = EDGE_CURVE('',#163,#195,#203,.T.);
#203 = CIRCLE('',#204,1.5E-02);
#204 = AXIS2_PLACEMENT_3D('',#205,#206,#207);
#205 = CARTESIAN_POINT('',(-0.15,-0.135,1.5E-02));
#206 = DIRECTION('',(1.,0.,-0.));
#207 = DIRECTION('',(0.,0.,1.));
#208 = ORIENTED_EDGE('',*,*,#172,.F.);
#209 = CYLINDRICAL_SURFACE('',#210,1.5E-02);
#210 = AXIS2_PLACEMENT_3D('',#211,#212,#213);
#211 = CARTESIAN_POINT('',(-0.3,-0.135,1.5E-02));
#212 = DIRECTION('',(1.,0.,0.));
#213 = DIRECTION('',(0.,-1.,0.));
#214 = ADVANCED_FACE('',(#215),#234,.T.);
#215 = FACE_BOUND('',#216,.T.);
#216 = EDGE_LOOP('',(#217,#218,#227,#233));
#217 = ORIENTED_EDGE('',*,*,#179,.T.);
#218 = ORIENTED_EDGE('',*,*,#219,.T.);
#219 = EDGE_CURVE('',#165,#220,#222,.T.);
#220 = VERTEX_POINT('',#221);
#221 = CARTESIAN_POINT('',(-0.15,-0.135,0.3));
#222 = CIRCLE('',#223,1.5E-02);
#223 = AXIS2_PLACEMENT_3D('',#224,#225,#226);
#224 = CARTESIAN_POINT('',(-0.15,-0.135,0.285));
#225 = DIRECTION('',(-1.,0.,0.));
#226 = DIRECTION('',(0.,0.,1.));
#227 = ORIENTED_EDGE('',*,*,#228,.F.);
#228 = EDGE_CURVE('',#140,#220,#229,.T.);
#229 = LINE('',#230,#231);
#230 = CARTESIAN_POINT('',(-0.3,-0.135,0.3));
#231 = VECTOR('',#232,1.);
#232 = DIRECTION('',(1.,0.,0.));
#233 = ORIENTED_EDGE('',*,*,#147,.F.);
#234 = CYLINDRICAL_SURFACE('',#235,1.5E-02);
#235 = AXIS2_PLACEMENT_3D('',#236,#237,#238);
#236 = CARTESIAN_POINT('',(-0.3,-0.135,0.285));
#237 = DIRECTION('',(1.,0.,0.));
#238 = DIRECTION('',(0.,-1.,0.));
#239 = ADVANCED_FACE('',(#240),#258,.F.);
#240 = FACE_BOUND('',#241,.F.);
#241 = EDGE_LOOP('',(#242,#243,#244,#252));
#242 = ORIENTED_EDGE('',*,*,#105,.F.);
#243 = ORIENTED_EDGE('',*,*,#194,.T.);
#244 = ORIENTED_EDGE('',*,*,#245,.T.);
#245 = EDGE_CURVE('',#195,#246,#248,.T.);
#246 = VERTEX_POINT('',#247);
#247 = CARTESIAN_POINT('',(-0.15,0.135,-2.775557561563E-17));
#248 = LINE('',#249,#250);
#249 = CARTESIAN_POINT('',(-0.15,-0.15,0.));
#250 = VECTOR('',#251,1.);
#251 = DIRECTION('',(0.,1.,0.));
#252 = ORIENTED_EDGE('',*,*,#253,.F.);
#253 = EDGE_CURVE('',#106,#246,#254,.T.);
#254 = LINE('',#255,#256);
#255 = CARTESIAN_POINT('',(-0.3,0.135,-2.775557561563E-17));
#256 = VECTOR('',#257,1.);
#257 = DIRECTION('',(1.,0.,0.));
#258 = PLANE('',#259);
#259 = AXIS2_PLACEMENT_3D('',#260,#261,#262);
#260 = CARTESIAN_POINT('',(-0.3,-0.15,0.));
#261 = DIRECTION('',(0.,0.,1.));
#262 = DIRECTION('',(1.,0.,-0.));
#263 = ADVANCED_FACE('',(#264),#282,.T.);
#264 = FACE_BOUND('',#265,.T.);
#265 = EDGE_LOOP('',(#266,#267,#268,#276));
#266 = ORIENTED_EDGE('',*,*,#139,.F.);
#267 = ORIENTED_EDGE('',*,*,#228,.T.);
#268 = ORIENTED_EDGE('',*,*,#269,.T.);
#269 = EDGE_CURVE('',#220,#270,#272,.T.);
#270 = VERTEX_POINT('',#271);
#271 = CARTESIAN_POINT('',(-0.15,0.135,0.3));
#272 = LINE('',#273,#274);
#273 = CARTESIAN_POINT('',(-0.15,-0.15,0.3));
#274 = VECTOR('',#275,1.);
#275 = DIRECTION('',(0.,1.,0.));
#276 = ORIENTED_EDGE('',*,*,#277,.F.);
#277 = EDGE_CURVE('',#131,#270,#278,.T.);
#278 = LINE('',#279,#280);
#279 = CARTESIAN_POINT('',(-0.3,0.135,0.3));
#280 = VECTOR('',#281,1.);
#281 = DIRECTION('',(1.,0.,0.));
#282 = PLANE('',#283);
#283 = AXIS2_PLACEMENT_3D('',#284,#285,#286);
#284 = CARTESIAN_POINT('',(-0.3,-0.15,0.3));
#285 = DIRECTION('',(0.,0.,1.));
#286 = DIRECTION('',(1.,0.,-0.));
#287 = ADVANCED_FACE('',(#288),#307,.T.);
#288 = FACE_BOUND('',#289,.T.);
#289 = EDGE_LOOP('',(#290,#298,#305,#306));
#290 = ORIENTED_EDGE('',*,*,#291,.T.);
#291 = EDGE_CURVE('',#114,#292,#294,.T.);
#292 = VERTEX_POINT('',#293);
#293 = CARTESIAN_POINT('',(-0.15,0.15,1.5E-02));
#294 = LINE('',#295,#296);
#295 = CARTESIAN_POINT('',(-0.3,0.15,1.5E-02));
#296 = VECTOR('',#297,1.);
#297 = DIRECTION('',(1.,0.,0.));
#298 = ORIENTED_EDGE('',*,*,#299,.T.);
#299 = EDGE_CURVE('',#292,#246,#300,.T.);
#300 = CIRCLE('',#301,1.5E-02);
#301 = AXIS2_PLACEMENT_3D('',#302,#303,#304);
#302 = CARTESIAN_POINT('',(-0.15,0.135,1.5E-02));
#303 = DIRECTION('',(-1.,0.,0.));
#304 = DIRECTION('',(0.,0.,1.));
#305 = ORIENTED_EDGE('',*,*,#253,.F.);
#306 = ORIENTED_EDGE('',*,*,#113,.F.);
#307 = CYLINDRICAL_SURFACE('',#308,1.5E-02);
#308 = AXIS2_PLACEMENT_3D('',#309,#310,#311);
#309 = CARTESIAN_POINT('',(-0.3,0.135,1.5E-02));
#310 = DIRECTION('',(1.,0.,0.));
#311 = DIRECTION('',(-0.,1.,0.));
#312 = ADVANCED_FACE('',(#313),#332,.T.);
#313 = FACE_BOUND('',#314,.T.);
#314 = EDGE_LOOP('',(#315,#316,#317,#326));
#315 = ORIENTED_EDGE('',*,*,#130,.T.);
#316 = ORIENTED_EDGE('',*,*,#277,.T.);
#317 = ORIENTED_EDGE('',*,*,#318,.F.);
#318 = EDGE_CURVE('',#319,#270,#321,.T.);
#319 = VERTEX_POINT('',#320);
#320 = CARTESIAN_POINT('',(-0.15,0.15,0.285));
#321 = CIRCLE('',#322,1.5E-02);
#322 = AXIS2_PLACEMENT_3D('',#323,#324,#325);
#323 = CARTESIAN_POINT('',(-0.15,0.135,0.285));
#324 = DIRECTION('',(1.,0.,-0.));
#325 = DIRECTION('',(0.,0.,1.));
#326 = ORIENTED_EDGE('',*,*,#327,.F.);
#327 = EDGE_CURVE('',#123,#319,#328,.T.);
#328 = LINE('',#329,#330);
#329 = CARTESIAN_POINT('',(-0.3,0.15,0.285));
#330 = VECTOR('',#331,1.);
#331 = DIRECTION('',(1.,0.,0.));
#332 = CYLINDRICAL_SURFACE('',#333,1.5E-02);
#333 = AXIS2_PLACEMENT_3D('',#334,#335,#336);
#334 = CARTESIAN_POINT('',(-0.3,0.135,0.285));
#335 = DIRECTION('',(1.,0.,0.));
#336 = DIRECTION('',(-0.,1.,0.));
#337 = ADVANCED_FACE('',(#338),#349,.T.);
#338 = FACE_BOUND('',#339,.T.);
#339 = EDGE_LOOP('',(#340,#346,#347,#348));
#340 = ORIENTED_EDGE('',*,*,#341,.F.);
#341 = EDGE_CURVE('',#292,#319,#342,.T.);
#342 = LINE('',#343,#344);
#343 = CARTESIAN_POINT('',(-0.15,0.15,0.));
#344 = VECTOR('',#345,1.);
#345 = DIRECTION('',(0.,0.,1.));
#346 = ORIENTED_EDGE('',*,*,#291,.F.);
#347 = ORIENTED_EDGE('',*,*,#122,.T.);
#348 = ORIENTED_EDGE('',*,*,#327,.T.);
#349 = PLANE('',#350);
#350 = AXIS2_PLACEMENT_3D('',#351,#352,#353);
#351 = CARTESIAN_POINT('',(-0.3,0.15,0.));
#352 = DIRECTION('',(0.,1.,0.));
#353 = DIRECTION('',(0.,-0.,1.));
#354 = ADVANCED_FACE('',(#355,#365),#435,.T.);
#355 = FACE_BOUND('',#356,.T.);
#356 = EDGE_LOOP('',(#357,#358,#359,#360,#361,#362,#363,#364));
#357 = ORIENTED_EDGE('',*,*,#162,.F.);
#358 = ORIENTED_EDGE('',*,*,#202,.T.);
#359 = ORIENTED_EDGE('',*,*,#245,.T.);
#360 = ORIENTED_EDGE('',*,*,#299,.F.);
#361 = ORIENTED_EDGE('',*,*,#341,.T.);
#362 = ORIENTED_EDGE('',*,*,#318,.T.);
#363 = ORIENTED_EDGE('',*,*,#269,.F.);
#364 = ORIENTED_EDGE('',*,*,#219,.F.);
#365 = FACE_BOUND('',#366,.T.);
#366 = EDGE_LOOP('',(#367,#378,#386,#395,#403,#412,#420,#429));
#367 = ORIENTED_EDGE('',*,*,#368,.F.);
#368 = EDGE_CURVE('',#369,#371,#373,.T.);
#369 = VERTEX_POINT('',#370);
#370 = CARTESIAN_POINT('',(-0.15,-0.135,3.E-02));
#371 = VERTEX_POINT('',#372);
#372 = CARTESIAN_POINT('',(-0.15,-0.12,1.5E-02));
#373 = CIRCLE('',#374,1.5E-02);
#374 = AXIS2_PLACEMENT_3D('',#375,#376,#377);
#375 = CARTESIAN_POINT('',(-0.15,-0.12,3.E-02));
#376 = DIRECTION('',(1.,0.,-0.));
#377 = DIRECTION('',(0.,0.,1.));
#378 = ORIENTED_EDGE('',*,*,#379,.T.);
#379 = EDGE_CURVE('',#369,#380,#382,.T.);
#380 = VERTEX_POINT('',#381);
#381 = CARTESIAN_POINT('',(-0.15,-0.135,0.27));
#382 = LINE('',#383,#384);
#383 = CARTESIAN_POINT('',(-0.15,-0.135,1.5E-02));
#384 = VECTOR('',#385,1.);
#385 = DIRECTION('',(0.,0.,1.));
#386 = ORIENTED_EDGE('',*,*,#387,.T.);
#387 = EDGE_CURVE('',#380,#388,#390,.T.);
#388 = VERTEX_POINT('',#389);
#389 = CARTESIAN_POINT('',(-0.15,-0.12,0.285));
#390 = CIRCLE('',#391,1.5E-02);
#391 = AXIS2_PLACEMENT_3D('',#392,#393,#394);
#392 = CARTESIAN_POINT('',(-0.15,-0.12,0.27));
#393 = DIRECTION('',(-1.,0.,0.));
#394 = DIRECTION('',(0.,0.,1.));
#395 = ORIENTED_EDGE('',*,*,#396,.T.);
#396 = EDGE_CURVE('',#388,#397,#399,.T.);
#397 = VERTEX_POINT('',#398);
#398 = CARTESIAN_POINT('',(-0.15,0.12,0.285));
#399 = LINE('',#400,#401);
#400 = CARTESIAN_POINT('',(-0.15,-0.135,0.285));
#401 = VECTOR('',#402,1.);
#402 = DIRECTION('',(0.,1.,0.));
#403 = ORIENTED_EDGE('',*,*,#404,.F.);
#404 = EDGE_CURVE('',#405,#397,#407,.T.);
#405 = VERTEX_POINT('',#406);
#406 = CARTESIAN_POINT('',(-0.15,0.135,0.27));
#407 = CIRCLE('',#408,1.5E-02);
#408 = AXIS2_PLACEMENT_3D('',#409,#410,#411);
#409 = CARTESIAN_POINT('',(-0.15,0.12,0.27));
#410 = DIRECTION('',(1.,0.,-0.));
#411 = DIRECTION('',(0.,0.,1.));
#412 = ORIENTED_EDGE('',*,*,#413,.F.);
#413 = EDGE_CURVE('',#414,#405,#416,.T.);
#414 = VERTEX_POINT('',#415);
#415 = CARTESIAN_POINT('',(-0.15,0.135,3.E-02));
#416 = LINE('',#417,#418);
#417 = CARTESIAN_POINT('',(-0.15,0.135,1.5E-02));
#418 = VECTOR('',#419,1.);
#419 = DIRECTION('',(0.,0.,1.));
#420 = ORIENTED_EDGE('',*,*,#421,.T.);
#421 = EDGE_CURVE('',#414,#422,#424,.T.);
#422 = VERTEX_POINT('',#423);
#423 = CARTESIAN_POINT('',(-0.15,0.12,1.5E-02));
#424 = CIRCLE('',#425,1.5E-02);
#425 = AXIS2_PLACEMENT_3D('',#426,#427,#428);
#426 = CARTESIAN_POINT('',(-0.15,0.12,3.E-02));
#427 = DIRECTION('',(-1.,0.,0.));
#428 = DIRECTION('',(0.,0.,1.));
#429 = ORIENTED_EDGE('',*,*,#430,.F.);
#430 = EDGE_CURVE('',#371,#422,#431,.T.);
#431 = LINE('',#432,#433);
#432 = CARTESIAN_POINT('',(-0.15,-0.135,1.5E-02));
#433 = VECTOR('',#434,1.);
#434 = DIRECTION('',(0.,1.,0.));
#435 = PLANE('',#436);
#436 = AXIS2_PLACEMENT_3D('',#437,#438,#439);
#437 = CARTESIAN_POINT('',(-0.15,-0.15,0.));
#438 = DIRECTION('',(1.,0.,0.));
#439 = DIRECTION('',(0.,0.,1.));
#440 = ADVANCED_FACE('',(#441),#467,.T.);
#441 = FACE_BOUND('',#442,.T.);
#442 = EDGE_LOOP('',(#443,#444,#452,#461));
#443 = ORIENTED_EDGE('',*,*,#368,.T.);
#444 = ORIENTED_EDGE('',*,*,#445,.T.);
#445 = EDGE_CURVE('',#371,#446,#448,.T.);
#446 = VERTEX_POINT('',#447);
#447 = CARTESIAN_POINT('',(0.15,-0.12,1.5E-02));
#448 = LINE('',#449,#450);
#449 = CARTESIAN_POINT('',(-0.15,-0.12,1.5E-02));
#450 = VECTOR('',#451,1.);
#451 = DIRECTION('',(1.,0.,0.));
#452 = ORIENTED_EDGE('',*,*,#453,.F.);
#453 = EDGE_CURVE('',#454,#446,#456,.T.);
#454 = VERTEX_POINT('',#455);
#455 = CARTESIAN_POINT('',(0.15,-0.135,3.E-02));
#456 = CIRCLE('',#457,1.5E-02);
#457 = AXIS2_PLACEMENT_3D('',#458,#459,#460);
#458 = CARTESIAN_POINT('',(0.15,-0.12,3.E-02));
#459 = DIRECTION('',(1.,0.,-0.));
#460 = DIRECTION('',(0.,0.,1.));
#461 = ORIENTED_EDGE('',*,*,#462,.F.);
#462 = EDGE_CURVE('',#369,#454,#463,.T.);
#463 = LINE('',#464,#465);
#464 = CARTESIAN_POINT('',(-0.15,-0.135,3.E-02));
#465 = VECTOR('',#466,1.);
#466 = DIRECTION('',(1.,0.,0.));
#467 = CYLINDRICAL_SURFACE('',#468,1.5E-02);
#468 = AXIS2_PLACEMENT_3D('',#469,#470,#471);
#469 = CARTESIAN_POINT('',(-0.15,-0.12,3.E-02));
#470 = DIRECTION('',(1.,0.,0.));
#471 = DIRECTION('',(0.,-1.,0.));
#472 = ADVANCED_FACE('',(#473),#491,.F.);
#473 = FACE_BOUND('',#474,.F.);
#474 = EDGE_LOOP('',(#475,#476,#477,#485));
#475 = ORIENTED_EDGE('',*,*,#430,.F.);
#476 = ORIENTED_EDGE('',*,*,#445,.T.);
#477 = ORIENTED_EDGE('',*,*,#478,.T.);
#478 = EDGE_CURVE('',#446,#479,#481,.T.);
#479 = VERTEX_POINT('',#480);
#480 = CARTESIAN_POINT('',(0.15,0.12,1.5E-02));
#481 = LINE('',#482,#483);
#482 = CARTESIAN_POINT('',(0.15,-0.135,1.5E-02));
#483 = VECTOR('',#484,1.);
#484 = DIRECTION('',(0.,1.,0.));
#485 = ORIENTED_EDGE('',*,*,#486,.F.);
#486 = EDGE_CURVE('',#422,#479,#487,.T.);
#487 = LINE('',#488,#489);
#488 = CARTESIAN_POINT('',(-0.15,0.12,1.5E-02));
#489 = VECTOR('',#490,1.);
#490 = DIRECTION('',(1.,0.,0.));
#491 = PLANE('',#492);
#492 = AXIS2_PLACEMENT_3D('',#493,#494,#495);
#493 = CARTESIAN_POINT('',(-0.15,-0.135,1.5E-02));
#494 = DIRECTION('',(0.,0.,1.));
#495 = DIRECTION('',(1.,0.,-0.));
#496 = ADVANCED_FACE('',(#497),#516,.T.);
#497 = FACE_BOUND('',#498,.T.);
#498 = EDGE_LOOP('',(#499,#507,#514,#515));
#499 = ORIENTED_EDGE('',*,*,#500,.T.);
#500 = EDGE_CURVE('',#414,#501,#503,.T.);
#501 = VERTEX_POINT('',#502);
#502 = CARTESIAN_POINT('',(0.15,0.135,3.E-02));
#503 = LINE('',#504,#505);
#504 = CARTESIAN_POINT('',(-0.15,0.135,3.E-02));
#505 = VECTOR('',#506,1.);
#506 = DIRECTION('',(1.,0.,0.));
#507 = ORIENTED_EDGE('',*,*,#508,.T.);
#508 = EDGE_CURVE('',#501,#479,#509,.T.);
#509 = CIRCLE('',#510,1.5E-02);
#510 = AXIS2_PLACEMENT_3D('',#511,#512,#513);
#511 = CARTESIAN_POINT('',(0.15,0.12,3.E-02));
#512 = DIRECTION('',(-1.,0.,0.));
#513 = DIRECTION('',(0.,0.,1.));
#514 = ORIENTED_EDGE('',*,*,#486,.F.);
#515 = ORIENTED_EDGE('',*,*,#421,.F.);
#516 = CYLINDRICAL_SURFACE('',#517,1.5E-02);
#517 = AXIS2_PLACEMENT_3D('',#518,#519,#520);
#518 = CARTESIAN_POINT('',(-0.15,0.12,3.E-02));
#519 = DIRECTION('',(1.,0.,0.));
#520 = DIRECTION('',(-0.,1.,0.));
#521 = ADVANCED_FACE('',(#522),#540,.T.);
#522 = FACE_BOUND('',#523,.T.);
#523 = EDGE_LOOP('',(#524,#532,#533,#534));
#524 = ORIENTED_EDGE('',*,*,#525,.F.);
#525 = EDGE_CURVE('',#501,#526,#528,.T.);
#526 = VERTEX_POINT('',#527);
#527 = CARTESIAN_POINT('',(0.15,0.135,0.27));
#528 = LINE('',#529,#530);
#529 = CARTESIAN_POINT('',(0.15,0.135,1.5E-02));
#530 = VECTOR('',#531,1.);
#531 = DIRECTION('',(0.,0.,1.));
#532 = ORIENTED_EDGE('',*,*,#500,.F.);
#533 = ORIENTED_EDGE('',*,*,#413,.T.);
#534 = ORIENTED_EDGE('',*,*,#535,.T.);
#535 = EDGE_CURVE('',#405,#526,#536,.T.);
#536 = LINE('',#537,#538);
#537 = CARTESIAN_POINT('',(-0.15,0.135,0.27));
#538 = VECTOR('',#539,1.);
#539 = DIRECTION('',(1.,0.,0.));
#540 = PLANE('',#541);
#541 = AXIS2_PLACEMENT_3D('',#542,#543,#544);
#542 = CARTESIAN_POINT('',(-0.15,0.135,1.5E-02));
#543 = DIRECTION('',(0.,1.,0.));
#544 = DIRECTION('',(0.,-0.,1.));
#545 = ADVANCED_FACE('',(#546),#565,.T.);
#546 = FACE_BOUND('',#547,.T.);
#547 = EDGE_LOOP('',(#548,#549,#557,#564));
#548 = ORIENTED_EDGE('',*,*,#404,.T.);
#549 = ORIENTED_EDGE('',*,*,#550,.T.);
#550 = EDGE_CURVE('',#397,#551,#553,.T.);
#551 = VERTEX_POINT('',#552);
#552 = CARTESIAN_POINT('',(0.15,0.12,0.285));
#553 = LINE('',#554,#555);
#554 = CARTESIAN_POINT('',(-0.15,0.12,0.285));
#555 = VECTOR('',#556,1.);
#556 = DIRECTION('',(1.,0.,0.));
#557 = ORIENTED_EDGE('',*,*,#558,.F.);
#558 = EDGE_CURVE('',#526,#551,#559,.T.);
#559 = CIRCLE('',#560,1.5E-02);
#560 = AXIS2_PLACEMENT_3D('',#561,#562,#563);
#561 = CARTESIAN_POINT('',(0.15,0.12,0.27));
#562 = DIRECTION('',(1.,0.,-0.));
#563 = DIRECTION('',(0.,0.,1.));
#564 = ORIENTED_EDGE('',*,*,#535,.F.);
#565 = CYLINDRICAL_SURFACE('',#566,1.5E-02);
#566 = AXIS2_PLACEMENT_3D('',#567,#568,#569);
#567 = CARTESIAN_POINT('',(-0.15,0.12,0.27));
#568 = DIRECTION('',(1.,0.,0.));
#569 = DIRECTION('',(-0.,1.,0.));
#570 = ADVANCED_FACE('',(#571),#589,.T.);
#571 = FACE_BOUND('',#572,.T.);
#572 = EDGE_LOOP('',(#573,#574,#582,#588));
#573 = ORIENTED_EDGE('',*,*,#396,.F.);
#574 = ORIENTED_EDGE('',*,*,#575,.T.);
#575 = EDGE_CURVE('',#388,#576,#578,.T.);
#576 = VERTEX_POINT('',#577);
#577 = CARTESIAN_POINT('',(0.15,-0.12,0.285));
#578 = LINE('',#579,#580);
#579 = CARTESIAN_POINT('',(-0.15,-0.12,0.285));
#580 = VECTOR('',#581,1.);
#581 = DIRECTION('',(1.,0.,0.));
#582 = ORIENTED_EDGE('',*,*,#583,.T.);
#583 = EDGE_CURVE('',#576,#551,#584,.T.);
#584 = LINE('',#585,#586);
#585 = CARTESIAN_POINT('',(0.15,-0.135,0.285));
#586 = VECTOR('',#587,1.);
#587 = DIRECTION('',(0.,1.,0.));
#588 = ORIENTED_EDGE('',*,*,#550,.F.);
#589 = PLANE('',#590);
#590 = AXIS2_PLACEMENT_3D('',#591,#592,#593);
#591 = CARTESIAN_POINT('',(-0.15,-0.135,0.285));
#592 = DIRECTION('',(0.,0.,1.));
#593 = DIRECTION('',(1.,0.,-0.));
#594 = ADVANCED_FACE('',(#595),#614,.T.);
#595 = FACE_BOUND('',#596,.T.);
#596 = EDGE_LOOP('',(#597,#605,#612,#613));
#597 = ORIENTED_EDGE('',*,*,#598,.T.);
#598 = EDGE_CURVE('',#380,#599,#601,.T.);
#599 = VERTEX_POINT('',#600);
#600 = CARTESIAN_POINT('',(0.15,-0.135,0.27));
#601 = LINE('',#602,#603);
#602 = CARTESIAN_POINT('',(-0.15,-0.135,0.27));
#603 = VECTOR('',#604,1.);
#604 = DIRECTION('',(1.,0.,0.));
#605 = ORIENTED_EDGE('',*,*,#606,.T.);
#606 = EDGE_CURVE('',#599,#576,#607,.T.);
#607 = CIRCLE('',#608,1.5E-02);
#608 = AXIS2_PLACEMENT_3D('',#609,#610,#611);
#609 = CARTESIAN_POINT('',(0.15,-0.12,0.27));
#610 = DIRECTION('',(-1.,0.,0.));
#611 = DIRECTION('',(0.,0.,1.));
#612 = ORIENTED_EDGE('',*,*,#575,.F.);
#613 = ORIENTED_EDGE('',*,*,#387,.F.);
#614 = CYLINDRICAL_SURFACE('',#615,1.5E-02);
#615 = AXIS2_PLACEMENT_3D('',#616,#617,#618);
#616 = CARTESIAN_POINT('',(-0.15,-0.12,0.27));
#617 = DIRECTION('',(1.,0.,0.));
#618 = DIRECTION('',(0.,-1.,0.));
#619 = ADVANCED_FACE('',(#620),#631,.F.);
#620 = FACE_BOUND('',#621,.F.);
#621 = EDGE_LOOP('',(#622,#628,#629,#630));
#622 = ORIENTED_EDGE('',*,*,#623,.F.);
#623 = EDGE_CURVE('',#454,#599,#624,.T.);
#624 = LINE('',#625,#626);
#625 = CARTESIAN_POINT('',(0.15,-0.135,1.5E-02));
#626 = VECTOR('',#627,1.);
#627 = DIRECTION('',(0.,0.,1.));
#628 = ORIENTED_EDGE('',*,*,#462,.F.);
#629 = ORIENTED_EDGE('',*,*,#379,.T.);
#630 = ORIENTED_EDGE('',*,*,#598,.T.);
#631 = PLANE('',#632);
#632 = AXIS2_PLACEMENT_3D('',#633,#634,#635);
#633 = CARTESIAN_POINT('',(-0.15,-0.135,1.5E-02));
#634 = DIRECTION('',(0.,1.,0.));
#635 = DIRECTION('',(0.,-0.,1.));
#636 = ADVANCED_FACE('',(#637,#707),#717,.F.);
#637 = FACE_BOUND('',#638,.F.);
#638 = EDGE_LOOP('',(#639,#649,#658,#666,#675,#683,#692,#700));
#639 = ORIENTED_EDGE('',*,*,#640,.F.);
#640 = EDGE_CURVE('',#641,#643,#645,.T.);
#641 = VERTEX_POINT('',#642);
#642 = CARTESIAN_POINT('',(0.15,-0.15,1.5E-02));
#643 = VERTEX_POINT('',#644);
#644 = CARTESIAN_POINT('',(0.15,-0.15,0.285));
#645 = LINE('',#646,#647);
#646 = CARTESIAN_POINT('',(0.15,-0.15,0.));
#647 = VECTOR('',#648,1.);
#648 = DIRECTION('',(0.,0.,1.));
#649 = ORIENTED_EDGE('',*,*,#650,.T.);
#650 = EDGE_CURVE('',#641,#651,#653,.T.);
#651 = VERTEX_POINT('',#652);
#652 = CARTESIAN_POINT('',(0.15,-0.135,-2.775557561563E-17));
#653 = CIRCLE('',#654,1.5E-02);
#654 = AXIS2_PLACEMENT_3D('',#655,#656,#657);
#655 = CARTESIAN_POINT('',(0.15,-0.135,1.5E-02));
#656 = DIRECTION('',(1.,0.,-0.));
#657 = DIRECTION('',(0.,0.,1.));
#658 = ORIENTED_EDGE('',*,*,#659,.T.);
#659 = EDGE_CURVE('',#651,#660,#662,.T.);
#660 = VERTEX_POINT('',#661);
#661 = CARTESIAN_POINT('',(0.15,0.135,-2.775557561563E-17));
#662 = LINE('',#663,#664);
#663 = CARTESIAN_POINT('',(0.15,-0.15,0.));
#664 = VECTOR('',#665,1.);
#665 = DIRECTION('',(0.,1.,0.));
#666 = ORIENTED_EDGE('',*,*,#667,.F.);
#667 = EDGE_CURVE('',#668,#660,#670,.T.);
#668 = VERTEX_POINT('',#669);
#669 = CARTESIAN_POINT('',(0.15,0.15,1.5E-02));
#670 = CIRCLE('',#671,1.5E-02);
#671 = AXIS2_PLACEMENT_3D('',#672,#673,#674);
#672 = CARTESIAN_POINT('',(0.15,0.135,1.5E-02));
#673 = DIRECTION('',(-1.,0.,0.));
#674 = DIRECTION('',(0.,0.,1.));
#675 = ORIENTED_EDGE('',*,*,#676,.T.);
#676 = EDGE_CURVE('',#668,#677,#679,.T.);
#677 = VERTEX_POINT('',#678);
#678 = CARTESIAN_POINT('',(0.15,0.15,0.285));
#679 = LINE('',#680,#681);
#680 = CARTESIAN_POINT('',(0.15,0.15,0.));
#681 = VECTOR('',#682,1.);
#682 = DIRECTION('',(0.,0.,1.));
#683 = ORIENTED_EDGE('',*,*,#684,.T.);
#684 = EDGE_CURVE('',#677,#685,#687,.T.);
#685 = VERTEX_POINT('',#686);
#686 = CARTESIAN_POINT('',(0.15,0.135,0.3));
#687 = CIRCLE('',#688,1.5E-02);
#688 = AXIS2_PLACEMENT_3D('',#689,#690,#691);
#689 = CARTESIAN_POINT('',(0.15,0.135,0.285));
#690 = DIRECTION('',(1.,0.,-0.));
#691 = DIRECTION('',(0.,0.,1.));
#692 = ORIENTED_EDGE('',*,*,#693,.F.);
#693 = EDGE_CURVE('',#694,#685,#696,.T.);
#694 = VERTEX_POINT('',#695);
#695 = CARTESIAN_POINT('',(0.15,-0.135,0.3));
#696 = LINE('',#697,#698);
#697 = CARTESIAN_POINT('',(0.15,-0.15,0.3));
#698 = VECTOR('',#699,1.);
#699 = DIRECTION('',(0.,1.,0.));
#700 = ORIENTED_EDGE('',*,*,#701,.F.);
#701 = EDGE_CURVE('',#643,#694,#702,.T.);
#702 = CIRCLE('',#703,1.5E-02);
#703 = AXIS2_PLACEMENT_3D('',#704,#705,#706);
#704 = CARTESIAN_POINT('',(0.15,-0.135,0.285));
#705 = DIRECTION('',(-1.,0.,0.));
#706 = DIRECTION('',(0.,0.,1.));
#707 = FACE_BOUND('',#708,.F.);
#708 = EDGE_LOOP('',(#709,#710,#711,#712,#713,#714,#715,#716));
#709 = ORIENTED_EDGE('',*,*,#453,.F.);
#710 = ORIENTED_EDGE('',*,*,#623,.T.);
#711 = ORIENTED_EDGE('',*,*,#606,.T.);
#712 = ORIENTED_EDGE('',*,*,#583,.T.);
#713 = ORIENTED_EDGE('',*,*,#558,.F.);
#714 = ORIENTED_EDGE('',*,*,#525,.F.);
#715 = ORIENTED_EDGE('',*,*,#508,.T.);
#716 = ORIENTED_EDGE('',*,*,#478,.F.);
#717 = PLANE('',#718);
#718 = AXIS2_PLACEMENT_3D('',#719,#720,#721);
#719 = CARTESIAN_POINT('',(0.15,-0.15,0.));
#720 = DIRECTION('',(1.,0.,0.));
#721 = DIRECTION('',(0.,0.,1.));
#722 = ADVANCED_FACE('',(#723),#748,.F.);
#723 = FACE_BOUND('',#724,.F.);
#724 = EDGE_LOOP('',(#725,#735,#741,#742));
#725 = ORIENTED_EDGE('',*,*,#726,.F.);
#726 = EDGE_CURVE('',#727,#729,#731,.T.);
#727 = VERTEX_POINT('',#728);
#728 = CARTESIAN_POINT('',(0.3,-0.15,1.5E-02));
#729 = VERTEX_POINT('',#730);
#730 = CARTESIAN_POINT('',(0.3,-0.15,0.285));
#731 = LINE('',#732,#733);
#732 = CARTESIAN_POINT('',(0.3,-0.15,0.));
#733 = VECTOR('',#734,1.);
#734 = DIRECTION('',(0.,0.,1.));
#735 = ORIENTED_EDGE('',*,*,#736,.F.);
#736 = EDGE_CURVE('',#641,#727,#737,.T.);
#737 = LINE('',#738,#739);
#738 = CARTESIAN_POINT('',(0.15,-0.15,1.5E-02));
#739 = VECTOR('',#740,1.);
#740 = DIRECTION('',(1.,0.,0.));
#741 = ORIENTED_EDGE('',*,*,#640,.T.);
#742 = ORIENTED_EDGE('',*,*,#743,.T.);
#743 = EDGE_CURVE('',#643,#729,#744,.T.);
#744 = LINE('',#745,#746);
#745 = CARTESIAN_POINT('',(0.15,-0.15,0.285));
#746 = VECTOR('',#747,1.);
#747 = DIRECTION('',(1.,0.,0.));
#748 = PLANE('',#749);
#749 = AXIS2_PLACEMENT_3D('',#750,#751,#752);
#750 = CARTESIAN_POINT('',(0.15,-0.15,0.));
#751 = DIRECTION('',(0.,1.,0.));
#752 = DIRECTION('',(0.,-0.,1.));
#753 = ADVANCED_FACE('',(#754),#773,.T.);
#754 = FACE_BOUND('',#755,.T.);
#755 = EDGE_LOOP('',(#756,#757,#765,#772));
#756 = ORIENTED_EDGE('',*,*,#650,.T.);
#757 = ORIENTED_EDGE('',*,*,#758,.T.);
#758 = EDGE_CURVE('',#651,#759,#761,.T.);
#759 = VERTEX_POINT('',#760);
#760 = CARTESIAN_POINT('',(0.3,-0.135,-2.775557561563E-17));
#761 = LINE('',#762,#763);
#762 = CARTESIAN_POINT('',(0.15,-0.135,-2.775557561563E-17));
#763 = VECTOR('',#764,1.);
#764 = DIRECTION('',(1.,0.,0.));
#765 = ORIENTED_EDGE('',*,*,#766,.F.);
#766 = EDGE_CURVE('',#727,#759,#767,.T.);
#767 = CIRCLE('',#768,1.5E-02);
#768 = AXIS2_PLACEMENT_3D('',#769,#770,#771);
#769 = CARTESIAN_POINT('',(0.3,-0.135,1.5E-02));
#770 = DIRECTION('',(1.,0.,-0.));
#771 = DIRECTION('',(0.,0.,1.));
#772 = ORIENTED_EDGE('',*,*,#736,.F.);
#773 = CYLINDRICAL_SURFACE('',#774,1.5E-02);
#774 = AXIS2_PLACEMENT_3D('',#775,#776,#777);
#775 = CARTESIAN_POINT('',(0.15,-0.135,1.5E-02));
#776 = DIRECTION('',(1.,0.,0.));
#777 = DIRECTION('',(0.,-1.,0.));
#778 = ADVANCED_FACE('',(#779),#798,.T.);
#779 = FACE_BOUND('',#780,.T.);
#780 = EDGE_LOOP('',(#781,#782,#791,#797));
#781 = ORIENTED_EDGE('',*,*,#743,.T.);
#782 = ORIENTED_EDGE('',*,*,#783,.T.);
#783 = EDGE_CURVE('',#729,#784,#786,.T.);
#784 = VERTEX_POINT('',#785);
#785 = CARTESIAN_POINT('',(0.3,-0.135,0.3));
#786 = CIRCLE('',#787,1.5E-02);
#787 = AXIS2_PLACEMENT_3D('',#788,#789,#790);
#788 = CARTESIAN_POINT('',(0.3,-0.135,0.285));
#789 = DIRECTION('',(-1.,0.,0.));
#790 = DIRECTION('',(0.,0.,1.));
#791 = ORIENTED_EDGE('',*,*,#792,.F.);
#792 = EDGE_CURVE('',#694,#784,#793,.T.);
#793 = LINE('',#794,#795);
#794 = CARTESIAN_POINT('',(0.15,-0.135,0.3));
#795 = VECTOR('',#796,1.);
#796 = DIRECTION('',(1.,0.,0.));
#797 = ORIENTED_EDGE('',*,*,#701,.F.);
#798 = CYLINDRICAL_SURFACE('',#799,1.5E-02);
#799 = AXIS2_PLACEMENT_3D('',#800,#801,#802);
#800 = CARTESIAN_POINT('',(0.15,-0.135,0.285));
#801 = DIRECTION('',(1.,0.,0.));
#802 = DIRECTION('',(0.,-1.,0.));
#803 = ADVANCED_FACE('',(#804),#822,.F.);
#804 = FACE_BOUND('',#805,.F.);
#805 = EDGE_LOOP('',(#806,#807,#808,#816));
#806 = ORIENTED_EDGE('',*,*,#659,.F.);
#807 = ORIENTED_EDGE('',*,*,#758,.T.);
#808 = ORIENTED_EDGE('',*,*,#809,.T.);
#809 = EDGE_CURVE('',#759,#810,#812,.T.);
#810 = VERTEX_POINT('',#811);
#811 = CARTESIAN_POINT('',(0.3,0.135,-2.775557561563E-17));
#812 = LINE('',#813,#814);
#813 = CARTESIAN_POINT('',(0.3,-0.15,0.));
#814 = VECTOR('',#815,1.);
#815 = DIRECTION('',(0.,1.,0.));
#816 = ORIENTED_EDGE('',*,*,#817,.F.);
#817 = EDGE_CURVE('',#660,#810,#818,.T.);
#818 = LINE('',#819,#820);
#819 = CARTESIAN_POINT('',(0.15,0.135,-2.775557561563E-17));
#820 = VECTOR('',#821,1.);
#821 = DIRECTION('',(1.,0.,0.));
#822 = PLANE('',#823);
#823 = AXIS2_PLACEMENT_3D('',#824,#825,#826);
#824 = CARTESIAN_POINT('',(0.15,-0.15,0.));
#825 = DIRECTION('',(0.,0.,1.));
#826 = DIRECTION('',(1.,0.,-0.));
#827 = ADVANCED_FACE('',(#828),#846,.T.);
#828 = FACE_BOUND('',#829,.T.);
#829 = EDGE_LOOP('',(#830,#831,#832,#840));
#830 = ORIENTED_EDGE('',*,*,#693,.F.);
#831 = ORIENTED_EDGE('',*,*,#792,.T.);
#832 = ORIENTED_EDGE('',*,*,#833,.T.);
#833 = EDGE_CURVE('',#784,#834,#836,.T.);
#834 = VERTEX_POINT('',#835);
#835 = CARTESIAN_POINT('',(0.3,0.135,0.3));
#836 = LINE('',#837,#838);
#837 = CARTESIAN_POINT('',(0.3,-0.15,0.3));
#838 = VECTOR('',#839,1.);
#839 = DIRECTION('',(0.,1.,0.));
#840 = ORIENTED_EDGE('',*,*,#841,.F.);
#841 = EDGE_CURVE('',#685,#834,#842,.T.);
#842 = LINE('',#843,#844);
#843 = CARTESIAN_POINT('',(0.15,0.135,0.3));
#844 = VECTOR('',#845,1.);
#845 = DIRECTION('',(1.,0.,0.));
#846 = PLANE('',#847);
#847 = AXIS2_PLACEMENT_3D('',#848,#849,#850);
#848 = CARTESIAN_POINT('',(0.15,-0.15,0.3));
#849 = DIRECTION('',(0.,0.,1.));
#850 = DIRECTION('',(1.,0.,-0.));
#851 = ADVANCED_FACE('',(#852),#871,.T.);
#852 = FACE_BOUND('',#853,.T.);
#853 = EDGE_LOOP('',(#854,#862,#869,#870));
#854 = ORIENTED_EDGE('',*,*,#855,.T.);
#855 = EDGE_CURVE('',#668,#856,#858,.T.);
#856 = VERTEX_POINT('',#857);
#857 = CARTESIAN_POINT('',(0.3,0.15,1.5E-02));
#858 = LINE('',#859,#860);
#859 = CARTESIAN_POINT('',(0.15,0.15,1.5E-02));
#860 = VECTOR('',#861,1.);
#861 = DIRECTION('',(1.,0.,0.));
#862 = ORIENTED_EDGE('',*,*,#863,.T.);
#863 = EDGE_CURVE('',#856,#810,#864,.T.);
#864 = CIRCLE('',#865,1.5E-02);
#865 = AXIS2_PLACEMENT_3D('',#866,#867,#868);
#866 = CARTESIAN_POINT('',(0.3,0.135,1.5E-02));
#867 = DIRECTION('',(-1.,0.,0.));
#868 = DIRECTION('',(0.,0.,1.));
#869 = ORIENTED_EDGE('',*,*,#817,.F.);
#870 = ORIENTED_EDGE('',*,*,#667,.F.);
#871 = CYLINDRICAL_SURFACE('',#872,1.5E-02);
#872 = AXIS2_PLACEMENT_3D('',#873,#874,#875);
#873 = CARTESIAN_POINT('',(0.15,0.135,1.5E-02));
#874 = DIRECTION('',(1.,0.,0.));
#875 = DIRECTION('',(-0.,1.,0.));
#876 = ADVANCED_FACE('',(#877),#896,.T.);
#877 = FACE_BOUND('',#878,.T.);
#878 = EDGE_LOOP('',(#879,#880,#881,#890));
#879 = ORIENTED_EDGE('',*,*,#684,.T.);
#880 = ORIENTED_EDGE('',*,*,#841,.T.);
#881 = ORIENTED_EDGE('',*,*,#882,.F.);
#882 = EDGE_CURVE('',#883,#834,#885,.T.);
#883 = VERTEX_POINT('',#884);
#884 = CARTESIAN_POINT('',(0.3,0.15,0.285));
#885 = CIRCLE('',#886,1.5E-02);
#886 = AXIS2_PLACEMENT_3D('',#887,#888,#889);
#887 = CARTESIAN_POINT('',(0.3,0.135,0.285));
#888 = DIRECTION('',(1.,0.,-0.));
#889 = DIRECTION('',(0.,0.,1.));
#890 = ORIENTED_EDGE('',*,*,#891,.F.);
#891 = EDGE_CURVE('',#677,#883,#892,.T.);
#892 = LINE('',#893,#894);
#893 = CARTESIAN_POINT('',(0.15,0.15,0.285));
#894 = VECTOR('',#895,1.);
#895 = DIRECTION('',(1.,0.,0.));
#896 = CYLINDRICAL_SURFACE('',#897,1.5E-02);
#897 = AXIS2_PLACEMENT_3D('',#898,#899,#900);
#898 = CARTESIAN_POINT('',(0.15,0.135,0.285));
#899 = DIRECTION('',(1.,0.,0.));
#900 = DIRECTION('',(-0.,1.,0.));
#901 = ADVANCED_FACE('',(#902),#913,.T.);
#902 = FACE_BOUND('',#903,.T.);
#903 = EDGE_LOOP('',(#904,#910,#911,#912));
#904 = ORIENTED_EDGE('',*,*,#905,.F.);
#905 = EDGE_CURVE('',#856,#883,#906,.T.);
#906 = LINE('',#907,#908);
#907 = CARTESIAN_POINT('',(0.3,0.15,0.));
#908 = VECTOR('',#909,1.);
#909 = DIRECTION('',(0.,0.,1.));
#910 = ORIENTED_EDGE('',*,*,#855,.F.);
#911 = ORIENTED_EDGE('',*,*,#676,.T.);
#912 = ORIENTED_EDGE('',*,*,#891,.T.);
#913 = PLANE('',#914);
#914 = AXIS2_PLACEMENT_3D('',#915,#916,#917);
#915 = CARTESIAN_POINT('',(0.15,0.15,0.));
#916 = DIRECTION('',(0.,1.,0.));
#917 = DIRECTION('',(0.,-0.,1.));
#918 = ADVANCED_FACE('',(#919),#929,.T.);
#919 = FACE_BOUND('',#920,.T.);
#920 = EDGE_LOOP('',(#921,#922,#923,#924,#925,#926,#927,#928));
#921 = ORIENTED_EDGE('',*,*,#726,.F.);
#922 = ORIENTED_EDGE('',*,*,#766,.T.);
#923 = ORIENTED_EDGE('',*,*,#809,.T.);
#924 = ORIENTED_EDGE('',*,*,#863,.F.);
#925 = ORIENTED_EDGE('',*,*,#905,.T.);
#926 = ORIENTED_EDGE('',*,*,#882,.T.);
#927 = ORIENTED_EDGE('',*,*,#833,.F.);
#928 = ORIENTED_EDGE('',*,*,#783,.F.);
#929 = PLANE('',#930);
#930 = AXIS2_PLACEMENT_3D('',#931,#932,#933);
#931 = CARTESIAN_POINT('',(0.3,-0.15,0.));
#932 = DIRECTION('',(1.,0.,0.));
#933 = DIRECTION('',(0.,0.,1.));
#934 = ( GEOMETRIC_REPRESENTATION_CONTEXT(3) 
GLOBAL_UNCERTAINTY_ASSIGNED_CONTEXT((#938)) GLOBAL_UNIT_ASSIGNED_CONTEXT
((#935,#936,#937)) REPRESENTATION_CONTEXT('Context #1',
  '3D Context with UNIT and UNCERTAINTY') );
#935 = ( LENGTH_UNIT() NAMED_UNIT(*) SI_UNIT(.MILLI.,.METRE.) );
#936 = ( NAMED_UNIT(*) PLANE_ANGLE_UNIT() SI_UNIT($,.RADIAN.) );
#937 = ( NAMED_UNIT(*) SI_UNIT($,.STERADIAN.) SOLID_ANGLE_UNIT() );
#938 = UNCERTAINTY_MEASURE_WITH_UNIT(LENGTH_MEASURE(1.E-07),#935,
  'distance_accuracy_value','confusion accuracy');
#939 = CONTEXT_DEPENDENT_SHAPE_REPRESENTATION(#940,#942);
#940 = ( REPRESENTATION_RELATIONSHIP('','',#79,#56) 
REPRESENTATION_RELATIONSHIP_WITH_TRANSFORMATION(#941) 
SHAPE_REPRESENTATION_RELATIONSHIP() );
#941 = ITEM_DEFINED_TRANSFORMATION('','',#11,#57);
#942 = PRODUCT_DEFINITION_SHAPE('Placement','Placement of an item',#943
  );
#943 = NEXT_ASSEMBLY_USAGE_OCCURRENCE('1','=>[0:1:1:3]','',#51,#74,$);
#944 = PRODUCT_RELATED_PRODUCT_CATEGORY('part',$,(#76));
#945 = CONTEXT_DEPENDENT_SHAPE_REPRESENTATION(#946,#948);
#946 = ( REPRESENTATION_RELATIONSHIP('','',#56,#10) 
REPRESENTATION_RELATIONSHIP_WITH_TRANSFORMATION(#947) 
SHAPE_REPRESENTATION_RELATIONSHIP() );
#947 = ITEM_DEFINED_TRANSFORMATION('','',#11,#19);
#948 = PRODUCT_DEFINITION_SHAPE('Placement','Placement of an item',#949
  );
#949 = NEXT_ASSEMBLY_USAGE_OCCURRENCE('3','C5','',#5,#51,$);
#950 = CONTEXT_DEPENDENT_SHAPE_REPRESENTATION(#951,#953);
#951 = ( REPRESENTATION_RELATIONSHIP('','',#56,#10) 
REPRESENTATION_RELATIONSHIP_WITH_TRANSFORMATION(#952) 
SHAPE_REPRESENTATION_RELATIONSHIP() );
#952 = ITEM_DEFINED_TRANSFORMATION('','',#11,#23);
#953 = PRODUCT_DEFINITION_SHAPE('Placement','Placement of an item',#954
  );
#954 = NEXT_ASSEMBLY_USAGE_OCCURRENCE('4','C3','',#5,#51,$);
#955 = CONTEXT_DEPENDENT_SHAPE_REPRESENTATION(#956,#958);
#956 = ( REPRESENTATION_RELATIONSHIP('','',#56,#10) 
REPRESENTATION_RELATIONSHIP_WITH_TRANSFORMATION(#957) 
SHAPE_REPRESENTATION_RELATIONSHIP() );
#957 = ITEM_DEFINED_TRANSFORMATION('','',#11,#27);
#958 = PRODUCT_DEFINITION_SHAPE('Placement','Placement of an item',#959
  );
#959 = NEXT_ASSEMBLY_USAGE_OCCURRENCE('5','C2','',#5,#51,$);
#960 = SHAPE_DEFINITION_REPRESENTATION(#961,#967);
#961 = PRODUCT_DEFINITION_SHAPE('','',#962);
#962 = PRODUCT_DEFINITION('design','',#963,#966);
#963 = PRODUCT_DEFINITION_FORMATION('','',#964);
#964 = PRODUCT('SOIC-8_3.9x4.9mm_P1.27mm','SOIC-8_3.9x4.9mm_P1.27mm','',
  (#965));
#965 = PRODUCT_CONTEXT('',#2,'mechanical');
#966 = PRODUCT_DEFINITION_CONTEXT('part definition',#2,'design');
#967 = SHAPE_REPRESENTATION('',(#11,#968),#972);
#968 = AXIS2_PLACEMENT_3D('',#969,#970,#971);
#969 = CARTESIAN_POINT('',(0.,0.,0.));
#970 = DIRECTION('',(0.,0.,1.));
#971 = DIRECTION('',(1.,0.,-0.));
#972 = ( GEOMETRIC_REPRESENTATION_CONTEXT(3) 
GLOBAL_UNCERTAINTY_ASSIGNED_CONTEXT((#976)) GLOBAL_UNIT_ASSIGNED_CONTEXT
((#973,#974,#975)) REPRESENTATION_CONTEXT('Context #1',
  '3D Context with UNIT and UNCERTAINTY') );
#973 = ( LENGTH_UNIT() NAMED_UNIT(*) SI_UNIT(.MILLI.,.METRE.) );
#974 = ( NAMED_UNIT(*) PLANE_ANGLE_UNIT() SI_UNIT($,.RADIAN.) );
#975 = ( NAMED_UNIT(*) SI_UNIT($,.STERADIAN.) SOLID_ANGLE_UNIT() );
#976 = UNCERTAINTY_MEASURE_WITH_UNIT(LENGTH_MEASURE(2.E-06),#973,
  'distance_accuracy_value','confusion accuracy');
#977 = CONTEXT_DEPENDENT_SHAPE_REPRESENTATION(#978,#980);
#978 = ( REPRESENTATION_RELATIONSHIP('','',#967,#10) 
REPRESENTATION_RELATIONSHIP_WITH_TRANSFORMATION(#979) 
SHAPE_REPRESENTATION_RELATIONSHIP() );
#979 = ITEM_DEFINED_TRANSFORMATION('','',#11,#31);
#980 = PRODUCT_DEFINITION_SHAPE('Placement','Placement of an item',#981
  );
#981 = NEXT_ASSEMBLY_USAGE_OCCURRENCE('7','U1','',#5,#962,$);
#982 = PRODUCT_RELATED_PRODUCT_CATEGORY('part',$,(#964));
#983 = SHAPE_DEFINITION_REPRESENTATION(#984,#990);
#984 = PRODUCT_DEFINITION_SHAPE('','',#985);
#985 = PRODUCT_DEFINITION('design','',#986,#989);
#986 = PRODUCT_DEFINITION_FORMATION('','',#987);
#987 = PRODUCT('SOIC_8_39x49mm_P127mm','SOIC_8_39x49mm_P127mm','',(#988)
  );
#988 = PRODUCT_CONTEXT('',#2,'mechanical');
#989 = PRODUCT_DEFINITION_CONTEXT('part definition',#2,'design');
#990 = ADVANCED_BREP_SHAPE_REPRESENTATION('',(#11,#991),#5598);
#991 = MANIFOLD_SOLID_BREP('',#992);
#992 = CLOSED_SHELL('',(#993,#1035,#1066,#1097,#1181,#1265,#1358,#1375,
    #1398,#1436,#1453,#1470,#1487,#1504,#1521,#1533,#1557,#1620,#1643,
    #1666,#1696,#1727,#1758,#1789,#1820,#1851,#1874,#1897,#1983,#2000,
    #2092,#2115,#2138,#2161,#2248,#2265,#2288,#2380,#2401,#2493,#2510,
    #2602,#2624,#2649,#2733,#2825,#2842,#2864,#2887,#2910,#2933,#3000,
    #3023,#3042,#3061,#3080,#3097,#3114,#3131,#3148,#3165,#3182,#3199,
    #3211,#3234,#3257,#3281,#3311,#3342,#3373,#3404,#3435,#3466,#3497,
    #3528,#3545,#3561,#3578,#3595,#3612,#3629,#3646,#3663,#3680,#3692,
    #3709,#3726,#3743,#3760,#3777,#3794,#3811,#3823,#3846,#3862,#3885,
    #3972,#3995,#4012,#4037,#4053,#4069,#4086,#4178,#4270,#4291,#4316,
    #4400,#4492,#4509,#4531,#4623,#4715,#4737,#4762,#4846,#4938,#4955,
    #4977,#4989,#5008,#5027,#5046,#5065,#5074,#5091,#5108,#5125,#5142,
    #5159,#5176,#5193,#5205,#5222,#5239,#5256,#5273,#5290,#5307,#5324,
    #5336,#5353,#5370,#5387,#5404,#5421,#5438,#5455,#5467,#5484,#5501,
    #5518,#5535,#5552,#5569,#5586));
#993 = ADVANCED_FACE('',(#994),#1030,.F.);
#994 = FACE_BOUND('',#995,.F.);
#995 = EDGE_LOOP('',(#996,#1006,#1015,#1023));
#996 = ORIENTED_EDGE('',*,*,#997,.T.);
#997 = EDGE_CURVE('',#998,#1000,#1002,.T.);
#998 = VERTEX_POINT('',#999);
#999 = CARTESIAN_POINT('',(2.25,2.11,0.825));
#1000 = VERTEX_POINT('',#1001);
#1001 = CARTESIAN_POINT('',(2.25,1.7,0.825));
#1002 = LINE('',#1003,#1004);
#1003 = CARTESIAN_POINT('',(2.25,2.11,0.825));
#1004 = VECTOR('',#1005,1.);
#1005 = DIRECTION('',(2.22044604925E-16,-1.,0.));
#1006 = ORIENTED_EDGE('',*,*,#1007,.T.);
#1007 = EDGE_CURVE('',#1000,#1008,#1010,.T.);
#1008 = VERTEX_POINT('',#1009);
#1009 = CARTESIAN_POINT('',(2.35,1.7,0.725));
#1010 = CIRCLE('',#1011,0.1);
#1011 = AXIS2_PLACEMENT_3D('',#1012,#1013,#1014);
#1012 = CARTESIAN_POINT('',(2.25,1.7,0.725));
#1013 = DIRECTION('',(-2.22044604925E-16,1.,0.));
#1014 = DIRECTION('',(4.440892098501E-15,9.860761315262E-31,1.));
#1015 = ORIENTED_EDGE('',*,*,#1016,.F.);
#1016 = EDGE_CURVE('',#1017,#1008,#1019,.T.);
#1017 = VERTEX_POINT('',#1018);
#1018 = CARTESIAN_POINT('',(2.35,2.11,0.725));
#1019 = LINE('',#1020,#1021);
#1020 = CARTESIAN_POINT('',(2.35,2.11,0.725));
#1021 = VECTOR('',#1022,1.);
#1022 = DIRECTION('',(2.22044604925E-16,-1.,0.));
#1023 = ORIENTED_EDGE('',*,*,#1024,.F.);
#1024 = EDGE_CURVE('',#998,#1017,#1025,.T.);
#1025 = CIRCLE('',#1026,0.1);
#1026 = AXIS2_PLACEMENT_3D('',#1027,#1028,#1029);
#1027 = CARTESIAN_POINT('',(2.25,2.11,0.725));
#1028 = DIRECTION('',(-2.22044604925E-16,1.,0.));
#1029 = DIRECTION('',(4.440892098501E-15,9.860761315262E-31,1.));
#1030 = CYLINDRICAL_SURFACE('',#1031,0.1);
#1031 = AXIS2_PLACEMENT_3D('',#1032,#1033,#1034);
#1032 = CARTESIAN_POINT('',(2.25,2.11,0.725));
#1033 = DIRECTION('',(-2.22044604925E-16,1.,0.));
#1034 = DIRECTION('',(4.440892098501E-15,9.860761315262E-31,1.));
#1035 = ADVANCED_FACE('',(#1036),#1061,.F.);
#1036 = FACE_BOUND('',#1037,.F.);
#1037 = EDGE_LOOP('',(#1038,#1046,#1054,#1060));
#1038 = ORIENTED_EDGE('',*,*,#1039,.F.);
#1039 = EDGE_CURVE('',#1040,#998,#1042,.T.);
#1040 = VERTEX_POINT('',#1041);
#1041 = CARTESIAN_POINT('',(1.95,2.11,0.825));
#1042 = LINE('',#1043,#1044);
#1043 = CARTESIAN_POINT('',(1.8,2.11,0.825));
#1044 = VECTOR('',#1045,1.);
#1045 = DIRECTION('',(1.,2.22044604925E-16,0.));
#1046 = ORIENTED_EDGE('',*,*,#1047,.T.);
#1047 = EDGE_CURVE('',#1040,#1048,#1050,.T.);
#1048 = VERTEX_POINT('',#1049);
#1049 = CARTESIAN_POINT('',(1.95,1.7,0.825));
#1050 = LINE('',#1051,#1052);
#1051 = CARTESIAN_POINT('',(1.95,2.275,0.825));
#1052 = VECTOR('',#1053,1.);
#1053 = DIRECTION('',(2.22044604925E-16,-1.,0.));
#1054 = ORIENTED_EDGE('',*,*,#1055,.T.);
#1055 = EDGE_CURVE('',#1048,#1000,#1056,.T.);
#1056 = LINE('',#1057,#1058);
#1057 = CARTESIAN_POINT('',(1.8,1.7,0.825));
#1058 = VECTOR('',#1059,1.);
#1059 = DIRECTION('',(1.,2.22044604925E-16,0.));
#1060 = ORIENTED_EDGE('',*,*,#997,.F.);
#1061 = PLANE('',#1062);
#1062 = AXIS2_PLACEMENT_3D('',#1063,#1064,#1065);
#1063 = CARTESIAN_POINT('',(1.8,2.11,0.825));
#1064 = DIRECTION('',(0.,0.,1.));
#1065 = DIRECTION('',(1.,2.22044604925E-16,-0.));
#1066 = ADVANCED_FACE('',(#1067),#1092,.F.);
#1067 = FACE_BOUND('',#1068,.F.);
#1068 = EDGE_LOOP('',(#1069,#1070,#1078,#1086));
#1069 = ORIENTED_EDGE('',*,*,#1016,.T.);
#1070 = ORIENTED_EDGE('',*,*,#1071,.T.);
#1071 = EDGE_CURVE('',#1008,#1072,#1074,.T.);
#1072 = VERTEX_POINT('',#1073);
#1073 = CARTESIAN_POINT('',(2.35,1.7,0.3));
#1074 = LINE('',#1075,#1076);
#1075 = CARTESIAN_POINT('',(2.35,1.7,0.725));
#1076 = VECTOR('',#1077,1.);
#1077 = DIRECTION('',(1.044915787883E-15,2.320179133003E-31,-1.));
#1078 = ORIENTED_EDGE('',*,*,#1079,.F.);
#1079 = EDGE_CURVE('',#1080,#1072,#1082,.T.);
#1080 = VERTEX_POINT('',#1081);
#1081 = CARTESIAN_POINT('',(2.35,2.11,0.3));
#1082 = LINE('',#1083,#1084);
#1083 = CARTESIAN_POINT('',(2.35,2.11,0.3));
#1084 = VECTOR('',#1085,1.);
#1085 = DIRECTION('',(2.22044604925E-16,-1.,0.));
#1086 = ORIENTED_EDGE('',*,*,#1087,.F.);
#1087 = EDGE_CURVE('',#1017,#1080,#1088,.T.);
#1088 = LINE('',#1089,#1090);
#1089 = CARTESIAN_POINT('',(2.35,2.11,0.725));
#1090 = VECTOR('',#1091,1.);
#1091 = DIRECTION('',(1.044915787883E-15,2.320179133003E-31,-1.));
#1092 = PLANE('',#1093);
#1093 = AXIS2_PLACEMENT_3D('',#1094,#1095,#1096);
#1094 = CARTESIAN_POINT('',(2.35,2.11,0.725));
#1095 = DIRECTION('',(1.,2.22044604925E-16,1.044915787883E-15));
#1096 = DIRECTION('',(1.044915787883E-15,2.320179133003E-31,-1.));
#1097 = ADVANCED_FACE('',(#1098),#1176,.F.);
#1098 = FACE_BOUND('',#1099,.F.);
#1099 = EDGE_LOOP('',(#1100,#1108,#1109,#1110,#1111,#1120,#1128,#1136,
    #1144,#1153,#1161,#1170));
#1100 = ORIENTED_EDGE('',*,*,#1101,.F.);
#1101 = EDGE_CURVE('',#1040,#1102,#1104,.T.);
#1102 = VERTEX_POINT('',#1103);
#1103 = CARTESIAN_POINT('',(1.95,2.11,1.025));
#1104 = LINE('',#1105,#1106);
#1105 = CARTESIAN_POINT('',(1.95,2.11,0.778829828783));
#1106 = VECTOR('',#1107,1.);
#1107 = DIRECTION('',(0.,0.,1.));
#1108 = ORIENTED_EDGE('',*,*,#1039,.T.);
#1109 = ORIENTED_EDGE('',*,*,#1024,.T.);
#1110 = ORIENTED_EDGE('',*,*,#1087,.T.);
#1111 = ORIENTED_EDGE('',*,*,#1112,.T.);
#1112 = EDGE_CURVE('',#1080,#1113,#1115,.T.);
#1113 = VERTEX_POINT('',#1114);
#1114 = CARTESIAN_POINT('',(2.65,2.11,5.551115123126E-17));
#1115 = CIRCLE('',#1116,0.3);
#1116 = AXIS2_PLACEMENT_3D('',#1117,#1118,#1119);
#1117 = CARTESIAN_POINT('',(2.65,2.11,0.3));
#1118 = DIRECTION('',(2.22044604925E-16,-1.,0.));
#1119 = DIRECTION('',(-1.,-2.22044604925E-16,3.515706244646E-15));
#1120 = ORIENTED_EDGE('',*,*,#1121,.T.);
#1121 = EDGE_CURVE('',#1113,#1122,#1124,.T.);
#1122 = VERTEX_POINT('',#1123);
#1123 = CARTESIAN_POINT('',(3.,2.11,5.551115123126E-17));
#1124 = LINE('',#1125,#1126);
#1125 = CARTESIAN_POINT('',(2.65,2.11,5.551115123126E-17));
#1126 = VECTOR('',#1127,1.);
#1127 = DIRECTION('',(1.,2.22044604925E-16,0.));
#1128 = ORIENTED_EDGE('',*,*,#1129,.T.);
#1129 = EDGE_CURVE('',#1122,#1130,#1132,.T.);
#1130 = VERTEX_POINT('',#1131);
#1131 = CARTESIAN_POINT('',(3.,2.11,0.2));
#1132 = LINE('',#1133,#1134);
#1133 = CARTESIAN_POINT('',(3.,2.11,5.551115123126E-17));
#1134 = VECTOR('',#1135,1.);
#1135 = DIRECTION('',(0.,0.,1.));
#1136 = ORIENTED_EDGE('',*,*,#1137,.T.);
#1137 = EDGE_CURVE('',#1130,#1138,#1140,.T.);
#1138 = VERTEX_POINT('',#1139);
#1139 = CARTESIAN_POINT('',(2.65,2.11,0.2));
#1140 = LINE('',#1141,#1142);
#1141 = CARTESIAN_POINT('',(3.,2.11,0.2));
#1142 = VECTOR('',#1143,1.);
#1143 = DIRECTION('',(-1.,-2.22044604925E-16,0.));
#1144 = ORIENTED_EDGE('',*,*,#1145,.T.);
#1145 = EDGE_CURVE('',#1138,#1146,#1148,.T.);
#1146 = VERTEX_POINT('',#1147);
#1147 = CARTESIAN_POINT('',(2.55,2.11,0.3));
#1148 = CIRCLE('',#1149,0.1);
#1149 = AXIS2_PLACEMENT_3D('',#1150,#1151,#1152);
#1150 = CARTESIAN_POINT('',(2.65,2.11,0.3));
#1151 = DIRECTION('',(-2.22044604925E-16,1.,0.));
#1152 = DIRECTION('',(0.,0.,-1.));
#1153 = ORIENTED_EDGE('',*,*,#1154,.T.);
#1154 = EDGE_CURVE('',#1146,#1155,#1157,.T.);
#1155 = VERTEX_POINT('',#1156);
#1156 = CARTESIAN_POINT('',(2.55,2.11,0.725));
#1157 = LINE('',#1158,#1159);
#1158 = CARTESIAN_POINT('',(2.55,2.11,0.3));
#1159 = VECTOR('',#1160,1.);
#1160 = DIRECTION('',(0.,0.,1.));
#1161 = ORIENTED_EDGE('',*,*,#1162,.T.);
#1162 = EDGE_CURVE('',#1155,#1163,#1165,.T.);
#1163 = VERTEX_POINT('',#1164);
#1164 = CARTESIAN_POINT('',(2.25,2.11,1.025));
#1165 = CIRCLE('',#1166,0.3);
#1166 = AXIS2_PLACEMENT_3D('',#1167,#1168,#1169);
#1167 = CARTESIAN_POINT('',(2.25,2.11,0.725));
#1168 = DIRECTION('',(2.22044604925E-16,-1.,0.));
#1169 = DIRECTION('',(1.,2.22044604925E-16,3.700743415417E-16));
#1170 = ORIENTED_EDGE('',*,*,#1171,.T.);
#1171 = EDGE_CURVE('',#1163,#1102,#1172,.T.);
#1172 = LINE('',#1173,#1174);
#1173 = CARTESIAN_POINT('',(2.25,2.11,1.025));
#1174 = VECTOR('',#1175,1.);
#1175 = DIRECTION('',(-1.,-2.22044604925E-16,0.));
#1176 = PLANE('',#1177);
#1177 = AXIS2_PLACEMENT_3D('',#1178,#1179,#1180);
#1178 = CARTESIAN_POINT('',(2.41578967201,2.11,0.532659657565));
#1179 = DIRECTION('',(2.22044604925E-16,-1.,0.));
#1180 = DIRECTION('',(0.,0.,1.));
#1181 = ADVANCED_FACE('',(#1182),#1260,.T.);
#1182 = FACE_BOUND('',#1183,.T.);
#1183 = EDGE_LOOP('',(#1184,#1192,#1193,#1194,#1195,#1204,#1212,#1220,
    #1228,#1237,#1245,#1254));
#1184 = ORIENTED_EDGE('',*,*,#1185,.F.);
#1185 = EDGE_CURVE('',#1048,#1186,#1188,.T.);
#1186 = VERTEX_POINT('',#1187);
#1187 = CARTESIAN_POINT('',(1.95,1.7,1.025));
#1188 = LINE('',#1189,#1190);
#1189 = CARTESIAN_POINT('',(1.95,1.7,0.778829828783));
#1190 = VECTOR('',#1191,1.);
#1191 = DIRECTION('',(0.,0.,1.));
#1192 = ORIENTED_EDGE('',*,*,#1055,.T.);
#1193 = ORIENTED_EDGE('',*,*,#1007,.T.);
#1194 = ORIENTED_EDGE('',*,*,#1071,.T.);
#1195 = ORIENTED_EDGE('',*,*,#1196,.T.);
#1196 = EDGE_CURVE('',#1072,#1197,#1199,.T.);
#1197 = VERTEX_POINT('',#1198);
#1198 = CARTESIAN_POINT('',(2.65,1.7,5.551115123126E-17));
#1199 = CIRCLE('',#1200,0.3);
#1200 = AXIS2_PLACEMENT_3D('',#1201,#1202,#1203);
#1201 = CARTESIAN_POINT('',(2.65,1.7,0.3));
#1202 = DIRECTION('',(2.22044604925E-16,-1.,0.));
#1203 = DIRECTION('',(-1.,-2.22044604925E-16,3.515706244646E-15));
#1204 = ORIENTED_EDGE('',*,*,#1205,.T.);
#1205 = EDGE_CURVE('',#1197,#1206,#1208,.T.);
#1206 = VERTEX_POINT('',#1207);
#1207 = CARTESIAN_POINT('',(3.,1.7,5.551115123126E-17));
#1208 = LINE('',#1209,#1210);
#1209 = CARTESIAN_POINT('',(2.65,1.7,5.551115123126E-17));
#1210 = VECTOR('',#1211,1.);
#1211 = DIRECTION('',(1.,2.22044604925E-16,0.));
#1212 = ORIENTED_EDGE('',*,*,#1213,.T.);
#1213 = EDGE_CURVE('',#1206,#1214,#1216,.T.);
#1214 = VERTEX_POINT('',#1215);
#1215 = CARTESIAN_POINT('',(3.,1.7,0.2));
#1216 = LINE('',#1217,#1218);
#1217 = CARTESIAN_POINT('',(3.,1.7,5.551115123126E-17));
#1218 = VECTOR('',#1219,1.);
#1219 = DIRECTION('',(0.,0.,1.));
#1220 = ORIENTED_EDGE('',*,*,#1221,.T.);
#1221 = EDGE_CURVE('',#1214,#1222,#1224,.T.);
#1222 = VERTEX_POINT('',#1223);
#1223 = CARTESIAN_POINT('',(2.65,1.7,0.2));
#1224 = LINE('',#1225,#1226);
#1225 = CARTESIAN_POINT('',(3.,1.7,0.2));
#1226 = VECTOR('',#1227,1.);
#1227 = DIRECTION('',(-1.,-2.22044604925E-16,0.));
#1228 = ORIENTED_EDGE('',*,*,#1229,.T.);
#1229 = EDGE_CURVE('',#1222,#1230,#1232,.T.);
#1230 = VERTEX_POINT('',#1231);
#1231 = CARTESIAN_POINT('',(2.55,1.7,0.3));
#1232 = CIRCLE('',#1233,0.1);
#1233 = AXIS2_PLACEMENT_3D('',#1234,#1235,#1236);
#1234 = CARTESIAN_POINT('',(2.65,1.7,0.3));
#1235 = DIRECTION('',(-2.22044604925E-16,1.,0.));
#1236 = DIRECTION('',(0.,0.,-1.));
#1237 = ORIENTED_EDGE('',*,*,#1238,.T.);
#1238 = EDGE_CURVE('',#1230,#1239,#1241,.T.);
#1239 = VERTEX_POINT('',#1240);
#1240 = CARTESIAN_POINT('',(2.55,1.7,0.725));
#1241 = LINE('',#1242,#1243);
#1242 = CARTESIAN_POINT('',(2.55,1.7,0.3));
#1243 = VECTOR('',#1244,1.);
#1244 = DIRECTION('',(0.,0.,1.));
#1245 = ORIENTED_EDGE('',*,*,#1246,.T.);
#1246 = EDGE_CURVE('',#1239,#1247,#1249,.T.);
#1247 = VERTEX_POINT('',#1248);
#1248 = CARTESIAN_POINT('',(2.25,1.7,1.025));
#1249 = CIRCLE('',#1250,0.3);
#1250 = AXIS2_PLACEMENT_3D('',#1251,#1252,#1253);
#1251 = CARTESIAN_POINT('',(2.25,1.7,0.725));
#1252 = DIRECTION('',(2.22044604925E-16,-1.,0.));
#1253 = DIRECTION('',(1.,2.22044604925E-16,3.700743415417E-16));
#1254 = ORIENTED_EDGE('',*,*,#1255,.T.);
#1255 = EDGE_CURVE('',#1247,#1186,#1256,.T.);
#1256 = LINE('',#1257,#1258);
#1257 = CARTESIAN_POINT('',(2.25,1.7,1.025));
#1258 = VECTOR('',#1259,1.);
#1259 = DIRECTION('',(-1.,-2.22044604925E-16,0.));
#1260 = PLANE('',#1261);
#1261 = AXIS2_PLACEMENT_3D('',#1262,#1263,#1264);
#1262 = CARTESIAN_POINT('',(2.41578967201,1.7,0.532659657565));
#1263 = DIRECTION('',(2.22044604925E-16,-1.,0.));
#1264 = DIRECTION('',(0.,0.,1.));
#1265 = ADVANCED_FACE('',(#1266),#1353,.F.);
#1266 = FACE_BOUND('',#1267,.F.);
#1267 = EDGE_LOOP('',(#1268,#1278,#1285,#1293,#1301,#1309,#1317,#1325,
    #1333,#1339,#1340,#1348));
#1268 = ORIENTED_EDGE('',*,*,#1269,.T.);
#1269 = EDGE_CURVE('',#1270,#1272,#1274,.T.);
#1270 = VERTEX_POINT('',#1271);
#1271 = CARTESIAN_POINT('',(1.835171280765,2.217585640382,0.1));
#1272 = VERTEX_POINT('',#1273);
#1273 = CARTESIAN_POINT('',(1.835171280765,-2.217585640382,0.1));
#1274 = LINE('',#1275,#1276);
#1275 = CARTESIAN_POINT('',(1.835171280765,2.217585640382,0.1));
#1276 = VECTOR('',#1277,1.);
#1277 = DIRECTION('',(2.22044604925E-16,-1.,0.));
#1278 = ORIENTED_EDGE('',*,*,#1279,.T.);
#1279 = EDGE_CURVE('',#1272,#1280,#1282,.T.);
#1280 = VERTEX_POINT('',#1281);
#1281 = CARTESIAN_POINT('',(1.95,-2.275,0.825));
#1282 = B_SPLINE_CURVE_WITH_KNOTS('',1,(#1283,#1284),.UNSPECIFIED.,.F.,
  .F.,(2,2),(0.,1.),.PIECEWISE_BEZIER_KNOTS.);
#1283 = CARTESIAN_POINT('',(1.835171280765,-2.217585640382,0.1));
#1284 = CARTESIAN_POINT('',(1.95,-2.275,0.825));
#1285 = ORIENTED_EDGE('',*,*,#1286,.F.);
#1286 = EDGE_CURVE('',#1287,#1280,#1289,.T.);
#1287 = VERTEX_POINT('',#1288);
#1288 = CARTESIAN_POINT('',(1.95,-2.11,0.825));
#1289 = LINE('',#1290,#1291);
#1290 = CARTESIAN_POINT('',(1.95,2.275,0.825));
#1291 = VECTOR('',#1292,1.);
#1292 = DIRECTION('',(2.22044604925E-16,-1.,0.));
#1293 = ORIENTED_EDGE('',*,*,#1294,.F.);
#1294 = EDGE_CURVE('',#1295,#1287,#1297,.T.);
#1295 = VERTEX_POINT('',#1296);
#1296 = CARTESIAN_POINT('',(1.95,-1.7,0.825));
#1297 = LINE('',#1298,#1299);
#1298 = CARTESIAN_POINT('',(1.95,2.275,0.825));
#1299 = VECTOR('',#1300,1.);
#1300 = DIRECTION('',(2.22044604925E-16,-1.,0.));
#1301 = ORIENTED_EDGE('',*,*,#1302,.F.);
#1302 = EDGE_CURVE('',#1303,#1295,#1305,.T.);
#1303 = VERTEX_POINT('',#1304);
#1304 = CARTESIAN_POINT('',(1.95,-0.84,0.825));
#1305 = LINE('',#1306,#1307);
#1306 = CARTESIAN_POINT('',(1.95,2.275,0.825));
#1307 = VECTOR('',#1308,1.);
#1308 = DIRECTION('',(2.22044604925E-16,-1.,0.));
#1309 = ORIENTED_EDGE('',*,*,#1310,.F.);
#1310 = EDGE_CURVE('',#1311,#1303,#1313,.T.);
#1311 = VERTEX_POINT('',#1312);
#1312 = CARTESIAN_POINT('',(1.95,-0.43,0.825));
#1313 = LINE('',#1314,#1315);
#1314 = CARTESIAN_POINT('',(1.95,2.275,0.825));
#1315 = VECTOR('',#1316,1.);
#1316 = DIRECTION('',(2.22044604925E-16,-1.,0.));
#1317 = ORIENTED_EDGE('',*,*,#1318,.F.);
#1318 = EDGE_CURVE('',#1319,#1311,#1321,.T.);
#1319 = VERTEX_POINT('',#1320);
#1320 = CARTESIAN_POINT('',(1.95,0.43,0.825));
#1321 = LINE('',#1322,#1323);
#1322 = CARTESIAN_POINT('',(1.95,2.275,0.825));
#1323 = VECTOR('',#1324,1.);
#1324 = DIRECTION('',(2.22044604925E-16,-1.,0.));
#1325 = ORIENTED_EDGE('',*,*,#1326,.F.);
#1326 = EDGE_CURVE('',#1327,#1319,#1329,.T.);
#1327 = VERTEX_POINT('',#1328);
#1328 = CARTESIAN_POINT('',(1.95,0.84,0.825));
#1329 = LINE('',#1330,#1331);
#1330 = CARTESIAN_POINT('',(1.95,2.275,0.825));
#1331 = VECTOR('',#1332,1.);
#1332 = DIRECTION('',(2.22044604925E-16,-1.,0.));
#1333 = ORIENTED_EDGE('',*,*,#1334,.F.);
#1334 = EDGE_CURVE('',#1048,#1327,#1335,.T.);
#1335 = LINE('',#1336,#1337);
#1336 = CARTESIAN_POINT('',(1.95,2.275,0.825));
#1337 = VECTOR('',#1338,1.);
#1338 = DIRECTION('',(2.22044604925E-16,-1.,0.));
#1339 = ORIENTED_EDGE('',*,*,#1047,.F.);
#1340 = ORIENTED_EDGE('',*,*,#1341,.F.);
#1341 = EDGE_CURVE('',#1342,#1040,#1344,.T.);
#1342 = VERTEX_POINT('',#1343);
#1343 = CARTESIAN_POINT('',(1.95,2.275,0.825));
#1344 = LINE('',#1345,#1346);
#1345 = CARTESIAN_POINT('',(1.95,2.275,0.825));
#1346 = VECTOR('',#1347,1.);
#1347 = DIRECTION('',(2.22044604925E-16,-1.,0.));
#1348 = ORIENTED_EDGE('',*,*,#1349,.F.);
#1349 = EDGE_CURVE('',#1270,#1342,#1350,.T.);
#1350 = B_SPLINE_CURVE_WITH_KNOTS('',1,(#1351,#1352),.UNSPECIFIED.,.F.,
  .F.,(2,2),(0.,1.),.PIECEWISE_BEZIER_KNOTS.);
#1351 = CARTESIAN_POINT('',(1.835171280765,2.217585640382,0.1));
#1352 = CARTESIAN_POINT('',(1.95,2.275,0.825));
#1353 = B_SPLINE_SURFACE_WITH_KNOTS('',1,1,(
    (#1354,#1355)
    ,(#1356,#1357
    )),.UNSPECIFIED.,.F.,.F.,.F.,(2,2),(2,2),(0.,4.55),(0.,1.),
  .PIECEWISE_BEZIER_KNOTS.);
#1354 = CARTESIAN_POINT('',(1.835171280765,2.217585640382,0.1));
#1355 = CARTESIAN_POINT('',(1.95,2.275,0.825));
#1356 = CARTESIAN_POINT('',(1.835171280765,-2.217585640382,0.1));
#1357 = CARTESIAN_POINT('',(1.95,-2.275,0.825));
#1358 = ADVANCED_FACE('',(#1359),#1370,.T.);
#1359 = FACE_BOUND('',#1360,.T.);
#1360 = EDGE_LOOP('',(#1361,#1362,#1368,#1369));
#1361 = ORIENTED_EDGE('',*,*,#1112,.T.);
#1362 = ORIENTED_EDGE('',*,*,#1363,.T.);
#1363 = EDGE_CURVE('',#1113,#1197,#1364,.T.);
#1364 = LINE('',#1365,#1366);
#1365 = CARTESIAN_POINT('',(2.65,2.11,5.551115123126E-17));
#1366 = VECTOR('',#1367,1.);
#1367 = DIRECTION('',(2.22044604925E-16,-1.,0.));
#1368 = ORIENTED_EDGE('',*,*,#1196,.F.);
#1369 = ORIENTED_EDGE('',*,*,#1079,.F.);
#1370 = CYLINDRICAL_SURFACE('',#1371,0.3);
#1371 = AXIS2_PLACEMENT_3D('',#1372,#1373,#1374);
#1372 = CARTESIAN_POINT('',(2.65,2.11,0.3));
#1373 = DIRECTION('',(-2.22044604925E-16,1.,-0.));
#1374 = DIRECTION('',(-1.,-2.22044604925E-16,3.515706244646E-15));
#1375 = ADVANCED_FACE('',(#1376),#1393,.F.);
#1376 = FACE_BOUND('',#1377,.F.);
#1377 = EDGE_LOOP('',(#1378,#1385,#1386,#1387));
#1378 = ORIENTED_EDGE('',*,*,#1379,.F.);
#1379 = EDGE_CURVE('',#1342,#1380,#1382,.T.);
#1380 = VERTEX_POINT('',#1381);
#1381 = CARTESIAN_POINT('',(1.95,2.275,1.025));
#1382 = B_SPLINE_CURVE_WITH_KNOTS('',1,(#1383,#1384),.UNSPECIFIED.,.F.,
  .F.,(2,2),(0.,1.),.PIECEWISE_BEZIER_KNOTS.);
#1383 = CARTESIAN_POINT('',(1.95,2.275,0.825));
#1384 = CARTESIAN_POINT('',(1.95,2.275,1.025));
#1385 = ORIENTED_EDGE('',*,*,#1341,.T.);
#1386 = ORIENTED_EDGE('',*,*,#1101,.T.);
#1387 = ORIENTED_EDGE('',*,*,#1388,.F.);
#1388 = EDGE_CURVE('',#1380,#1102,#1389,.T.);
#1389 = LINE('',#1390,#1391);
#1390 = CARTESIAN_POINT('',(1.95,2.275,1.025));
#1391 = VECTOR('',#1392,1.);
#1392 = DIRECTION('',(2.22044604925E-16,-1.,0.));
#1393 = PLANE('',#1394);
#1394 = AXIS2_PLACEMENT_3D('',#1395,#1396,#1397);
#1395 = CARTESIAN_POINT('',(1.95,2.275,1.025));
#1396 = DIRECTION('',(-1.,-2.22044604925E-16,0.));
#1397 = DIRECTION('',(2.22044604925E-16,-1.,0.));
#1398 = ADVANCED_FACE('',(#1399),#1431,.F.);
#1399 = FACE_BOUND('',#1400,.F.);
#1400 = EDGE_LOOP('',(#1401,#1402,#1408,#1409,#1417,#1425));
#1401 = ORIENTED_EDGE('',*,*,#1171,.F.);
#1402 = ORIENTED_EDGE('',*,*,#1403,.T.);
#1403 = EDGE_CURVE('',#1163,#1247,#1404,.T.);
#1404 = LINE('',#1405,#1406);
#1405 = CARTESIAN_POINT('',(2.25,2.11,1.025));
#1406 = VECTOR('',#1407,1.);
#1407 = DIRECTION('',(2.22044604925E-16,-1.,0.));
#1408 = ORIENTED_EDGE('',*,*,#1255,.T.);
#1409 = ORIENTED_EDGE('',*,*,#1410,.T.);
#1410 = EDGE_CURVE('',#1186,#1411,#1413,.T.);
#1411 = VERTEX_POINT('',#1412);
#1412 = CARTESIAN_POINT('',(1.875,1.7,1.025));
#1413 = LINE('',#1414,#1415);
#1414 = CARTESIAN_POINT('',(2.25,1.7,1.025));
#1415 = VECTOR('',#1416,1.);
#1416 = DIRECTION('',(-1.,-2.22044604925E-16,0.));
#1417 = ORIENTED_EDGE('',*,*,#1418,.F.);
#1418 = EDGE_CURVE('',#1419,#1411,#1421,.T.);
#1419 = VERTEX_POINT('',#1420);
#1420 = CARTESIAN_POINT('',(1.875,2.11,1.025));
#1421 = LINE('',#1422,#1423);
#1422 = CARTESIAN_POINT('',(1.875,2.2375,1.025));
#1423 = VECTOR('',#1424,1.);
#1424 = DIRECTION('',(2.22044604925E-16,-1.,0.));
#1425 = ORIENTED_EDGE('',*,*,#1426,.F.);
#1426 = EDGE_CURVE('',#1102,#1419,#1427,.T.);
#1427 = LINE('',#1428,#1429);
#1428 = CARTESIAN_POINT('',(2.25,2.11,1.025));
#1429 = VECTOR('',#1430,1.);
#1430 = DIRECTION('',(-1.,-2.22044604925E-16,0.));
#1431 = PLANE('',#1432);
#1432 = AXIS2_PLACEMENT_3D('',#1433,#1434,#1435);
#1433 = CARTESIAN_POINT('',(2.25,2.11,1.025));
#1434 = DIRECTION('',(0.,0.,-1.));
#1435 = DIRECTION('',(-1.,-2.22044604925E-16,-0.));
#1436 = ADVANCED_FACE('',(#1437),#1448,.T.);
#1437 = FACE_BOUND('',#1438,.T.);
#1438 = EDGE_LOOP('',(#1439,#1440,#1441,#1442));
#1439 = ORIENTED_EDGE('',*,*,#1162,.T.);
#1440 = ORIENTED_EDGE('',*,*,#1403,.T.);
#1441 = ORIENTED_EDGE('',*,*,#1246,.F.);
#1442 = ORIENTED_EDGE('',*,*,#1443,.F.);
#1443 = EDGE_CURVE('',#1155,#1239,#1444,.T.);
#1444 = LINE('',#1445,#1446);
#1445 = CARTESIAN_POINT('',(2.55,2.11,0.725));
#1446 = VECTOR('',#1447,1.);
#1447 = DIRECTION('',(2.22044604925E-16,-1.,0.));
#1448 = CYLINDRICAL_SURFACE('',#1449,0.3);
#1449 = AXIS2_PLACEMENT_3D('',#1450,#1451,#1452);
#1450 = CARTESIAN_POINT('',(2.25,2.11,0.725));
#1451 = DIRECTION('',(-2.22044604925E-16,1.,-0.));
#1452 = DIRECTION('',(1.,2.22044604925E-16,3.700743415417E-16));
#1453 = ADVANCED_FACE('',(#1454),#1465,.F.);
#1454 = FACE_BOUND('',#1455,.F.);
#1455 = EDGE_LOOP('',(#1456,#1462,#1463,#1464));
#1456 = ORIENTED_EDGE('',*,*,#1457,.T.);
#1457 = EDGE_CURVE('',#1146,#1230,#1458,.T.);
#1458 = LINE('',#1459,#1460);
#1459 = CARTESIAN_POINT('',(2.55,2.11,0.3));
#1460 = VECTOR('',#1461,1.);
#1461 = DIRECTION('',(2.22044604925E-16,-1.,0.));
#1462 = ORIENTED_EDGE('',*,*,#1238,.T.);
#1463 = ORIENTED_EDGE('',*,*,#1443,.F.);
#1464 = ORIENTED_EDGE('',*,*,#1154,.F.);
#1465 = PLANE('',#1466);
#1466 = AXIS2_PLACEMENT_3D('',#1467,#1468,#1469);
#1467 = CARTESIAN_POINT('',(2.55,2.11,0.3));
#1468 = DIRECTION('',(-1.,-2.22044604925E-16,0.));
#1469 = DIRECTION('',(0.,0.,1.));
#1470 = ADVANCED_FACE('',(#1471),#1482,.F.);
#1471 = FACE_BOUND('',#1472,.F.);
#1472 = EDGE_LOOP('',(#1473,#1479,#1480,#1481));
#1473 = ORIENTED_EDGE('',*,*,#1474,.T.);
#1474 = EDGE_CURVE('',#1138,#1222,#1475,.T.);
#1475 = LINE('',#1476,#1477);
#1476 = CARTESIAN_POINT('',(2.65,2.11,0.2));
#1477 = VECTOR('',#1478,1.);
#1478 = DIRECTION('',(2.22044604925E-16,-1.,0.));
#1479 = ORIENTED_EDGE('',*,*,#1229,.T.);
#1480 = ORIENTED_EDGE('',*,*,#1457,.F.);
#1481 = ORIENTED_EDGE('',*,*,#1145,.F.);
#1482 = CYLINDRICAL_SURFACE('',#1483,0.1);
#1483 = AXIS2_PLACEMENT_3D('',#1484,#1485,#1486);
#1484 = CARTESIAN_POINT('',(2.65,2.11,0.3));
#1485 = DIRECTION('',(-2.22044604925E-16,1.,0.));
#1486 = DIRECTION('',(0.,0.,-1.));
#1487 = ADVANCED_FACE('',(#1488),#1499,.F.);
#1488 = FACE_BOUND('',#1489,.F.);
#1489 = EDGE_LOOP('',(#1490,#1496,#1497,#1498));
#1490 = ORIENTED_EDGE('',*,*,#1491,.T.);
#1491 = EDGE_CURVE('',#1130,#1214,#1492,.T.);
#1492 = LINE('',#1493,#1494);
#1493 = CARTESIAN_POINT('',(3.,2.11,0.2));
#1494 = VECTOR('',#1495,1.);
#1495 = DIRECTION('',(2.22044604925E-16,-1.,0.));
#1496 = ORIENTED_EDGE('',*,*,#1221,.T.);
#1497 = ORIENTED_EDGE('',*,*,#1474,.F.);
#1498 = ORIENTED_EDGE('',*,*,#1137,.F.);
#1499 = PLANE('',#1500);
#1500 = AXIS2_PLACEMENT_3D('',#1501,#1502,#1503);
#1501 = CARTESIAN_POINT('',(3.,2.11,0.2));
#1502 = DIRECTION('',(0.,0.,-1.));
#1503 = DIRECTION('',(-1.,-2.22044604925E-16,-0.));
#1504 = ADVANCED_FACE('',(#1505),#1516,.F.);
#1505 = FACE_BOUND('',#1506,.F.);
#1506 = EDGE_LOOP('',(#1507,#1513,#1514,#1515));
#1507 = ORIENTED_EDGE('',*,*,#1508,.T.);
#1508 = EDGE_CURVE('',#1122,#1206,#1509,.T.);
#1509 = LINE('',#1510,#1511);
#1510 = CARTESIAN_POINT('',(3.,2.11,5.551115123126E-17));
#1511 = VECTOR('',#1512,1.);
#1512 = DIRECTION('',(2.22044604925E-16,-1.,0.));
#1513 = ORIENTED_EDGE('',*,*,#1213,.T.);
#1514 = ORIENTED_EDGE('',*,*,#1491,.F.);
#1515 = ORIENTED_EDGE('',*,*,#1129,.F.);
#1516 = PLANE('',#1517);
#1517 = AXIS2_PLACEMENT_3D('',#1518,#1519,#1520);
#1518 = CARTESIAN_POINT('',(3.,2.11,5.551115123126E-17));
#1519 = DIRECTION('',(-1.,-2.22044604925E-16,0.));
#1520 = DIRECTION('',(0.,0.,1.));
#1521 = ADVANCED_FACE('',(#1522),#1528,.F.);
#1522 = FACE_BOUND('',#1523,.F.);
#1523 = EDGE_LOOP('',(#1524,#1525,#1526,#1527));
#1524 = ORIENTED_EDGE('',*,*,#1363,.T.);
#1525 = ORIENTED_EDGE('',*,*,#1205,.T.);
#1526 = ORIENTED_EDGE('',*,*,#1508,.F.);
#1527 = ORIENTED_EDGE('',*,*,#1121,.F.);
#1528 = PLANE('',#1529);
#1529 = AXIS2_PLACEMENT_3D('',#1530,#1531,#1532);
#1530 = CARTESIAN_POINT('',(2.65,2.11,5.551115123126E-17));
#1531 = DIRECTION('',(0.,0.,1.));
#1532 = DIRECTION('',(1.,2.22044604925E-16,-0.));
#1533 = ADVANCED_FACE('',(#1534),#1552,.F.);
#1534 = FACE_BOUND('',#1535,.F.);
#1535 = EDGE_LOOP('',(#1536,#1537,#1538,#1546));
#1536 = ORIENTED_EDGE('',*,*,#1185,.F.);
#1537 = ORIENTED_EDGE('',*,*,#1334,.T.);
#1538 = ORIENTED_EDGE('',*,*,#1539,.T.);
#1539 = EDGE_CURVE('',#1327,#1540,#1542,.T.);
#1540 = VERTEX_POINT('',#1541);
#1541 = CARTESIAN_POINT('',(1.95,0.84,1.025));
#1542 = LINE('',#1543,#1544);
#1543 = CARTESIAN_POINT('',(1.95,0.84,0.778829828783));
#1544 = VECTOR('',#1545,1.);
#1545 = DIRECTION('',(0.,0.,1.));
#1546 = ORIENTED_EDGE('',*,*,#1547,.F.);
#1547 = EDGE_CURVE('',#1186,#1540,#1548,.T.);
#1548 = LINE('',#1549,#1550);
#1549 = CARTESIAN_POINT('',(1.95,2.275,1.025));
#1550 = VECTOR('',#1551,1.);
#1551 = DIRECTION('',(2.22044604925E-16,-1.,0.));
#1552 = PLANE('',#1553);
#1553 = AXIS2_PLACEMENT_3D('',#1554,#1555,#1556);
#1554 = CARTESIAN_POINT('',(1.95,2.275,1.025));
#1555 = DIRECTION('',(-1.,-2.22044604925E-16,0.));
#1556 = DIRECTION('',(2.22044604925E-16,-1.,0.));
#1557 = ADVANCED_FACE('',(#1558),#1615,.F.);
#1558 = FACE_BOUND('',#1559,.T.);
#1559 = EDGE_LOOP('',(#1560,#1570,#1576,#1577,#1585,#1593,#1601,#1609));
#1560 = ORIENTED_EDGE('',*,*,#1561,.T.);
#1561 = EDGE_CURVE('',#1562,#1564,#1566,.T.);
#1562 = VERTEX_POINT('',#1563);
#1563 = CARTESIAN_POINT('',(-1.717585640382,2.335171280765,0.1));
#1564 = VERTEX_POINT('',#1565);
#1565 = CARTESIAN_POINT('',(1.717585640382,2.335171280765,0.1));
#1566 = LINE('',#1567,#1568);
#1567 = CARTESIAN_POINT('',(-1.717585640382,2.335171280765,0.1));
#1568 = VECTOR('',#1569,1.);
#1569 = DIRECTION('',(1.,2.22044604925E-16,0.));
#1570 = ORIENTED_EDGE('',*,*,#1571,.T.);
#1571 = EDGE_CURVE('',#1564,#1270,#1572,.T.);
#1572 = LINE('',#1573,#1574);
#1573 = CARTESIAN_POINT('',(1.717585640382,2.335171280765,0.1));
#1574 = VECTOR('',#1575,1.);
#1575 = DIRECTION('',(0.707106781187,-0.707106781187,0.));
#1576 = ORIENTED_EDGE('',*,*,#1269,.T.);
#1577 = ORIENTED_EDGE('',*,*,#1578,.T.);
#1578 = EDGE_CURVE('',#1272,#1579,#1581,.T.);
#1579 = VERTEX_POINT('',#1580);
#1580 = CARTESIAN_POINT('',(1.717585640382,-2.335171280765,0.1));
#1581 = LINE('',#1582,#1583);
#1582 = CARTESIAN_POINT('',(1.835171280765,-2.217585640382,0.1));
#1583 = VECTOR('',#1584,1.);
#1584 = DIRECTION('',(-0.707106781187,-0.707106781187,0.));
#1585 = ORIENTED_EDGE('',*,*,#1586,.T.);
#1586 = EDGE_CURVE('',#1579,#1587,#1589,.T.);
#1587 = VERTEX_POINT('',#1588);
#1588 = CARTESIAN_POINT('',(-1.717585640382,-2.335171280765,0.1));
#1589 = LINE('',#1590,#1591);
#1590 = CARTESIAN_POINT('',(1.717585640382,-2.335171280765,0.1));
#1591 = VECTOR('',#1592,1.);
#1592 = DIRECTION('',(-1.,-2.22044604925E-16,0.));
#1593 = ORIENTED_EDGE('',*,*,#1594,.T.);
#1594 = EDGE_CURVE('',#1587,#1595,#1597,.T.);
#1595 = VERTEX_POINT('',#1596);
#1596 = CARTESIAN_POINT('',(-1.835171280765,-2.217585640382,0.1));
#1597 = LINE('',#1598,#1599);
#1598 = CARTESIAN_POINT('',(-1.717585640382,-2.335171280765,0.1));
#1599 = VECTOR('',#1600,1.);
#1600 = DIRECTION('',(-0.707106781187,0.707106781187,0.));
#1601 = ORIENTED_EDGE('',*,*,#1602,.T.);
#1602 = EDGE_CURVE('',#1595,#1603,#1605,.T.);
#1603 = VERTEX_POINT('',#1604);
#1604 = CARTESIAN_POINT('',(-1.835171280765,2.217585640382,0.1));
#1605 = LINE('',#1606,#1607);
#1606 = CARTESIAN_POINT('',(-1.835171280765,-2.217585640382,0.1));
#1607 = VECTOR('',#1608,1.);
#1608 = DIRECTION('',(-2.22044604925E-16,1.,0.));
#1609 = ORIENTED_EDGE('',*,*,#1610,.T.);
#1610 = EDGE_CURVE('',#1603,#1562,#1611,.T.);
#1611 = LINE('',#1612,#1613);
#1612 = CARTESIAN_POINT('',(-1.835171280765,2.217585640382,0.1));
#1613 = VECTOR('',#1614,1.);
#1614 = DIRECTION('',(0.707106781187,0.707106781187,0.));
#1615 = PLANE('',#1616);
#1616 = AXIS2_PLACEMENT_3D('',#1617,#1618,#1619);
#1617 = CARTESIAN_POINT('',(-1.717585640382,2.335171280765,0.1));
#1618 = DIRECTION('',(0.,0.,1.));
#1619 = DIRECTION('',(0.592513131498,-0.805560791625,0.));
#1620 = ADVANCED_FACE('',(#1621),#1638,.F.);
#1621 = FACE_BOUND('',#1622,.F.);
#1622 = EDGE_LOOP('',(#1623,#1624,#1625,#1633));
#1623 = ORIENTED_EDGE('',*,*,#1571,.T.);
#1624 = ORIENTED_EDGE('',*,*,#1349,.T.);
#1625 = ORIENTED_EDGE('',*,*,#1626,.F.);
#1626 = EDGE_CURVE('',#1627,#1342,#1629,.T.);
#1627 = VERTEX_POINT('',#1628);
#1628 = CARTESIAN_POINT('',(1.775,2.45,0.825));
#1629 = LINE('',#1630,#1631);
#1630 = CARTESIAN_POINT('',(1.775,2.45,0.825));
#1631 = VECTOR('',#1632,1.);
#1632 = DIRECTION('',(0.707106781187,-0.707106781187,0.));
#1633 = ORIENTED_EDGE('',*,*,#1634,.F.);
#1634 = EDGE_CURVE('',#1564,#1627,#1635,.T.);
#1635 = B_SPLINE_CURVE_WITH_KNOTS('',1,(#1636,#1637),.UNSPECIFIED.,.F.,
  .F.,(2,2),(0.,1.),.PIECEWISE_BEZIER_KNOTS.);
#1636 = CARTESIAN_POINT('',(1.717585640382,2.335171280765,0.1));
#1637 = CARTESIAN_POINT('',(1.775,2.45,0.825));
#1638 = B_SPLINE_SURFACE_WITH_KNOTS('',1,1,(
    (#1639,#1640)
    ,(#1641,#1642
    )),.UNSPECIFIED.,.F.,.F.,.F.,(2,2),(2,2),(0.,0.247487373415),(0.,1.)
  ,.PIECEWISE_BEZIER_KNOTS.);
#1639 = CARTESIAN_POINT('',(1.717585640382,2.335171280765,0.1));
#1640 = CARTESIAN_POINT('',(1.775,2.45,0.825));
#1641 = CARTESIAN_POINT('',(1.835171280765,2.217585640382,0.1));
#1642 = CARTESIAN_POINT('',(1.95,2.275,0.825));
#1643 = ADVANCED_FACE('',(#1644),#1661,.F.);
#1644 = FACE_BOUND('',#1645,.F.);
#1645 = EDGE_LOOP('',(#1646,#1647,#1654,#1660));
#1646 = ORIENTED_EDGE('',*,*,#1578,.T.);
#1647 = ORIENTED_EDGE('',*,*,#1648,.T.);
#1648 = EDGE_CURVE('',#1579,#1649,#1651,.T.);
#1649 = VERTEX_POINT('',#1650);
#1650 = CARTESIAN_POINT('',(1.775,-2.45,0.825));
#1651 = B_SPLINE_CURVE_WITH_KNOTS('',1,(#1652,#1653),.UNSPECIFIED.,.F.,
  .F.,(2,2),(0.,1.),.PIECEWISE_BEZIER_KNOTS.);
#1652 = CARTESIAN_POINT('',(1.717585640382,-2.335171280765,0.1));
#1653 = CARTESIAN_POINT('',(1.775,-2.45,0.825));
#1654 = ORIENTED_EDGE('',*,*,#1655,.F.);
#1655 = EDGE_CURVE('',#1280,#1649,#1656,.T.);
#1656 = LINE('',#1657,#1658);
#1657 = CARTESIAN_POINT('',(1.95,-2.275,0.825));
#1658 = VECTOR('',#1659,1.);
#1659 = DIRECTION('',(-0.707106781187,-0.707106781187,0.));
#1660 = ORIENTED_EDGE('',*,*,#1279,.F.);
#1661 = B_SPLINE_SURFACE_WITH_KNOTS('',1,1,(
    (#1662,#1663)
    ,(#1664,#1665
    )),.UNSPECIFIED.,.F.,.F.,.F.,(2,2),(2,2),(0.,0.247487373415),(0.,1.)
  ,.PIECEWISE_BEZIER_KNOTS.);
#1662 = CARTESIAN_POINT('',(1.835171280765,-2.217585640382,0.1));
#1663 = CARTESIAN_POINT('',(1.95,-2.275,0.825));
#1664 = CARTESIAN_POINT('',(1.717585640382,-2.335171280765,0.1));
#1665 = CARTESIAN_POINT('',(1.775,-2.45,0.825));
#1666 = ADVANCED_FACE('',(#1667),#1691,.F.);
#1667 = FACE_BOUND('',#1668,.F.);
#1668 = EDGE_LOOP('',(#1669,#1677,#1678,#1685));
#1669 = ORIENTED_EDGE('',*,*,#1670,.F.);
#1670 = EDGE_CURVE('',#1287,#1671,#1673,.T.);
#1671 = VERTEX_POINT('',#1672);
#1672 = CARTESIAN_POINT('',(1.95,-2.11,1.025));
#1673 = LINE('',#1674,#1675);
#1674 = CARTESIAN_POINT('',(1.95,-2.11,0.778829828783));
#1675 = VECTOR('',#1676,1.);
#1676 = DIRECTION('',(0.,0.,1.));
#1677 = ORIENTED_EDGE('',*,*,#1286,.T.);
#1678 = ORIENTED_EDGE('',*,*,#1679,.T.);
#1679 = EDGE_CURVE('',#1280,#1680,#1682,.T.);
#1680 = VERTEX_POINT('',#1681);
#1681 = CARTESIAN_POINT('',(1.95,-2.275,1.025));
#1682 = B_SPLINE_CURVE_WITH_KNOTS('',1,(#1683,#1684),.UNSPECIFIED.,.F.,
  .F.,(2,2),(0.,1.),.PIECEWISE_BEZIER_KNOTS.);
#1683 = CARTESIAN_POINT('',(1.95,-2.275,0.825));
#1684 = CARTESIAN_POINT('',(1.95,-2.275,1.025));
#1685 = ORIENTED_EDGE('',*,*,#1686,.F.);
#1686 = EDGE_CURVE('',#1671,#1680,#1687,.T.);
#1687 = LINE('',#1688,#1689);
#1688 = CARTESIAN_POINT('',(1.95,2.275,1.025));
#1689 = VECTOR('',#1690,1.);
#1690 = DIRECTION('',(2.22044604925E-16,-1.,0.));
#1691 = PLANE('',#1692);
#1692 = AXIS2_PLACEMENT_3D('',#1693,#1694,#1695);
#1693 = CARTESIAN_POINT('',(1.95,2.275,1.025));
#1694 = DIRECTION('',(-1.,-2.22044604925E-16,0.));
#1695 = DIRECTION('',(2.22044604925E-16,-1.,0.));
#1696 = ADVANCED_FACE('',(#1697),#1722,.F.);
#1697 = FACE_BOUND('',#1698,.F.);
#1698 = EDGE_LOOP('',(#1699,#1707,#1708,#1716));
#1699 = ORIENTED_EDGE('',*,*,#1700,.F.);
#1700 = EDGE_CURVE('',#1295,#1701,#1703,.T.);
#1701 = VERTEX_POINT('',#1702);
#1702 = CARTESIAN_POINT('',(2.25,-1.7,0.825));
#1703 = LINE('',#1704,#1705);
#1704 = CARTESIAN_POINT('',(1.8,-1.7,0.825));
#1705 = VECTOR('',#1706,1.);
#1706 = DIRECTION('',(1.,2.22044604925E-16,0.));
#1707 = ORIENTED_EDGE('',*,*,#1294,.T.);
#1708 = ORIENTED_EDGE('',*,*,#1709,.T.);
#1709 = EDGE_CURVE('',#1287,#1710,#1712,.T.);
#1710 = VERTEX_POINT('',#1711);
#1711 = CARTESIAN_POINT('',(2.25,-2.11,0.825));
#1712 = LINE('',#1713,#1714);
#1713 = CARTESIAN_POINT('',(1.8,-2.11,0.825));
#1714 = VECTOR('',#1715,1.);
#1715 = DIRECTION('',(1.,2.22044604925E-16,0.));
#1716 = ORIENTED_EDGE('',*,*,#1717,.F.);
#1717 = EDGE_CURVE('',#1701,#1710,#1718,.T.);
#1718 = LINE('',#1719,#1720);
#1719 = CARTESIAN_POINT('',(2.25,-1.7,0.825));
#1720 = VECTOR('',#1721,1.);
#1721 = DIRECTION('',(2.22044604925E-16,-1.,0.));
#1722 = PLANE('',#1723);
#1723 = AXIS2_PLACEMENT_3D('',#1724,#1725,#1726);
#1724 = CARTESIAN_POINT('',(1.8,-1.7,0.825));
#1725 = DIRECTION('',(0.,0.,1.));
#1726 = DIRECTION('',(1.,2.22044604925E-16,-0.));
#1727 = ADVANCED_FACE('',(#1728),#1753,.F.);
#1728 = FACE_BOUND('',#1729,.F.);
#1729 = EDGE_LOOP('',(#1730,#1738,#1739,#1747));
#1730 = ORIENTED_EDGE('',*,*,#1731,.F.);
#1731 = EDGE_CURVE('',#1303,#1732,#1734,.T.);
#1732 = VERTEX_POINT('',#1733);
#1733 = CARTESIAN_POINT('',(1.95,-0.84,1.025));
#1734 = LINE('',#1735,#1736);
#1735 = CARTESIAN_POINT('',(1.95,-0.84,0.778829828783));
#1736 = VECTOR('',#1737,1.);
#1737 = DIRECTION('',(0.,0.,1.));
#1738 = ORIENTED_EDGE('',*,*,#1302,.T.);
#1739 = ORIENTED_EDGE('',*,*,#1740,.T.);
#1740 = EDGE_CURVE('',#1295,#1741,#1743,.T.);
#1741 = VERTEX_POINT('',#1742);
#1742 = CARTESIAN_POINT('',(1.95,-1.7,1.025));
#1743 = LINE('',#1744,#1745);
#1744 = CARTESIAN_POINT('',(1.95,-1.7,0.778829828783));
#1745 = VECTOR('',#1746,1.);
#1746 = DIRECTION('',(0.,0.,1.));
#1747 = ORIENTED_EDGE('',*,*,#1748,.F.);
#1748 = EDGE_CURVE('',#1732,#1741,#1749,.T.);
#1749 = LINE('',#1750,#1751);
#1750 = CARTESIAN_POINT('',(1.95,2.275,1.025));
#1751 = VECTOR('',#1752,1.);
#1752 = DIRECTION('',(2.22044604925E-16,-1.,0.));
#1753 = PLANE('',#1754);
#1754 = AXIS2_PLACEMENT_3D('',#1755,#1756,#1757);
#1755 = CARTESIAN_POINT('',(1.95,2.275,1.025));
#1756 = DIRECTION('',(-1.,-2.22044604925E-16,0.));
#1757 = DIRECTION('',(2.22044604925E-16,-1.,0.));
#1758 = ADVANCED_FACE('',(#1759),#1784,.F.);
#1759 = FACE_BOUND('',#1760,.F.);
#1760 = EDGE_LOOP('',(#1761,#1769,#1770,#1778));
#1761 = ORIENTED_EDGE('',*,*,#1762,.F.);
#1762 = EDGE_CURVE('',#1327,#1763,#1765,.T.);
#1763 = VERTEX_POINT('',#1764);
#1764 = CARTESIAN_POINT('',(2.25,0.84,0.825));
#1765 = LINE('',#1766,#1767);
#1766 = CARTESIAN_POINT('',(1.8,0.84,0.825));
#1767 = VECTOR('',#1768,1.);
#1768 = DIRECTION('',(1.,2.22044604925E-16,0.));
#1769 = ORIENTED_EDGE('',*,*,#1326,.T.);
#1770 = ORIENTED_EDGE('',*,*,#1771,.T.);
#1771 = EDGE_CURVE('',#1319,#1772,#1774,.T.);
#1772 = VERTEX_POINT('',#1773);
#1773 = CARTESIAN_POINT('',(2.25,0.43,0.825));
#1774 = LINE('',#1775,#1776);
#1775 = CARTESIAN_POINT('',(1.8,0.43,0.825));
#1776 = VECTOR('',#1777,1.);
#1777 = DIRECTION('',(1.,2.22044604925E-16,0.));
#1778 = ORIENTED_EDGE('',*,*,#1779,.F.);
#1779 = EDGE_CURVE('',#1763,#1772,#1780,.T.);
#1780 = LINE('',#1781,#1782);
#1781 = CARTESIAN_POINT('',(2.25,0.84,0.825));
#1782 = VECTOR('',#1783,1.);
#1783 = DIRECTION('',(2.22044604925E-16,-1.,0.));
#1784 = PLANE('',#1785);
#1785 = AXIS2_PLACEMENT_3D('',#1786,#1787,#1788);
#1786 = CARTESIAN_POINT('',(1.8,0.84,0.825));
#1787 = DIRECTION('',(0.,0.,1.));
#1788 = DIRECTION('',(1.,2.22044604925E-16,-0.));
#1789 = ADVANCED_FACE('',(#1790),#1815,.F.);
#1790 = FACE_BOUND('',#1791,.F.);
#1791 = EDGE_LOOP('',(#1792,#1800,#1801,#1809));
#1792 = ORIENTED_EDGE('',*,*,#1793,.F.);
#1793 = EDGE_CURVE('',#1311,#1794,#1796,.T.);
#1794 = VERTEX_POINT('',#1795);
#1795 = CARTESIAN_POINT('',(2.25,-0.43,0.825));
#1796 = LINE('',#1797,#1798);
#1797 = CARTESIAN_POINT('',(1.8,-0.43,0.825));
#1798 = VECTOR('',#1799,1.);
#1799 = DIRECTION('',(1.,2.22044604925E-16,0.));
#1800 = ORIENTED_EDGE('',*,*,#1310,.T.);
#1801 = ORIENTED_EDGE('',*,*,#1802,.T.);
#1802 = EDGE_CURVE('',#1303,#1803,#1805,.T.);
#1803 = VERTEX_POINT('',#1804);
#1804 = CARTESIAN_POINT('',(2.25,-0.84,0.825));
#1805 = LINE('',#1806,#1807);
#1806 = CARTESIAN_POINT('',(1.8,-0.84,0.825));
#1807 = VECTOR('',#1808,1.);
#1808 = DIRECTION('',(1.,2.22044604925E-16,0.));
#1809 = ORIENTED_EDGE('',*,*,#1810,.F.);
#1810 = EDGE_CURVE('',#1794,#1803,#1811,.T.);
#1811 = LINE('',#1812,#1813);
#1812 = CARTESIAN_POINT('',(2.25,-0.43,0.825));
#1813 = VECTOR('',#1814,1.);
#1814 = DIRECTION('',(2.22044604925E-16,-1.,0.));
#1815 = PLANE('',#1816);
#1816 = AXIS2_PLACEMENT_3D('',#1817,#1818,#1819);
#1817 = CARTESIAN_POINT('',(1.8,-0.43,0.825));
#1818 = DIRECTION('',(0.,0.,1.));
#1819 = DIRECTION('',(1.,2.22044604925E-16,-0.));
#1820 = ADVANCED_FACE('',(#1821),#1846,.F.);
#1821 = FACE_BOUND('',#1822,.F.);
#1822 = EDGE_LOOP('',(#1823,#1831,#1832,#1840));
#1823 = ORIENTED_EDGE('',*,*,#1824,.F.);
#1824 = EDGE_CURVE('',#1319,#1825,#1827,.T.);
#1825 = VERTEX_POINT('',#1826);
#1826 = CARTESIAN_POINT('',(1.95,0.43,1.025));
#1827 = LINE('',#1828,#1829);
#1828 = CARTESIAN_POINT('',(1.95,0.43,0.778829828783));
#1829 = VECTOR('',#1830,1.);
#1830 = DIRECTION('',(0.,0.,1.));
#1831 = ORIENTED_EDGE('',*,*,#1318,.T.);
#1832 = ORIENTED_EDGE('',*,*,#1833,.T.);
#1833 = EDGE_CURVE('',#1311,#1834,#1836,.T.);
#1834 = VERTEX_POINT('',#1835);
#1835 = CARTESIAN_POINT('',(1.95,-0.43,1.025));
#1836 = LINE('',#1837,#1838);
#1837 = CARTESIAN_POINT('',(1.95,-0.43,0.778829828783));
#1838 = VECTOR('',#1839,1.);
#1839 = DIRECTION('',(0.,0.,1.));
#1840 = ORIENTED_EDGE('',*,*,#1841,.F.);
#1841 = EDGE_CURVE('',#1825,#1834,#1842,.T.);
#1842 = LINE('',#1843,#1844);
#1843 = CARTESIAN_POINT('',(1.95,2.275,1.025));
#1844 = VECTOR('',#1845,1.);
#1845 = DIRECTION('',(2.22044604925E-16,-1.,0.));
#1846 = PLANE('',#1847);
#1847 = AXIS2_PLACEMENT_3D('',#1848,#1849,#1850);
#1848 = CARTESIAN_POINT('',(1.95,2.275,1.025));
#1849 = DIRECTION('',(-1.,-2.22044604925E-16,0.));
#1850 = DIRECTION('',(2.22044604925E-16,-1.,0.));
#1851 = ADVANCED_FACE('',(#1852),#1869,.F.);
#1852 = FACE_BOUND('',#1853,.F.);
#1853 = EDGE_LOOP('',(#1854,#1855,#1856,#1864));
#1854 = ORIENTED_EDGE('',*,*,#1626,.T.);
#1855 = ORIENTED_EDGE('',*,*,#1379,.T.);
#1856 = ORIENTED_EDGE('',*,*,#1857,.F.);
#1857 = EDGE_CURVE('',#1858,#1380,#1860,.T.);
#1858 = VERTEX_POINT('',#1859);
#1859 = CARTESIAN_POINT('',(1.775,2.45,1.025));
#1860 = LINE('',#1861,#1862);
#1861 = CARTESIAN_POINT('',(1.775,2.45,1.025));
#1862 = VECTOR('',#1863,1.);
#1863 = DIRECTION('',(0.707106781187,-0.707106781187,0.));
#1864 = ORIENTED_EDGE('',*,*,#1865,.F.);
#1865 = EDGE_CURVE('',#1627,#1858,#1866,.T.);
#1866 = B_SPLINE_CURVE_WITH_KNOTS('',1,(#1867,#1868),.UNSPECIFIED.,.F.,
  .F.,(2,2),(0.,1.),.PIECEWISE_BEZIER_KNOTS.);
#1867 = CARTESIAN_POINT('',(1.775,2.45,0.825));
#1868 = CARTESIAN_POINT('',(1.775,2.45,1.025));
#1869 = PLANE('',#1870);
#1870 = AXIS2_PLACEMENT_3D('',#1871,#1872,#1873);
#1871 = CARTESIAN_POINT('',(1.775,2.45,1.025));
#1872 = DIRECTION('',(-0.707106781187,-0.707106781187,0.));
#1873 = DIRECTION('',(0.707106781187,-0.707106781187,0.));
#1874 = ADVANCED_FACE('',(#1875),#1892,.F.);
#1875 = FACE_BOUND('',#1876,.F.);
#1876 = EDGE_LOOP('',(#1877,#1884,#1885,#1886));
#1877 = ORIENTED_EDGE('',*,*,#1878,.F.);
#1878 = EDGE_CURVE('',#1380,#1879,#1881,.T.);
#1879 = VERTEX_POINT('',#1880);
#1880 = CARTESIAN_POINT('',(1.875,2.2375,1.025));
#1881 = B_SPLINE_CURVE_WITH_KNOTS('',1,(#1882,#1883),.UNSPECIFIED.,.F.,
  .F.,(2,2),(0.,1.),.PIECEWISE_BEZIER_KNOTS.);
#1882 = CARTESIAN_POINT('',(1.95,2.275,1.025));
#1883 = CARTESIAN_POINT('',(1.875,2.2375,1.025));
#1884 = ORIENTED_EDGE('',*,*,#1388,.T.);
#1885 = ORIENTED_EDGE('',*,*,#1426,.T.);
#1886 = ORIENTED_EDGE('',*,*,#1887,.F.);
#1887 = EDGE_CURVE('',#1879,#1419,#1888,.T.);
#1888 = LINE('',#1889,#1890);
#1889 = CARTESIAN_POINT('',(1.875,2.2375,1.025));
#1890 = VECTOR('',#1891,1.);
#1891 = DIRECTION('',(2.22044604925E-16,-1.,0.));
#1892 = B_SPLINE_SURFACE_WITH_KNOTS('',1,1,(
    (#1893,#1894)
    ,(#1895,#1896
    )),.UNSPECIFIED.,.F.,.F.,.F.,(2,2),(2,2),(0.,4.55),(0.,1.),
  .PIECEWISE_BEZIER_KNOTS.);
#1893 = CARTESIAN_POINT('',(1.95,2.275,1.025));
#1894 = CARTESIAN_POINT('',(1.875,2.2375,1.025));
#1895 = CARTESIAN_POINT('',(1.95,-2.275,1.025));
#1896 = CARTESIAN_POINT('',(1.875,-2.2375,1.025));
#1897 = ADVANCED_FACE('',(#1898),#1978,.F.);
#1898 = FACE_BOUND('',#1899,.F.);
#1899 = EDGE_LOOP('',(#1900,#1901,#1902,#1910,#1918,#1926,#1934,#1942,
    #1950,#1958,#1965,#1973));
#1900 = ORIENTED_EDGE('',*,*,#1887,.T.);
#1901 = ORIENTED_EDGE('',*,*,#1418,.T.);
#1902 = ORIENTED_EDGE('',*,*,#1903,.T.);
#1903 = EDGE_CURVE('',#1411,#1904,#1906,.T.);
#1904 = VERTEX_POINT('',#1905);
#1905 = CARTESIAN_POINT('',(1.875,0.84,1.025));
#1906 = LINE('',#1907,#1908);
#1907 = CARTESIAN_POINT('',(1.875,2.2375,1.025));
#1908 = VECTOR('',#1909,1.);
#1909 = DIRECTION('',(2.22044604925E-16,-1.,0.));
#1910 = ORIENTED_EDGE('',*,*,#1911,.T.);
#1911 = EDGE_CURVE('',#1904,#1912,#1914,.T.);
#1912 = VERTEX_POINT('',#1913);
#1913 = CARTESIAN_POINT('',(1.875,0.43,1.025));
#1914 = LINE('',#1915,#1916);
#1915 = CARTESIAN_POINT('',(1.875,2.2375,1.025));
#1916 = VECTOR('',#1917,1.);
#1917 = DIRECTION('',(2.22044604925E-16,-1.,0.));
#1918 = ORIENTED_EDGE('',*,*,#1919,.T.);
#1919 = EDGE_CURVE('',#1912,#1920,#1922,.T.);
#1920 = VERTEX_POINT('',#1921);
#1921 = CARTESIAN_POINT('',(1.875,-0.43,1.025));
#1922 = LINE('',#1923,#1924);
#1923 = CARTESIAN_POINT('',(1.875,2.2375,1.025));
#1924 = VECTOR('',#1925,1.);
#1925 = DIRECTION('',(2.22044604925E-16,-1.,0.));
#1926 = ORIENTED_EDGE('',*,*,#1927,.T.);
#1927 = EDGE_CURVE('',#1920,#1928,#1930,.T.);
#1928 = VERTEX_POINT('',#1929);
#1929 = CARTESIAN_POINT('',(1.875,-0.84,1.025));
#1930 = LINE('',#1931,#1932);
#1931 = CARTESIAN_POINT('',(1.875,2.2375,1.025));
#1932 = VECTOR('',#1933,1.);
#1933 = DIRECTION('',(2.22044604925E-16,-1.,0.));
#1934 = ORIENTED_EDGE('',*,*,#1935,.T.);
#1935 = EDGE_CURVE('',#1928,#1936,#1938,.T.);
#1936 = VERTEX_POINT('',#1937);
#1937 = CARTESIAN_POINT('',(1.875,-1.7,1.025));
#1938 = LINE('',#1939,#1940);
#1939 = CARTESIAN_POINT('',(1.875,2.2375,1.025));
#1940 = VECTOR('',#1941,1.);
#1941 = DIRECTION('',(2.22044604925E-16,-1.,0.));
#1942 = ORIENTED_EDGE('',*,*,#1943,.T.);
#1943 = EDGE_CURVE('',#1936,#1944,#1946,.T.);
#1944 = VERTEX_POINT('',#1945);
#1945 = CARTESIAN_POINT('',(1.875,-2.11,1.025));
#1946 = LINE('',#1947,#1948);
#1947 = CARTESIAN_POINT('',(1.875,2.2375,1.025));
#1948 = VECTOR('',#1949,1.);
#1949 = DIRECTION('',(2.22044604925E-16,-1.,0.));
#1950 = ORIENTED_EDGE('',*,*,#1951,.T.);
#1951 = EDGE_CURVE('',#1944,#1952,#1954,.T.);
#1952 = VERTEX_POINT('',#1953);
#1953 = CARTESIAN_POINT('',(1.875,-2.2375,1.025));
#1954 = LINE('',#1955,#1956);
#1955 = CARTESIAN_POINT('',(1.875,2.2375,1.025));
#1956 = VECTOR('',#1957,1.);
#1957 = DIRECTION('',(2.22044604925E-16,-1.,0.));
#1958 = ORIENTED_EDGE('',*,*,#1959,.T.);
#1959 = EDGE_CURVE('',#1952,#1960,#1962,.T.);
#1960 = VERTEX_POINT('',#1961);
#1961 = CARTESIAN_POINT('',(1.760171280765,-2.180085640382,1.75));
#1962 = B_SPLINE_CURVE_WITH_KNOTS('',1,(#1963,#1964),.UNSPECIFIED.,.F.,
  .F.,(2,2),(0.,1.),.PIECEWISE_BEZIER_KNOTS.);
#1963 = CARTESIAN_POINT('',(1.875,-2.2375,1.025));
#1964 = CARTESIAN_POINT('',(1.760171280765,-2.180085640382,1.75));
#1965 = ORIENTED_EDGE('',*,*,#1966,.F.);
#1966 = EDGE_CURVE('',#1967,#1960,#1969,.T.);
#1967 = VERTEX_POINT('',#1968);
#1968 = CARTESIAN_POINT('',(1.760171280765,2.180085640382,1.75));
#1969 = LINE('',#1970,#1971);
#1970 = CARTESIAN_POINT('',(1.760171280765,2.180085640382,1.75));
#1971 = VECTOR('',#1972,1.);
#1972 = DIRECTION('',(2.22044604925E-16,-1.,0.));
#1973 = ORIENTED_EDGE('',*,*,#1974,.F.);
#1974 = EDGE_CURVE('',#1879,#1967,#1975,.T.);
#1975 = B_SPLINE_CURVE_WITH_KNOTS('',1,(#1976,#1977),.UNSPECIFIED.,.F.,
  .F.,(2,2),(0.,1.),.PIECEWISE_BEZIER_KNOTS.);
#1976 = CARTESIAN_POINT('',(1.875,2.2375,1.025));
#1977 = CARTESIAN_POINT('',(1.760171280765,2.180085640382,1.75));
#1978 = B_SPLINE_SURFACE_WITH_KNOTS('',1,1,(
    (#1979,#1980)
    ,(#1981,#1982
    )),.UNSPECIFIED.,.F.,.F.,.F.,(2,2),(2,2),(0.,4.475),(0.,1.),
  .PIECEWISE_BEZIER_KNOTS.);
#1979 = CARTESIAN_POINT('',(1.875,2.2375,1.025));
#1980 = CARTESIAN_POINT('',(1.760171280765,2.180085640382,1.75));
#1981 = CARTESIAN_POINT('',(1.875,-2.2375,1.025));
#1982 = CARTESIAN_POINT('',(1.760171280765,-2.180085640382,1.75));
#1983 = ADVANCED_FACE('',(#1984),#1995,.F.);
#1984 = FACE_BOUND('',#1985,.F.);
#1985 = EDGE_LOOP('',(#1986,#1987,#1988,#1994));
#1986 = ORIENTED_EDGE('',*,*,#1410,.F.);
#1987 = ORIENTED_EDGE('',*,*,#1547,.T.);
#1988 = ORIENTED_EDGE('',*,*,#1989,.T.);
#1989 = EDGE_CURVE('',#1540,#1904,#1990,.T.);
#1990 = LINE('',#1991,#1992);
#1991 = CARTESIAN_POINT('',(2.25,0.84,1.025));
#1992 = VECTOR('',#1993,1.);
#1993 = DIRECTION('',(-1.,-2.22044604925E-16,0.));
#1994 = ORIENTED_EDGE('',*,*,#1903,.F.);
#1995 = B_SPLINE_SURFACE_WITH_KNOTS('',1,1,(
    (#1996,#1997)
    ,(#1998,#1999
    )),.UNSPECIFIED.,.F.,.F.,.F.,(2,2),(2,2),(0.,4.55),(0.,1.),
  .PIECEWISE_BEZIER_KNOTS.);
#1996 = CARTESIAN_POINT('',(1.95,2.275,1.025));
#1997 = CARTESIAN_POINT('',(1.875,2.2375,1.025));
#1998 = CARTESIAN_POINT('',(1.95,-2.275,1.025));
#1999 = CARTESIAN_POINT('',(1.875,-2.2375,1.025));
#2000 = ADVANCED_FACE('',(#2001),#2087,.F.);
#2001 = FACE_BOUND('',#2002,.F.);
#2002 = EDGE_LOOP('',(#2003,#2004,#2005,#2014,#2022,#2031,#2039,#2047,
    #2055,#2064,#2072,#2081));
#2003 = ORIENTED_EDGE('',*,*,#1539,.F.);
#2004 = ORIENTED_EDGE('',*,*,#1762,.T.);
#2005 = ORIENTED_EDGE('',*,*,#2006,.T.);
#2006 = EDGE_CURVE('',#1763,#2007,#2009,.T.);
#2007 = VERTEX_POINT('',#2008);
#2008 = CARTESIAN_POINT('',(2.35,0.84,0.725));
#2009 = CIRCLE('',#2010,0.1);
#2010 = AXIS2_PLACEMENT_3D('',#2011,#2012,#2013);
#2011 = CARTESIAN_POINT('',(2.25,0.84,0.725));
#2012 = DIRECTION('',(-2.22044604925E-16,1.,0.));
#2013 = DIRECTION('',(4.440892098501E-15,9.860761315262E-31,1.));
#2014 = ORIENTED_EDGE('',*,*,#2015,.T.);
#2015 = EDGE_CURVE('',#2007,#2016,#2018,.T.);
#2016 = VERTEX_POINT('',#2017);
#2017 = CARTESIAN_POINT('',(2.35,0.84,0.3));
#2018 = LINE('',#2019,#2020);
#2019 = CARTESIAN_POINT('',(2.35,0.84,0.725));
#2020 = VECTOR('',#2021,1.);
#2021 = DIRECTION('',(1.044915787883E-15,2.320179133003E-31,-1.));
#2022 = ORIENTED_EDGE('',*,*,#2023,.T.);
#2023 = EDGE_CURVE('',#2016,#2024,#2026,.T.);
#2024 = VERTEX_POINT('',#2025);
#2025 = CARTESIAN_POINT('',(2.65,0.84,5.551115123126E-17));
#2026 = CIRCLE('',#2027,0.3);
#2027 = AXIS2_PLACEMENT_3D('',#2028,#2029,#2030);
#2028 = CARTESIAN_POINT('',(2.65,0.84,0.3));
#2029 = DIRECTION('',(2.22044604925E-16,-1.,0.));
#2030 = DIRECTION('',(-1.,-2.22044604925E-16,3.515706244646E-15));
#2031 = ORIENTED_EDGE('',*,*,#2032,.T.);
#2032 = EDGE_CURVE('',#2024,#2033,#2035,.T.);
#2033 = VERTEX_POINT('',#2034);
#2034 = CARTESIAN_POINT('',(3.,0.84,5.551115123126E-17));
#2035 = LINE('',#2036,#2037);
#2036 = CARTESIAN_POINT('',(2.65,0.84,5.551115123126E-17));
#2037 = VECTOR('',#2038,1.);
#2038 = DIRECTION('',(1.,2.22044604925E-16,0.));
#2039 = ORIENTED_EDGE('',*,*,#2040,.T.);
#2040 = EDGE_CURVE('',#2033,#2041,#2043,.T.);
#2041 = VERTEX_POINT('',#2042);
#2042 = CARTESIAN_POINT('',(3.,0.84,0.2));
#2043 = LINE('',#2044,#2045);
#2044 = CARTESIAN_POINT('',(3.,0.84,5.551115123126E-17));
#2045 = VECTOR('',#2046,1.);
#2046 = DIRECTION('',(0.,0.,1.));
#2047 = ORIENTED_EDGE('',*,*,#2048,.T.);
#2048 = EDGE_CURVE('',#2041,#2049,#2051,.T.);
#2049 = VERTEX_POINT('',#2050);
#2050 = CARTESIAN_POINT('',(2.65,0.84,0.2));
#2051 = LINE('',#2052,#2053);
#2052 = CARTESIAN_POINT('',(3.,0.84,0.2));
#2053 = VECTOR('',#2054,1.);
#2054 = DIRECTION('',(-1.,-2.22044604925E-16,0.));
#2055 = ORIENTED_EDGE('',*,*,#2056,.T.);
#2056 = EDGE_CURVE('',#2049,#2057,#2059,.T.);
#2057 = VERTEX_POINT('',#2058);
#2058 = CARTESIAN_POINT('',(2.55,0.84,0.3));
#2059 = CIRCLE('',#2060,0.1);
#2060 = AXIS2_PLACEMENT_3D('',#2061,#2062,#2063);
#2061 = CARTESIAN_POINT('',(2.65,0.84,0.3));
#2062 = DIRECTION('',(-2.22044604925E-16,1.,0.));
#2063 = DIRECTION('',(0.,0.,-1.));
#2064 = ORIENTED_EDGE('',*,*,#2065,.T.);
#2065 = EDGE_CURVE('',#2057,#2066,#2068,.T.);
#2066 = VERTEX_POINT('',#2067);
#2067 = CARTESIAN_POINT('',(2.55,0.84,0.725));
#2068 = LINE('',#2069,#2070);
#2069 = CARTESIAN_POINT('',(2.55,0.84,0.3));
#2070 = VECTOR('',#2071,1.);
#2071 = DIRECTION('',(0.,0.,1.));
#2072 = ORIENTED_EDGE('',*,*,#2073,.T.);
#2073 = EDGE_CURVE('',#2066,#2074,#2076,.T.);
#2074 = VERTEX_POINT('',#2075);
#2075 = CARTESIAN_POINT('',(2.25,0.84,1.025));
#2076 = CIRCLE('',#2077,0.3);
#2077 = AXIS2_PLACEMENT_3D('',#2078,#2079,#2080);
#2078 = CARTESIAN_POINT('',(2.25,0.84,0.725));
#2079 = DIRECTION('',(2.22044604925E-16,-1.,0.));
#2080 = DIRECTION('',(1.,2.22044604925E-16,3.700743415417E-16));
#2081 = ORIENTED_EDGE('',*,*,#2082,.T.);
#2082 = EDGE_CURVE('',#2074,#1540,#2083,.T.);
#2083 = LINE('',#2084,#2085);
#2084 = CARTESIAN_POINT('',(2.25,0.84,1.025));
#2085 = VECTOR('',#2086,1.);
#2086 = DIRECTION('',(-1.,-2.22044604925E-16,0.));
#2087 = PLANE('',#2088);
#2088 = AXIS2_PLACEMENT_3D('',#2089,#2090,#2091);
#2089 = CARTESIAN_POINT('',(2.41578967201,0.84,0.532659657565));
#2090 = DIRECTION('',(2.22044604925E-16,-1.,0.));
#2091 = DIRECTION('',(0.,0.,1.));
#2092 = ADVANCED_FACE('',(#2093),#2110,.F.);
#2093 = FACE_BOUND('',#2094,.F.);
#2094 = EDGE_LOOP('',(#2095,#2096,#2097,#2105));
#2095 = ORIENTED_EDGE('',*,*,#1561,.T.);
#2096 = ORIENTED_EDGE('',*,*,#1634,.T.);
#2097 = ORIENTED_EDGE('',*,*,#2098,.F.);
#2098 = EDGE_CURVE('',#2099,#1627,#2101,.T.);
#2099 = VERTEX_POINT('',#2100);
#2100 = CARTESIAN_POINT('',(-1.775,2.45,0.825));
#2101 = LINE('',#2102,#2103);
#2102 = CARTESIAN_POINT('',(-1.775,2.45,0.825));
#2103 = VECTOR('',#2104,1.);
#2104 = DIRECTION('',(1.,2.22044604925E-16,0.));
#2105 = ORIENTED_EDGE('',*,*,#2106,.F.);
#2106 = EDGE_CURVE('',#1562,#2099,#2107,.T.);
#2107 = B_SPLINE_CURVE_WITH_KNOTS('',1,(#2108,#2109),.UNSPECIFIED.,.F.,
  .F.,(2,2),(0.,1.),.PIECEWISE_BEZIER_KNOTS.);
#2108 = CARTESIAN_POINT('',(-1.717585640382,2.335171280765,0.1));
#2109 = CARTESIAN_POINT('',(-1.775,2.45,0.825));
#2110 = B_SPLINE_SURFACE_WITH_KNOTS('',1,1,(
    (#2111,#2112)
    ,(#2113,#2114
    )),.UNSPECIFIED.,.F.,.F.,.F.,(2,2),(2,2),(0.,3.55),(0.,1.),
  .PIECEWISE_BEZIER_KNOTS.);
#2111 = CARTESIAN_POINT('',(-1.717585640382,2.335171280765,0.1));
#2112 = CARTESIAN_POINT('',(-1.775,2.45,0.825));
#2113 = CARTESIAN_POINT('',(1.717585640382,2.335171280765,0.1));
#2114 = CARTESIAN_POINT('',(1.775,2.45,0.825));
#2115 = ADVANCED_FACE('',(#2116),#2133,.F.);
#2116 = FACE_BOUND('',#2117,.F.);
#2117 = EDGE_LOOP('',(#2118,#2119,#2126,#2132));
#2118 = ORIENTED_EDGE('',*,*,#1586,.T.);
#2119 = ORIENTED_EDGE('',*,*,#2120,.T.);
#2120 = EDGE_CURVE('',#1587,#2121,#2123,.T.);
#2121 = VERTEX_POINT('',#2122);
#2122 = CARTESIAN_POINT('',(-1.775,-2.45,0.825));
#2123 = B_SPLINE_CURVE_WITH_KNOTS('',1,(#2124,#2125),.UNSPECIFIED.,.F.,
  .F.,(2,2),(0.,1.),.PIECEWISE_BEZIER_KNOTS.);
#2124 = CARTESIAN_POINT('',(-1.717585640382,-2.335171280765,0.1));
#2125 = CARTESIAN_POINT('',(-1.775,-2.45,0.825));
#2126 = ORIENTED_EDGE('',*,*,#2127,.F.);
#2127 = EDGE_CURVE('',#1649,#2121,#2128,.T.);
#2128 = LINE('',#2129,#2130);
#2129 = CARTESIAN_POINT('',(1.775,-2.45,0.825));
#2130 = VECTOR('',#2131,1.);
#2131 = DIRECTION('',(-1.,-2.22044604925E-16,0.));
#2132 = ORIENTED_EDGE('',*,*,#1648,.F.);
#2133 = B_SPLINE_SURFACE_WITH_KNOTS('',1,1,(
    (#2134,#2135)
    ,(#2136,#2137
    )),.UNSPECIFIED.,.F.,.F.,.F.,(2,2),(2,2),(0.,3.55),(0.,1.),
  .PIECEWISE_BEZIER_KNOTS.);
#2134 = CARTESIAN_POINT('',(1.717585640382,-2.335171280765,0.1));
#2135 = CARTESIAN_POINT('',(1.775,-2.45,0.825));
#2136 = CARTESIAN_POINT('',(-1.717585640382,-2.335171280765,0.1));
#2137 = CARTESIAN_POINT('',(-1.775,-2.45,0.825));
#2138 = ADVANCED_FACE('',(#2139),#2156,.F.);
#2139 = FACE_BOUND('',#2140,.F.);
#2140 = EDGE_LOOP('',(#2141,#2142,#2149,#2155));
#2141 = ORIENTED_EDGE('',*,*,#1594,.T.);
#2142 = ORIENTED_EDGE('',*,*,#2143,.T.);
#2143 = EDGE_CURVE('',#1595,#2144,#2146,.T.);
#2144 = VERTEX_POINT('',#2145);
#2145 = CARTESIAN_POINT('',(-1.95,-2.275,0.825));
#2146 = B_SPLINE_CURVE_WITH_KNOTS('',1,(#2147,#2148),.UNSPECIFIED.,.F.,
  .F.,(2,2),(0.,1.),.PIECEWISE_BEZIER_KNOTS.);
#2147 = CARTESIAN_POINT('',(-1.835171280765,-2.217585640382,0.1));
#2148 = CARTESIAN_POINT('',(-1.95,-2.275,0.825));
#2149 = ORIENTED_EDGE('',*,*,#2150,.F.);
#2150 = EDGE_CURVE('',#2121,#2144,#2151,.T.);
#2151 = LINE('',#2152,#2153);
#2152 = CARTESIAN_POINT('',(-1.775,-2.45,0.825));
#2153 = VECTOR('',#2154,1.);
#2154 = DIRECTION('',(-0.707106781187,0.707106781187,0.));
#2155 = ORIENTED_EDGE('',*,*,#2120,.F.);
#2156 = B_SPLINE_SURFACE_WITH_KNOTS('',1,1,(
    (#2157,#2158)
    ,(#2159,#2160
    )),.UNSPECIFIED.,.F.,.F.,.F.,(2,2),(2,2),(0.,0.247487373415),(0.,1.)
  ,.PIECEWISE_BEZIER_KNOTS.);
#2157 = CARTESIAN_POINT('',(-1.717585640382,-2.335171280765,0.1));
#2158 = CARTESIAN_POINT('',(-1.775,-2.45,0.825));
#2159 = CARTESIAN_POINT('',(-1.835171280765,-2.217585640382,0.1));
#2160 = CARTESIAN_POINT('',(-1.95,-2.275,0.825));
#2161 = ADVANCED_FACE('',(#2162),#2243,.F.);
#2162 = FACE_BOUND('',#2163,.F.);
#2163 = EDGE_LOOP('',(#2164,#2165,#2172,#2180,#2188,#2196,#2204,#2212,
    #2220,#2228,#2236,#2242));
#2164 = ORIENTED_EDGE('',*,*,#1602,.T.);
#2165 = ORIENTED_EDGE('',*,*,#2166,.T.);
#2166 = EDGE_CURVE('',#1603,#2167,#2169,.T.);
#2167 = VERTEX_POINT('',#2168);
#2168 = CARTESIAN_POINT('',(-1.95,2.275,0.825));
#2169 = B_SPLINE_CURVE_WITH_KNOTS('',1,(#2170,#2171),.UNSPECIFIED.,.F.,
  .F.,(2,2),(0.,1.),.PIECEWISE_BEZIER_KNOTS.);
#2170 = CARTESIAN_POINT('',(-1.835171280765,2.217585640382,0.1));
#2171 = CARTESIAN_POINT('',(-1.95,2.275,0.825));
#2172 = ORIENTED_EDGE('',*,*,#2173,.F.);
#2173 = EDGE_CURVE('',#2174,#2167,#2176,.T.);
#2174 = VERTEX_POINT('',#2175);
#2175 = CARTESIAN_POINT('',(-1.95,2.11,0.825));
#2176 = LINE('',#2177,#2178);
#2177 = CARTESIAN_POINT('',(-1.95,-2.275,0.825));
#2178 = VECTOR('',#2179,1.);
#2179 = DIRECTION('',(-2.22044604925E-16,1.,0.));
#2180 = ORIENTED_EDGE('',*,*,#2181,.F.);
#2181 = EDGE_CURVE('',#2182,#2174,#2184,.T.);
#2182 = VERTEX_POINT('',#2183);
#2183 = CARTESIAN_POINT('',(-1.95,1.7,0.825));
#2184 = LINE('',#2185,#2186);
#2185 = CARTESIAN_POINT('',(-1.95,-2.275,0.825));
#2186 = VECTOR('',#2187,1.);
#2187 = DIRECTION('',(-2.22044604925E-16,1.,0.));
#2188 = ORIENTED_EDGE('',*,*,#2189,.F.);
#2189 = EDGE_CURVE('',#2190,#2182,#2192,.T.);
#2190 = VERTEX_POINT('',#2191);
#2191 = CARTESIAN_POINT('',(-1.95,0.84,0.825));
#2192 = LINE('',#2193,#2194);
#2193 = CARTESIAN_POINT('',(-1.95,-2.275,0.825));
#2194 = VECTOR('',#2195,1.);
#2195 = DIRECTION('',(-2.22044604925E-16,1.,0.));
#2196 = ORIENTED_EDGE('',*,*,#2197,.F.);
#2197 = EDGE_CURVE('',#2198,#2190,#2200,.T.);
#2198 = VERTEX_POINT('',#2199);
#2199 = CARTESIAN_POINT('',(-1.95,0.43,0.825));
#2200 = LINE('',#2201,#2202);
#2201 = CARTESIAN_POINT('',(-1.95,-2.275,0.825));
#2202 = VECTOR('',#2203,1.);
#2203 = DIRECTION('',(-2.22044604925E-16,1.,0.));
#2204 = ORIENTED_EDGE('',*,*,#2205,.F.);
#2205 = EDGE_CURVE('',#2206,#2198,#2208,.T.);
#2206 = VERTEX_POINT('',#2207);
#2207 = CARTESIAN_POINT('',(-1.95,-0.43,0.825));
#2208 = LINE('',#2209,#2210);
#2209 = CARTESIAN_POINT('',(-1.95,-2.275,0.825));
#2210 = VECTOR('',#2211,1.);
#2211 = DIRECTION('',(-2.22044604925E-16,1.,0.));
#2212 = ORIENTED_EDGE('',*,*,#2213,.F.);
#2213 = EDGE_CURVE('',#2214,#2206,#2216,.T.);
#2214 = VERTEX_POINT('',#2215);
#2215 = CARTESIAN_POINT('',(-1.95,-0.84,0.825));
#2216 = LINE('',#2217,#2218);
#2217 = CARTESIAN_POINT('',(-1.95,-2.275,0.825));
#2218 = VECTOR('',#2219,1.);
#2219 = DIRECTION('',(-2.22044604925E-16,1.,0.));
#2220 = ORIENTED_EDGE('',*,*,#2221,.F.);
#2221 = EDGE_CURVE('',#2222,#2214,#2224,.T.);
#2222 = VERTEX_POINT('',#2223);
#2223 = CARTESIAN_POINT('',(-1.95,-1.7,0.825));
#2224 = LINE('',#2225,#2226);
#2225 = CARTESIAN_POINT('',(-1.95,-2.275,0.825));
#2226 = VECTOR('',#2227,1.);
#2227 = DIRECTION('',(-2.22044604925E-16,1.,0.));
#2228 = ORIENTED_EDGE('',*,*,#2229,.F.);
#2229 = EDGE_CURVE('',#2230,#2222,#2232,.T.);
#2230 = VERTEX_POINT('',#2231);
#2231 = CARTESIAN_POINT('',(-1.95,-2.11,0.825));
#2232 = LINE('',#2233,#2234);
#2233 = CARTESIAN_POINT('',(-1.95,-2.275,0.825));
#2234 = VECTOR('',#2235,1.);
#2235 = DIRECTION('',(-2.22044604925E-16,1.,0.));
#2236 = ORIENTED_EDGE('',*,*,#2237,.F.);
#2237 = EDGE_CURVE('',#2144,#2230,#2238,.T.);
#2238 = LINE('',#2239,#2240);
#2239 = CARTESIAN_POINT('',(-1.95,-2.275,0.825));
#2240 = VECTOR('',#2241,1.);
#2241 = DIRECTION('',(-2.22044604925E-16,1.,0.));
#2242 = ORIENTED_EDGE('',*,*,#2143,.F.);
#2243 = B_SPLINE_SURFACE_WITH_KNOTS('',1,1,(
    (#2244,#2245)
    ,(#2246,#2247
    )),.UNSPECIFIED.,.F.,.F.,.F.,(2,2),(2,2),(0.,4.55),(0.,1.),
  .PIECEWISE_BEZIER_KNOTS.);
#2244 = CARTESIAN_POINT('',(-1.835171280765,-2.217585640382,0.1));
#2245 = CARTESIAN_POINT('',(-1.95,-2.275,0.825));
#2246 = CARTESIAN_POINT('',(-1.835171280765,2.217585640382,0.1));
#2247 = CARTESIAN_POINT('',(-1.95,2.275,0.825));
#2248 = ADVANCED_FACE('',(#2249),#2260,.F.);
#2249 = FACE_BOUND('',#2250,.F.);
#2250 = EDGE_LOOP('',(#2251,#2252,#2253,#2259));
#2251 = ORIENTED_EDGE('',*,*,#1610,.T.);
#2252 = ORIENTED_EDGE('',*,*,#2106,.T.);
#2253 = ORIENTED_EDGE('',*,*,#2254,.F.);
#2254 = EDGE_CURVE('',#2167,#2099,#2255,.T.);
#2255 = LINE('',#2256,#2257);
#2256 = CARTESIAN_POINT('',(-1.95,2.275,0.825));
#2257 = VECTOR('',#2258,1.);
#2258 = DIRECTION('',(0.707106781187,0.707106781187,0.));
#2259 = ORIENTED_EDGE('',*,*,#2166,.F.);
#2260 = B_SPLINE_SURFACE_WITH_KNOTS('',1,1,(
    (#2261,#2262)
    ,(#2263,#2264
    )),.UNSPECIFIED.,.F.,.F.,.F.,(2,2),(2,2),(0.,0.247487373415),(0.,1.)
  ,.PIECEWISE_BEZIER_KNOTS.);
#2261 = CARTESIAN_POINT('',(-1.835171280765,2.217585640382,0.1));
#2262 = CARTESIAN_POINT('',(-1.95,2.275,0.825));
#2263 = CARTESIAN_POINT('',(-1.717585640382,2.335171280765,0.1));
#2264 = CARTESIAN_POINT('',(-1.775,2.45,0.825));
#2265 = ADVANCED_FACE('',(#2266),#2283,.F.);
#2266 = FACE_BOUND('',#2267,.F.);
#2267 = EDGE_LOOP('',(#2268,#2269,#2276,#2282));
#2268 = ORIENTED_EDGE('',*,*,#1655,.T.);
#2269 = ORIENTED_EDGE('',*,*,#2270,.T.);
#2270 = EDGE_CURVE('',#1649,#2271,#2273,.T.);
#2271 = VERTEX_POINT('',#2272);
#2272 = CARTESIAN_POINT('',(1.775,-2.45,1.025));
#2273 = B_SPLINE_CURVE_WITH_KNOTS('',1,(#2274,#2275),.UNSPECIFIED.,.F.,
  .F.,(2,2),(0.,1.),.PIECEWISE_BEZIER_KNOTS.);
#2274 = CARTESIAN_POINT('',(1.775,-2.45,0.825));
#2275 = CARTESIAN_POINT('',(1.775,-2.45,1.025));
#2276 = ORIENTED_EDGE('',*,*,#2277,.F.);
#2277 = EDGE_CURVE('',#1680,#2271,#2278,.T.);
#2278 = LINE('',#2279,#2280);
#2279 = CARTESIAN_POINT('',(1.95,-2.275,1.025));
#2280 = VECTOR('',#2281,1.);
#2281 = DIRECTION('',(-0.707106781187,-0.707106781187,0.));
#2282 = ORIENTED_EDGE('',*,*,#1679,.F.);
#2283 = PLANE('',#2284);
#2284 = AXIS2_PLACEMENT_3D('',#2285,#2286,#2287);
#2285 = CARTESIAN_POINT('',(1.95,-2.275,1.025));
#2286 = DIRECTION('',(-0.707106781187,0.707106781187,0.));
#2287 = DIRECTION('',(-0.707106781187,-0.707106781187,0.));
#2288 = ADVANCED_FACE('',(#2289),#2375,.T.);
#2289 = FACE_BOUND('',#2290,.T.);
#2290 = EDGE_LOOP('',(#2291,#2292,#2293,#2302,#2310,#2319,#2327,#2335,
    #2343,#2352,#2360,#2369));
#2291 = ORIENTED_EDGE('',*,*,#1670,.F.);
#2292 = ORIENTED_EDGE('',*,*,#1709,.T.);
#2293 = ORIENTED_EDGE('',*,*,#2294,.T.);
#2294 = EDGE_CURVE('',#1710,#2295,#2297,.T.);
#2295 = VERTEX_POINT('',#2296);
#2296 = CARTESIAN_POINT('',(2.35,-2.11,0.725));
#2297 = CIRCLE('',#2298,0.1);
#2298 = AXIS2_PLACEMENT_3D('',#2299,#2300,#2301);
#2299 = CARTESIAN_POINT('',(2.25,-2.11,0.725));
#2300 = DIRECTION('',(-2.22044604925E-16,1.,0.));
#2301 = DIRECTION('',(4.440892098501E-15,9.860761315262E-31,1.));
#2302 = ORIENTED_EDGE('',*,*,#2303,.T.);
#2303 = EDGE_CURVE('',#2295,#2304,#2306,.T.);
#2304 = VERTEX_POINT('',#2305);
#2305 = CARTESIAN_POINT('',(2.35,-2.11,0.3));
#2306 = LINE('',#2307,#2308);
#2307 = CARTESIAN_POINT('',(2.35,-2.11,0.725));
#2308 = VECTOR('',#2309,1.);
#2309 = DIRECTION('',(1.044915787883E-15,2.320179133003E-31,-1.));
#2310 = ORIENTED_EDGE('',*,*,#2311,.T.);
#2311 = EDGE_CURVE('',#2304,#2312,#2314,.T.);
#2312 = VERTEX_POINT('',#2313);
#2313 = CARTESIAN_POINT('',(2.65,-2.11,5.551115123126E-17));
#2314 = CIRCLE('',#2315,0.3);
#2315 = AXIS2_PLACEMENT_3D('',#2316,#2317,#2318);
#2316 = CARTESIAN_POINT('',(2.65,-2.11,0.3));
#2317 = DIRECTION('',(2.22044604925E-16,-1.,0.));
#2318 = DIRECTION('',(-1.,-2.22044604925E-16,3.515706244646E-15));
#2319 = ORIENTED_EDGE('',*,*,#2320,.T.);
#2320 = EDGE_CURVE('',#2312,#2321,#2323,.T.);
#2321 = VERTEX_POINT('',#2322);
#2322 = CARTESIAN_POINT('',(3.,-2.11,5.551115123126E-17));
#2323 = LINE('',#2324,#2325);
#2324 = CARTESIAN_POINT('',(2.65,-2.11,5.551115123126E-17));
#2325 = VECTOR('',#2326,1.);
#2326 = DIRECTION('',(1.,2.22044604925E-16,0.));
#2327 = ORIENTED_EDGE('',*,*,#2328,.T.);
#2328 = EDGE_CURVE('',#2321,#2329,#2331,.T.);
#2329 = VERTEX_POINT('',#2330);
#2330 = CARTESIAN_POINT('',(3.,-2.11,0.2));
#2331 = LINE('',#2332,#2333);
#2332 = CARTESIAN_POINT('',(3.,-2.11,5.551115123126E-17));
#2333 = VECTOR('',#2334,1.);
#2334 = DIRECTION('',(0.,0.,1.));
#2335 = ORIENTED_EDGE('',*,*,#2336,.T.);
#2336 = EDGE_CURVE('',#2329,#2337,#2339,.T.);
#2337 = VERTEX_POINT('',#2338);
#2338 = CARTESIAN_POINT('',(2.65,-2.11,0.2));
#2339 = LINE('',#2340,#2341);
#2340 = CARTESIAN_POINT('',(3.,-2.11,0.2));
#2341 = VECTOR('',#2342,1.);
#2342 = DIRECTION('',(-1.,-2.22044604925E-16,0.));
#2343 = ORIENTED_EDGE('',*,*,#2344,.T.);
#2344 = EDGE_CURVE('',#2337,#2345,#2347,.T.);
#2345 = VERTEX_POINT('',#2346);
#2346 = CARTESIAN_POINT('',(2.55,-2.11,0.3));
#2347 = CIRCLE('',#2348,0.1);
#2348 = AXIS2_PLACEMENT_3D('',#2349,#2350,#2351);
#2349 = CARTESIAN_POINT('',(2.65,-2.11,0.3));
#2350 = DIRECTION('',(-2.22044604925E-16,1.,0.));
#2351 = DIRECTION('',(0.,0.,-1.));
#2352 = ORIENTED_EDGE('',*,*,#2353,.T.);
#2353 = EDGE_CURVE('',#2345,#2354,#2356,.T.);
#2354 = VERTEX_POINT('',#2355);
#2355 = CARTESIAN_POINT('',(2.55,-2.11,0.725));
#2356 = LINE('',#2357,#2358);
#2357 = CARTESIAN_POINT('',(2.55,-2.11,0.3));
#2358 = VECTOR('',#2359,1.);
#2359 = DIRECTION('',(0.,0.,1.));
#2360 = ORIENTED_EDGE('',*,*,#2361,.T.);
#2361 = EDGE_CURVE('',#2354,#2362,#2364,.T.);
#2362 = VERTEX_POINT('',#2363);
#2363 = CARTESIAN_POINT('',(2.25,-2.11,1.025));
#2364 = CIRCLE('',#2365,0.3);
#2365 = AXIS2_PLACEMENT_3D('',#2366,#2367,#2368);
#2366 = CARTESIAN_POINT('',(2.25,-2.11,0.725));
#2367 = DIRECTION('',(2.22044604925E-16,-1.,0.));
#2368 = DIRECTION('',(1.,2.22044604925E-16,3.700743415417E-16));
#2369 = ORIENTED_EDGE('',*,*,#2370,.T.);
#2370 = EDGE_CURVE('',#2362,#1671,#2371,.T.);
#2371 = LINE('',#2372,#2373);
#2372 = CARTESIAN_POINT('',(2.25,-2.11,1.025));
#2373 = VECTOR('',#2374,1.);
#2374 = DIRECTION('',(-1.,-2.22044604925E-16,0.));
#2375 = PLANE('',#2376);
#2376 = AXIS2_PLACEMENT_3D('',#2377,#2378,#2379);
#2377 = CARTESIAN_POINT('',(2.41578967201,-2.11,0.532659657565));
#2378 = DIRECTION('',(2.22044604925E-16,-1.,0.));
#2379 = DIRECTION('',(0.,0.,1.));
#2380 = ADVANCED_FACE('',(#2381),#2396,.F.);
#2381 = FACE_BOUND('',#2382,.F.);
#2382 = EDGE_LOOP('',(#2383,#2389,#2390,#2395));
#2383 = ORIENTED_EDGE('',*,*,#2384,.F.);
#2384 = EDGE_CURVE('',#1671,#1944,#2385,.T.);
#2385 = LINE('',#2386,#2387);
#2386 = CARTESIAN_POINT('',(2.25,-2.11,1.025));
#2387 = VECTOR('',#2388,1.);
#2388 = DIRECTION('',(-1.,-2.22044604925E-16,0.));
#2389 = ORIENTED_EDGE('',*,*,#1686,.T.);
#2390 = ORIENTED_EDGE('',*,*,#2391,.T.);
#2391 = EDGE_CURVE('',#1680,#1952,#2392,.T.);
#2392 = B_SPLINE_CURVE_WITH_KNOTS('',1,(#2393,#2394),.UNSPECIFIED.,.F.,
  .F.,(2,2),(0.,1.),.PIECEWISE_BEZIER_KNOTS.);
#2393 = CARTESIAN_POINT('',(1.95,-2.275,1.025));
#2394 = CARTESIAN_POINT('',(1.875,-2.2375,1.025));
#2395 = ORIENTED_EDGE('',*,*,#1951,.F.);
#2396 = B_SPLINE_SURFACE_WITH_KNOTS('',1,1,(
    (#2397,#2398)
    ,(#2399,#2400
    )),.UNSPECIFIED.,.F.,.F.,.F.,(2,2),(2,2),(0.,4.55),(0.,1.),
  .PIECEWISE_BEZIER_KNOTS.);
#2397 = CARTESIAN_POINT('',(1.95,2.275,1.025));
#2398 = CARTESIAN_POINT('',(1.875,2.2375,1.025));
#2399 = CARTESIAN_POINT('',(1.95,-2.275,1.025));
#2400 = CARTESIAN_POINT('',(1.875,-2.2375,1.025));
#2401 = ADVANCED_FACE('',(#2402),#2488,.F.);
#2402 = FACE_BOUND('',#2403,.F.);
#2403 = EDGE_LOOP('',(#2404,#2405,#2406,#2415,#2423,#2432,#2440,#2448,
    #2456,#2465,#2473,#2482));
#2404 = ORIENTED_EDGE('',*,*,#1740,.F.);
#2405 = ORIENTED_EDGE('',*,*,#1700,.T.);
#2406 = ORIENTED_EDGE('',*,*,#2407,.T.);
#2407 = EDGE_CURVE('',#1701,#2408,#2410,.T.);
#2408 = VERTEX_POINT('',#2409);
#2409 = CARTESIAN_POINT('',(2.35,-1.7,0.725));
#2410 = CIRCLE('',#2411,0.1);
#2411 = AXIS2_PLACEMENT_3D('',#2412,#2413,#2414);
#2412 = CARTESIAN_POINT('',(2.25,-1.7,0.725));
#2413 = DIRECTION('',(-2.22044604925E-16,1.,0.));
#2414 = DIRECTION('',(4.440892098501E-15,9.860761315262E-31,1.));
#2415 = ORIENTED_EDGE('',*,*,#2416,.T.);
#2416 = EDGE_CURVE('',#2408,#2417,#2419,.T.);
#2417 = VERTEX_POINT('',#2418);
#2418 = CARTESIAN_POINT('',(2.35,-1.7,0.3));
#2419 = LINE('',#2420,#2421);
#2420 = CARTESIAN_POINT('',(2.35,-1.7,0.725));
#2421 = VECTOR('',#2422,1.);
#2422 = DIRECTION('',(1.044915787883E-15,2.320179133003E-31,-1.));
#2423 = ORIENTED_EDGE('',*,*,#2424,.T.);
#2424 = EDGE_CURVE('',#2417,#2425,#2427,.T.);
#2425 = VERTEX_POINT('',#2426);
#2426 = CARTESIAN_POINT('',(2.65,-1.7,5.551115123126E-17));
#2427 = CIRCLE('',#2428,0.3);
#2428 = AXIS2_PLACEMENT_3D('',#2429,#2430,#2431);
#2429 = CARTESIAN_POINT('',(2.65,-1.7,0.3));
#2430 = DIRECTION('',(2.22044604925E-16,-1.,0.));
#2431 = DIRECTION('',(-1.,-2.22044604925E-16,3.515706244646E-15));
#2432 = ORIENTED_EDGE('',*,*,#2433,.T.);
#2433 = EDGE_CURVE('',#2425,#2434,#2436,.T.);
#2434 = VERTEX_POINT('',#2435);
#2435 = CARTESIAN_POINT('',(3.,-1.7,5.551115123126E-17));
#2436 = LINE('',#2437,#2438);
#2437 = CARTESIAN_POINT('',(2.65,-1.7,5.551115123126E-17));
#2438 = VECTOR('',#2439,1.);
#2439 = DIRECTION('',(1.,2.22044604925E-16,0.));
#2440 = ORIENTED_EDGE('',*,*,#2441,.T.);
#2441 = EDGE_CURVE('',#2434,#2442,#2444,.T.);
#2442 = VERTEX_POINT('',#2443);
#2443 = CARTESIAN_POINT('',(3.,-1.7,0.2));
#2444 = LINE('',#2445,#2446);
#2445 = CARTESIAN_POINT('',(3.,-1.7,5.551115123126E-17));
#2446 = VECTOR('',#2447,1.);
#2447 = DIRECTION('',(0.,0.,1.));
#2448 = ORIENTED_EDGE('',*,*,#2449,.T.);
#2449 = EDGE_CURVE('',#2442,#2450,#2452,.T.);
#2450 = VERTEX_POINT('',#2451);
#2451 = CARTESIAN_POINT('',(2.65,-1.7,0.2));
#2452 = LINE('',#2453,#2454);
#2453 = CARTESIAN_POINT('',(3.,-1.7,0.2));
#2454 = VECTOR('',#2455,1.);
#2455 = DIRECTION('',(-1.,-2.22044604925E-16,0.));
#2456 = ORIENTED_EDGE('',*,*,#2457,.T.);
#2457 = EDGE_CURVE('',#2450,#2458,#2460,.T.);
#2458 = VERTEX_POINT('',#2459);
#2459 = CARTESIAN_POINT('',(2.55,-1.7,0.3));
#2460 = CIRCLE('',#2461,0.1);
#2461 = AXIS2_PLACEMENT_3D('',#2462,#2463,#2464);
#2462 = CARTESIAN_POINT('',(2.65,-1.7,0.3));
#2463 = DIRECTION('',(-2.22044604925E-16,1.,0.));
#2464 = DIRECTION('',(0.,0.,-1.));
#2465 = ORIENTED_EDGE('',*,*,#2466,.T.);
#2466 = EDGE_CURVE('',#2458,#2467,#2469,.T.);
#2467 = VERTEX_POINT('',#2468);
#2468 = CARTESIAN_POINT('',(2.55,-1.7,0.725));
#2469 = LINE('',#2470,#2471);
#2470 = CARTESIAN_POINT('',(2.55,-1.7,0.3));
#2471 = VECTOR('',#2472,1.);
#2472 = DIRECTION('',(0.,0.,1.));
#2473 = ORIENTED_EDGE('',*,*,#2474,.T.);
#2474 = EDGE_CURVE('',#2467,#2475,#2477,.T.);
#2475 = VERTEX_POINT('',#2476);
#2476 = CARTESIAN_POINT('',(2.25,-1.7,1.025));
#2477 = CIRCLE('',#2478,0.3);
#2478 = AXIS2_PLACEMENT_3D('',#2479,#2480,#2481);
#2479 = CARTESIAN_POINT('',(2.25,-1.7,0.725));
#2480 = DIRECTION('',(2.22044604925E-16,-1.,0.));
#2481 = DIRECTION('',(1.,2.22044604925E-16,3.700743415417E-16));
#2482 = ORIENTED_EDGE('',*,*,#2483,.T.);
#2483 = EDGE_CURVE('',#2475,#1741,#2484,.T.);
#2484 = LINE('',#2485,#2486);
#2485 = CARTESIAN_POINT('',(2.25,-1.7,1.025));
#2486 = VECTOR('',#2487,1.);
#2487 = DIRECTION('',(-1.,-2.22044604925E-16,0.));
#2488 = PLANE('',#2489);
#2489 = AXIS2_PLACEMENT_3D('',#2490,#2491,#2492);
#2490 = CARTESIAN_POINT('',(2.41578967201,-1.7,0.532659657565));
#2491 = DIRECTION('',(2.22044604925E-16,-1.,0.));
#2492 = DIRECTION('',(0.,0.,1.));
#2493 = ADVANCED_FACE('',(#2494),#2505,.F.);
#2494 = FACE_BOUND('',#2495,.F.);
#2495 = EDGE_LOOP('',(#2496,#2497,#2498,#2504));
#2496 = ORIENTED_EDGE('',*,*,#1717,.T.);
#2497 = ORIENTED_EDGE('',*,*,#2294,.T.);
#2498 = ORIENTED_EDGE('',*,*,#2499,.F.);
#2499 = EDGE_CURVE('',#2408,#2295,#2500,.T.);
#2500 = LINE('',#2501,#2502);
#2501 = CARTESIAN_POINT('',(2.35,-1.7,0.725));
#2502 = VECTOR('',#2503,1.);
#2503 = DIRECTION('',(2.22044604925E-16,-1.,0.));
#2504 = ORIENTED_EDGE('',*,*,#2407,.F.);
#2505 = CYLINDRICAL_SURFACE('',#2506,0.1);
#2506 = AXIS2_PLACEMENT_3D('',#2507,#2508,#2509);
#2507 = CARTESIAN_POINT('',(2.25,-1.7,0.725));
#2508 = DIRECTION('',(-2.22044604925E-16,1.,0.));
#2509 = DIRECTION('',(4.440892098501E-15,9.860761315262E-31,1.));
#2510 = ADVANCED_FACE('',(#2511),#2597,.T.);
#2511 = FACE_BOUND('',#2512,.T.);
#2512 = EDGE_LOOP('',(#2513,#2514,#2515,#2524,#2532,#2541,#2549,#2557,
    #2565,#2574,#2582,#2591));
#2513 = ORIENTED_EDGE('',*,*,#1731,.F.);
#2514 = ORIENTED_EDGE('',*,*,#1802,.T.);
#2515 = ORIENTED_EDGE('',*,*,#2516,.T.);
#2516 = EDGE_CURVE('',#1803,#2517,#2519,.T.);
#2517 = VERTEX_POINT('',#2518);
#2518 = CARTESIAN_POINT('',(2.35,-0.84,0.725));
#2519 = CIRCLE('',#2520,0.1);
#2520 = AXIS2_PLACEMENT_3D('',#2521,#2522,#2523);
#2521 = CARTESIAN_POINT('',(2.25,-0.84,0.725));
#2522 = DIRECTION('',(-2.22044604925E-16,1.,0.));
#2523 = DIRECTION('',(4.440892098501E-15,9.860761315262E-31,1.));
#2524 = ORIENTED_EDGE('',*,*,#2525,.T.);
#2525 = EDGE_CURVE('',#2517,#2526,#2528,.T.);
#2526 = VERTEX_POINT('',#2527);
#2527 = CARTESIAN_POINT('',(2.35,-0.84,0.3));
#2528 = LINE('',#2529,#2530);
#2529 = CARTESIAN_POINT('',(2.35,-0.84,0.725));
#2530 = VECTOR('',#2531,1.);
#2531 = DIRECTION('',(1.044915787883E-15,2.320179133003E-31,-1.));
#2532 = ORIENTED_EDGE('',*,*,#2533,.T.);
#2533 = EDGE_CURVE('',#2526,#2534,#2536,.T.);
#2534 = VERTEX_POINT('',#2535);
#2535 = CARTESIAN_POINT('',(2.65,-0.84,5.551115123126E-17));
#2536 = CIRCLE('',#2537,0.3);
#2537 = AXIS2_PLACEMENT_3D('',#2538,#2539,#2540);
#2538 = CARTESIAN_POINT('',(2.65,-0.84,0.3));
#2539 = DIRECTION('',(2.22044604925E-16,-1.,0.));
#2540 = DIRECTION('',(-1.,-2.22044604925E-16,3.515706244646E-15));
#2541 = ORIENTED_EDGE('',*,*,#2542,.T.);
#2542 = EDGE_CURVE('',#2534,#2543,#2545,.T.);
#2543 = VERTEX_POINT('',#2544);
#2544 = CARTESIAN_POINT('',(3.,-0.84,5.551115123126E-17));
#2545 = LINE('',#2546,#2547);
#2546 = CARTESIAN_POINT('',(2.65,-0.84,5.551115123126E-17));
#2547 = VECTOR('',#2548,1.);
#2548 = DIRECTION('',(1.,2.22044604925E-16,0.));
#2549 = ORIENTED_EDGE('',*,*,#2550,.T.);
#2550 = EDGE_CURVE('',#2543,#2551,#2553,.T.);
#2551 = VERTEX_POINT('',#2552);
#2552 = CARTESIAN_POINT('',(3.,-0.84,0.2));
#2553 = LINE('',#2554,#2555);
#2554 = CARTESIAN_POINT('',(3.,-0.84,5.551115123126E-17));
#2555 = VECTOR('',#2556,1.);
#2556 = DIRECTION('',(0.,0.,1.));
#2557 = ORIENTED_EDGE('',*,*,#2558,.T.);
#2558 = EDGE_CURVE('',#2551,#2559,#2561,.T.);
#2559 = VERTEX_POINT('',#2560);
#2560 = CARTESIAN_POINT('',(2.65,-0.84,0.2));
#2561 = LINE('',#2562,#2563);
#2562 = CARTESIAN_POINT('',(3.,-0.84,0.2));
#2563 = VECTOR('',#2564,1.);
#2564 = DIRECTION('',(-1.,-2.22044604925E-16,0.));
#2565 = ORIENTED_EDGE('',*,*,#2566,.T.);
#2566 = EDGE_CURVE('',#2559,#2567,#2569,.T.);
#2567 = VERTEX_POINT('',#2568);
#2568 = CARTESIAN_POINT('',(2.55,-0.84,0.3));
#2569 = CIRCLE('',#2570,0.1);
#2570 = AXIS2_PLACEMENT_3D('',#2571,#2572,#2573);
#2571 = CARTESIAN_POINT('',(2.65,-0.84,0.3));
#2572 = DIRECTION('',(-2.22044604925E-16,1.,0.));
#2573 = DIRECTION('',(0.,0.,-1.));
#2574 = ORIENTED_EDGE('',*,*,#2575,.T.);
#2575 = EDGE_CURVE('',#2567,#2576,#2578,.T.);
#2576 = VERTEX_POINT('',#2577);
#2577 = CARTESIAN_POINT('',(2.55,-0.84,0.725));
#2578 = LINE('',#2579,#2580);
#2579 = CARTESIAN_POINT('',(2.55,-0.84,0.3));
#2580 = VECTOR('',#2581,1.);
#2581 = DIRECTION('',(0.,0.,1.));
#2582 = ORIENTED_EDGE('',*,*,#2583,.T.);
#2583 = EDGE_CURVE('',#2576,#2584,#2586,.T.);
#2584 = VERTEX_POINT('',#2585);
#2585 = CARTESIAN_POINT('',(2.25,-0.84,1.025));
#2586 = CIRCLE('',#2587,0.3);
#2587 = AXIS2_PLACEMENT_3D('',#2588,#2589,#2590);
#2588 = CARTESIAN_POINT('',(2.25,-0.84,0.725));
#2589 = DIRECTION('',(2.22044604925E-16,-1.,0.));
#2590 = DIRECTION('',(1.,2.22044604925E-16,3.700743415417E-16));
#2591 = ORIENTED_EDGE('',*,*,#2592,.T.);
#2592 = EDGE_CURVE('',#2584,#1732,#2593,.T.);
#2593 = LINE('',#2594,#2595);
#2594 = CARTESIAN_POINT('',(2.25,-0.84,1.025));
#2595 = VECTOR('',#2596,1.);
#2596 = DIRECTION('',(-1.,-2.22044604925E-16,0.));
#2597 = PLANE('',#2598);
#2598 = AXIS2_PLACEMENT_3D('',#2599,#2600,#2601);
#2599 = CARTESIAN_POINT('',(2.41578967201,-0.84,0.532659657565));
#2600 = DIRECTION('',(2.22044604925E-16,-1.,0.));
#2601 = DIRECTION('',(0.,0.,1.));
#2602 = ADVANCED_FACE('',(#2603),#2619,.F.);
#2603 = FACE_BOUND('',#2604,.F.);
#2604 = EDGE_LOOP('',(#2605,#2611,#2612,#2618));
#2605 = ORIENTED_EDGE('',*,*,#2606,.F.);
#2606 = EDGE_CURVE('',#1732,#1928,#2607,.T.);
#2607 = LINE('',#2608,#2609);
#2608 = CARTESIAN_POINT('',(2.25,-0.84,1.025));
#2609 = VECTOR('',#2610,1.);
#2610 = DIRECTION('',(-1.,-2.22044604925E-16,0.));
#2611 = ORIENTED_EDGE('',*,*,#1748,.T.);
#2612 = ORIENTED_EDGE('',*,*,#2613,.T.);
#2613 = EDGE_CURVE('',#1741,#1936,#2614,.T.);
#2614 = LINE('',#2615,#2616);
#2615 = CARTESIAN_POINT('',(2.25,-1.7,1.025));
#2616 = VECTOR('',#2617,1.);
#2617 = DIRECTION('',(-1.,-2.22044604925E-16,0.));
#2618 = ORIENTED_EDGE('',*,*,#1935,.F.);
#2619 = B_SPLINE_SURFACE_WITH_KNOTS('',1,1,(
    (#2620,#2621)
    ,(#2622,#2623
    )),.UNSPECIFIED.,.F.,.F.,.F.,(2,2),(2,2),(0.,4.55),(0.,1.),
  .PIECEWISE_BEZIER_KNOTS.);
#2620 = CARTESIAN_POINT('',(1.95,2.275,1.025));
#2621 = CARTESIAN_POINT('',(1.875,2.2375,1.025));
#2622 = CARTESIAN_POINT('',(1.95,-2.275,1.025));
#2623 = CARTESIAN_POINT('',(1.875,-2.2375,1.025));
#2624 = ADVANCED_FACE('',(#2625),#2644,.F.);
#2625 = FACE_BOUND('',#2626,.F.);
#2626 = EDGE_LOOP('',(#2627,#2628,#2637,#2643));
#2627 = ORIENTED_EDGE('',*,*,#1779,.T.);
#2628 = ORIENTED_EDGE('',*,*,#2629,.T.);
#2629 = EDGE_CURVE('',#1772,#2630,#2632,.T.);
#2630 = VERTEX_POINT('',#2631);
#2631 = CARTESIAN_POINT('',(2.35,0.43,0.725));
#2632 = CIRCLE('',#2633,0.1);
#2633 = AXIS2_PLACEMENT_3D('',#2634,#2635,#2636);
#2634 = CARTESIAN_POINT('',(2.25,0.43,0.725));
#2635 = DIRECTION('',(-2.22044604925E-16,1.,0.));
#2636 = DIRECTION('',(4.440892098501E-15,9.860761315262E-31,1.));
#2637 = ORIENTED_EDGE('',*,*,#2638,.F.);
#2638 = EDGE_CURVE('',#2007,#2630,#2639,.T.);
#2639 = LINE('',#2640,#2641);
#2640 = CARTESIAN_POINT('',(2.35,0.84,0.725));
#2641 = VECTOR('',#2642,1.);
#2642 = DIRECTION('',(2.22044604925E-16,-1.,0.));
#2643 = ORIENTED_EDGE('',*,*,#2006,.F.);
#2644 = CYLINDRICAL_SURFACE('',#2645,0.1);
#2645 = AXIS2_PLACEMENT_3D('',#2646,#2647,#2648);
#2646 = CARTESIAN_POINT('',(2.25,0.84,0.725));
#2647 = DIRECTION('',(-2.22044604925E-16,1.,0.));
#2648 = DIRECTION('',(4.440892098501E-15,9.860761315262E-31,1.));
#2649 = ADVANCED_FACE('',(#2650),#2728,.T.);
#2650 = FACE_BOUND('',#2651,.T.);
#2651 = EDGE_LOOP('',(#2652,#2653,#2654,#2655,#2663,#2672,#2680,#2688,
    #2696,#2705,#2713,#2722));
#2652 = ORIENTED_EDGE('',*,*,#1824,.F.);
#2653 = ORIENTED_EDGE('',*,*,#1771,.T.);
#2654 = ORIENTED_EDGE('',*,*,#2629,.T.);
#2655 = ORIENTED_EDGE('',*,*,#2656,.T.);
#2656 = EDGE_CURVE('',#2630,#2657,#2659,.T.);
#2657 = VERTEX_POINT('',#2658);
#2658 = CARTESIAN_POINT('',(2.35,0.43,0.3));
#2659 = LINE('',#2660,#2661);
#2660 = CARTESIAN_POINT('',(2.35,0.43,0.725));
#2661 = VECTOR('',#2662,1.);
#2662 = DIRECTION('',(1.044915787883E-15,2.320179133003E-31,-1.));
#2663 = ORIENTED_EDGE('',*,*,#2664,.T.);
#2664 = EDGE_CURVE('',#2657,#2665,#2667,.T.);
#2665 = VERTEX_POINT('',#2666);
#2666 = CARTESIAN_POINT('',(2.65,0.43,5.551115123126E-17));
#2667 = CIRCLE('',#2668,0.3);
#2668 = AXIS2_PLACEMENT_3D('',#2669,#2670,#2671);
#2669 = CARTESIAN_POINT('',(2.65,0.43,0.3));
#2670 = DIRECTION('',(2.22044604925E-16,-1.,0.));
#2671 = DIRECTION('',(-1.,-2.22044604925E-16,3.515706244646E-15));
#2672 = ORIENTED_EDGE('',*,*,#2673,.T.);
#2673 = EDGE_CURVE('',#2665,#2674,#2676,.T.);
#2674 = VERTEX_POINT('',#2675);
#2675 = CARTESIAN_POINT('',(3.,0.43,5.551115123126E-17));
#2676 = LINE('',#2677,#2678);
#2677 = CARTESIAN_POINT('',(2.65,0.43,5.551115123126E-17));
#2678 = VECTOR('',#2679,1.);
#2679 = DIRECTION('',(1.,2.22044604925E-16,0.));
#2680 = ORIENTED_EDGE('',*,*,#2681,.T.);
#2681 = EDGE_CURVE('',#2674,#2682,#2684,.T.);
#2682 = VERTEX_POINT('',#2683);
#2683 = CARTESIAN_POINT('',(3.,0.43,0.2));
#2684 = LINE('',#2685,#2686);
#2685 = CARTESIAN_POINT('',(3.,0.43,5.551115123126E-17));
#2686 = VECTOR('',#2687,1.);
#2687 = DIRECTION('',(0.,0.,1.));
#2688 = ORIENTED_EDGE('',*,*,#2689,.T.);
#2689 = EDGE_CURVE('',#2682,#2690,#2692,.T.);
#2690 = VERTEX_POINT('',#2691);
#2691 = CARTESIAN_POINT('',(2.65,0.43,0.2));
#2692 = LINE('',#2693,#2694);
#2693 = CARTESIAN_POINT('',(3.,0.43,0.2));
#2694 = VECTOR('',#2695,1.);
#2695 = DIRECTION('',(-1.,-2.22044604925E-16,0.));
#2696 = ORIENTED_EDGE('',*,*,#2697,.T.);
#2697 = EDGE_CURVE('',#2690,#2698,#2700,.T.);
#2698 = VERTEX_POINT('',#2699);
#2699 = CARTESIAN_POINT('',(2.55,0.43,0.3));
#2700 = CIRCLE('',#2701,0.1);
#2701 = AXIS2_PLACEMENT_3D('',#2702,#2703,#2704);
#2702 = CARTESIAN_POINT('',(2.65,0.43,0.3));
#2703 = DIRECTION('',(-2.22044604925E-16,1.,0.));
#2704 = DIRECTION('',(0.,0.,-1.));
#2705 = ORIENTED_EDGE('',*,*,#2706,.T.);
#2706 = EDGE_CURVE('',#2698,#2707,#2709,.T.);
#2707 = VERTEX_POINT('',#2708);
#2708 = CARTESIAN_POINT('',(2.55,0.43,0.725));
#2709 = LINE('',#2710,#2711);
#2710 = CARTESIAN_POINT('',(2.55,0.43,0.3));
#2711 = VECTOR('',#2712,1.);
#2712 = DIRECTION('',(0.,0.,1.));
#2713 = ORIENTED_EDGE('',*,*,#2714,.T.);
#2714 = EDGE_CURVE('',#2707,#2715,#2717,.T.);
#2715 = VERTEX_POINT('',#2716);
#2716 = CARTESIAN_POINT('',(2.25,0.43,1.025));
#2717 = CIRCLE('',#2718,0.3);
#2718 = AXIS2_PLACEMENT_3D('',#2719,#2720,#2721);
#2719 = CARTESIAN_POINT('',(2.25,0.43,0.725));
#2720 = DIRECTION('',(2.22044604925E-16,-1.,0.));
#2721 = DIRECTION('',(1.,2.22044604925E-16,3.700743415417E-16));
#2722 = ORIENTED_EDGE('',*,*,#2723,.T.);
#2723 = EDGE_CURVE('',#2715,#1825,#2724,.T.);
#2724 = LINE('',#2725,#2726);
#2725 = CARTESIAN_POINT('',(2.25,0.43,1.025));
#2726 = VECTOR('',#2727,1.);
#2727 = DIRECTION('',(-1.,-2.22044604925E-16,0.));
#2728 = PLANE('',#2729);
#2729 = AXIS2_PLACEMENT_3D('',#2730,#2731,#2732);
#2730 = CARTESIAN_POINT('',(2.41578967201,0.43,0.532659657565));
#2731 = DIRECTION('',(2.22044604925E-16,-1.,0.));
#2732 = DIRECTION('',(0.,0.,1.));
#2733 = ADVANCED_FACE('',(#2734),#2820,.F.);
#2734 = FACE_BOUND('',#2735,.F.);
#2735 = EDGE_LOOP('',(#2736,#2737,#2738,#2747,#2755,#2764,#2772,#2780,
    #2788,#2797,#2805,#2814));
#2736 = ORIENTED_EDGE('',*,*,#1833,.F.);
#2737 = ORIENTED_EDGE('',*,*,#1793,.T.);
#2738 = ORIENTED_EDGE('',*,*,#2739,.T.);
#2739 = EDGE_CURVE('',#1794,#2740,#2742,.T.);
#2740 = VERTEX_POINT('',#2741);
#2741 = CARTESIAN_POINT('',(2.35,-0.43,0.725));
#2742 = CIRCLE('',#2743,0.1);
#2743 = AXIS2_PLACEMENT_3D('',#2744,#2745,#2746);
#2744 = CARTESIAN_POINT('',(2.25,-0.43,0.725));
#2745 = DIRECTION('',(-2.22044604925E-16,1.,0.));
#2746 = DIRECTION('',(4.440892098501E-15,9.860761315262E-31,1.));
#2747 = ORIENTED_EDGE('',*,*,#2748,.T.);
#2748 = EDGE_CURVE('',#2740,#2749,#2751,.T.);
#2749 = VERTEX_POINT('',#2750);
#2750 = CARTESIAN_POINT('',(2.35,-0.43,0.3));
#2751 = LINE('',#2752,#2753);
#2752 = CARTESIAN_POINT('',(2.35,-0.43,0.725));
#2753 = VECTOR('',#2754,1.);
#2754 = DIRECTION('',(1.044915787883E-15,2.320179133003E-31,-1.));
#2755 = ORIENTED_EDGE('',*,*,#2756,.T.);
#2756 = EDGE_CURVE('',#2749,#2757,#2759,.T.);
#2757 = VERTEX_POINT('',#2758);
#2758 = CARTESIAN_POINT('',(2.65,-0.43,5.551115123126E-17));
#2759 = CIRCLE('',#2760,0.3);
#2760 = AXIS2_PLACEMENT_3D('',#2761,#2762,#2763);
#2761 = CARTESIAN_POINT('',(2.65,-0.43,0.3));
#2762 = DIRECTION('',(2.22044604925E-16,-1.,0.));
#2763 = DIRECTION('',(-1.,-2.22044604925E-16,3.515706244646E-15));
#2764 = ORIENTED_EDGE('',*,*,#2765,.T.);
#2765 = EDGE_CURVE('',#2757,#2766,#2768,.T.);
#2766 = VERTEX_POINT('',#2767);
#2767 = CARTESIAN_POINT('',(3.,-0.43,5.551115123126E-17));
#2768 = LINE('',#2769,#2770);
#2769 = CARTESIAN_POINT('',(2.65,-0.43,5.551115123126E-17));
#2770 = VECTOR('',#2771,1.);
#2771 = DIRECTION('',(1.,2.22044604925E-16,0.));
#2772 = ORIENTED_EDGE('',*,*,#2773,.T.);
#2773 = EDGE_CURVE('',#2766,#2774,#2776,.T.);
#2774 = VERTEX_POINT('',#2775);
#2775 = CARTESIAN_POINT('',(3.,-0.43,0.2));
#2776 = LINE('',#2777,#2778);
#2777 = CARTESIAN_POINT('',(3.,-0.43,5.551115123126E-17));
#2778 = VECTOR('',#2779,1.);
#2779 = DIRECTION('',(0.,0.,1.));
#2780 = ORIENTED_EDGE('',*,*,#2781,.T.);
#2781 = EDGE_CURVE('',#2774,#2782,#2784,.T.);
#2782 = VERTEX_POINT('',#2783);
#2783 = CARTESIAN_POINT('',(2.65,-0.43,0.2));
#2784 = LINE('',#2785,#2786);
#2785 = CARTESIAN_POINT('',(3.,-0.43,0.2));
#2786 = VECTOR('',#2787,1.);
#2787 = DIRECTION('',(-1.,-2.22044604925E-16,0.));
#2788 = ORIENTED_EDGE('',*,*,#2789,.T.);
#2789 = EDGE_CURVE('',#2782,#2790,#2792,.T.);
#2790 = VERTEX_POINT('',#2791);
#2791 = CARTESIAN_POINT('',(2.55,-0.43,0.3));
#2792 = CIRCLE('',#2793,0.1);
#2793 = AXIS2_PLACEMENT_3D('',#2794,#2795,#2796);
#2794 = CARTESIAN_POINT('',(2.65,-0.43,0.3));
#2795 = DIRECTION('',(-2.22044604925E-16,1.,0.));
#2796 = DIRECTION('',(0.,0.,-1.));
#2797 = ORIENTED_EDGE('',*,*,#2798,.T.);
#2798 = EDGE_CURVE('',#2790,#2799,#2801,.T.);
#2799 = VERTEX_POINT('',#2800);
#2800 = CARTESIAN_POINT('',(2.55,-0.43,0.725));
#2801 = LINE('',#2802,#2803);
#2802 = CARTESIAN_POINT('',(2.55,-0.43,0.3));
#2803 = VECTOR('',#2804,1.);
#2804 = DIRECTION('',(0.,0.,1.));
#2805 = ORIENTED_EDGE('',*,*,#2806,.T.);
#2806 = EDGE_CURVE('',#2799,#2807,#2809,.T.);
#2807 = VERTEX_POINT('',#2808);
#2808 = CARTESIAN_POINT('',(2.25,-0.43,1.025));
#2809 = CIRCLE('',#2810,0.3);
#2810 = AXIS2_PLACEMENT_3D('',#2811,#2812,#2813);
#2811 = CARTESIAN_POINT('',(2.25,-0.43,0.725));
#2812 = DIRECTION('',(2.22044604925E-16,-1.,0.));
#2813 = DIRECTION('',(1.,2.22044604925E-16,3.700743415417E-16));
#2814 = ORIENTED_EDGE('',*,*,#2815,.T.);
#2815 = EDGE_CURVE('',#2807,#1834,#2816,.T.);
#2816 = LINE('',#2817,#2818);
#2817 = CARTESIAN_POINT('',(2.25,-0.43,1.025));
#2818 = VECTOR('',#2819,1.);
#2819 = DIRECTION('',(-1.,-2.22044604925E-16,0.));
#2820 = PLANE('',#2821);
#2821 = AXIS2_PLACEMENT_3D('',#2822,#2823,#2824);
#2822 = CARTESIAN_POINT('',(2.41578967201,-0.43,0.532659657565));
#2823 = DIRECTION('',(2.22044604925E-16,-1.,0.));
#2824 = DIRECTION('',(0.,0.,1.));
#2825 = ADVANCED_FACE('',(#2826),#2837,.F.);
#2826 = FACE_BOUND('',#2827,.F.);
#2827 = EDGE_LOOP('',(#2828,#2829,#2830,#2836));
#2828 = ORIENTED_EDGE('',*,*,#1810,.T.);
#2829 = ORIENTED_EDGE('',*,*,#2516,.T.);
#2830 = ORIENTED_EDGE('',*,*,#2831,.F.);
#2831 = EDGE_CURVE('',#2740,#2517,#2832,.T.);
#2832 = LINE('',#2833,#2834);
#2833 = CARTESIAN_POINT('',(2.35,-0.43,0.725));
#2834 = VECTOR('',#2835,1.);
#2835 = DIRECTION('',(2.22044604925E-16,-1.,0.));
#2836 = ORIENTED_EDGE('',*,*,#2739,.F.);
#2837 = CYLINDRICAL_SURFACE('',#2838,0.1);
#2838 = AXIS2_PLACEMENT_3D('',#2839,#2840,#2841);
#2839 = CARTESIAN_POINT('',(2.25,-0.43,0.725));
#2840 = DIRECTION('',(-2.22044604925E-16,1.,0.));
#2841 = DIRECTION('',(4.440892098501E-15,9.860761315262E-31,1.));
#2842 = ADVANCED_FACE('',(#2843),#2859,.F.);
#2843 = FACE_BOUND('',#2844,.F.);
#2844 = EDGE_LOOP('',(#2845,#2851,#2852,#2858));
#2845 = ORIENTED_EDGE('',*,*,#2846,.F.);
#2846 = EDGE_CURVE('',#1825,#1912,#2847,.T.);
#2847 = LINE('',#2848,#2849);
#2848 = CARTESIAN_POINT('',(2.25,0.43,1.025));
#2849 = VECTOR('',#2850,1.);
#2850 = DIRECTION('',(-1.,-2.22044604925E-16,0.));
#2851 = ORIENTED_EDGE('',*,*,#1841,.T.);
#2852 = ORIENTED_EDGE('',*,*,#2853,.T.);
#2853 = EDGE_CURVE('',#1834,#1920,#2854,.T.);
#2854 = LINE('',#2855,#2856);
#2855 = CARTESIAN_POINT('',(2.25,-0.43,1.025));
#2856 = VECTOR('',#2857,1.);
#2857 = DIRECTION('',(-1.,-2.22044604925E-16,0.));
#2858 = ORIENTED_EDGE('',*,*,#1919,.F.);
#2859 = B_SPLINE_SURFACE_WITH_KNOTS('',1,1,(
    (#2860,#2861)
    ,(#2862,#2863
    )),.UNSPECIFIED.,.F.,.F.,.F.,(2,2),(2,2),(0.,4.55),(0.,1.),
  .PIECEWISE_BEZIER_KNOTS.);
#2860 = CARTESIAN_POINT('',(1.95,2.275,1.025));
#2861 = CARTESIAN_POINT('',(1.875,2.2375,1.025));
#2862 = CARTESIAN_POINT('',(1.95,-2.275,1.025));
#2863 = CARTESIAN_POINT('',(1.875,-2.2375,1.025));
#2864 = ADVANCED_FACE('',(#2865),#2882,.F.);
#2865 = FACE_BOUND('',#2866,.F.);
#2866 = EDGE_LOOP('',(#2867,#2868,#2869,#2877));
#2867 = ORIENTED_EDGE('',*,*,#1857,.T.);
#2868 = ORIENTED_EDGE('',*,*,#1878,.T.);
#2869 = ORIENTED_EDGE('',*,*,#2870,.F.);
#2870 = EDGE_CURVE('',#2871,#1879,#2873,.T.);
#2871 = VERTEX_POINT('',#2872);
#2872 = CARTESIAN_POINT('',(1.7375,2.375,1.025));
#2873 = LINE('',#2874,#2875);
#2874 = CARTESIAN_POINT('',(1.7375,2.375,1.025));
#2875 = VECTOR('',#2876,1.);
#2876 = DIRECTION('',(0.707106781187,-0.707106781187,0.));
#2877 = ORIENTED_EDGE('',*,*,#2878,.F.);
#2878 = EDGE_CURVE('',#1858,#2871,#2879,.T.);
#2879 = B_SPLINE_CURVE_WITH_KNOTS('',1,(#2880,#2881),.UNSPECIFIED.,.F.,
  .F.,(2,2),(0.,1.),.PIECEWISE_BEZIER_KNOTS.);
#2880 = CARTESIAN_POINT('',(1.775,2.45,1.025));
#2881 = CARTESIAN_POINT('',(1.7375,2.375,1.025));
#2882 = B_SPLINE_SURFACE_WITH_KNOTS('',1,1,(
    (#2883,#2884)
    ,(#2885,#2886
    )),.UNSPECIFIED.,.F.,.F.,.F.,(2,2),(2,2),(0.,0.247487373415),(0.,1.)
  ,.PIECEWISE_BEZIER_KNOTS.);
#2883 = CARTESIAN_POINT('',(1.775,2.45,1.025));
#2884 = CARTESIAN_POINT('',(1.7375,2.375,1.025));
#2885 = CARTESIAN_POINT('',(1.95,2.275,1.025));
#2886 = CARTESIAN_POINT('',(1.875,2.2375,1.025));
#2887 = ADVANCED_FACE('',(#2888),#2905,.F.);
#2888 = FACE_BOUND('',#2889,.F.);
#2889 = EDGE_LOOP('',(#2890,#2891,#2892,#2900));
#2890 = ORIENTED_EDGE('',*,*,#2098,.T.);
#2891 = ORIENTED_EDGE('',*,*,#1865,.T.);
#2892 = ORIENTED_EDGE('',*,*,#2893,.F.);
#2893 = EDGE_CURVE('',#2894,#1858,#2896,.T.);
#2894 = VERTEX_POINT('',#2895);
#2895 = CARTESIAN_POINT('',(-1.775,2.45,1.025));
#2896 = LINE('',#2897,#2898);
#2897 = CARTESIAN_POINT('',(-1.775,2.45,1.025));
#2898 = VECTOR('',#2899,1.);
#2899 = DIRECTION('',(1.,2.22044604925E-16,0.));
#2900 = ORIENTED_EDGE('',*,*,#2901,.F.);
#2901 = EDGE_CURVE('',#2099,#2894,#2902,.T.);
#2902 = B_SPLINE_CURVE_WITH_KNOTS('',1,(#2903,#2904),.UNSPECIFIED.,.F.,
  .F.,(2,2),(0.,1.),.PIECEWISE_BEZIER_KNOTS.);
#2903 = CARTESIAN_POINT('',(-1.775,2.45,0.825));
#2904 = CARTESIAN_POINT('',(-1.775,2.45,1.025));
#2905 = PLANE('',#2906);
#2906 = AXIS2_PLACEMENT_3D('',#2907,#2908,#2909);
#2907 = CARTESIAN_POINT('',(-1.775,2.45,1.025));
#2908 = DIRECTION('',(2.22044604925E-16,-1.,0.));
#2909 = DIRECTION('',(1.,2.22044604925E-16,0.));
#2910 = ADVANCED_FACE('',(#2911),#2928,.F.);
#2911 = FACE_BOUND('',#2912,.F.);
#2912 = EDGE_LOOP('',(#2913,#2914,#2915,#2923));
#2913 = ORIENTED_EDGE('',*,*,#2870,.T.);
#2914 = ORIENTED_EDGE('',*,*,#1974,.T.);
#2915 = ORIENTED_EDGE('',*,*,#2916,.F.);
#2916 = EDGE_CURVE('',#2917,#1967,#2919,.T.);
#2917 = VERTEX_POINT('',#2918);
#2918 = CARTESIAN_POINT('',(1.680085640382,2.260171280765,1.75));
#2919 = LINE('',#2920,#2921);
#2920 = CARTESIAN_POINT('',(1.680085640382,2.260171280765,1.75));
#2921 = VECTOR('',#2922,1.);
#2922 = DIRECTION('',(0.707106781187,-0.707106781187,0.));
#2923 = ORIENTED_EDGE('',*,*,#2924,.F.);
#2924 = EDGE_CURVE('',#2871,#2917,#2925,.T.);
#2925 = B_SPLINE_CURVE_WITH_KNOTS('',1,(#2926,#2927),.UNSPECIFIED.,.F.,
  .F.,(2,2),(0.,1.),.PIECEWISE_BEZIER_KNOTS.);
#2926 = CARTESIAN_POINT('',(1.7375,2.375,1.025));
#2927 = CARTESIAN_POINT('',(1.680085640382,2.260171280765,1.75));
#2928 = B_SPLINE_SURFACE_WITH_KNOTS('',1,1,(
    (#2929,#2930)
    ,(#2931,#2932
    )),.UNSPECIFIED.,.F.,.F.,.F.,(2,2),(2,2),(0.,0.194454364826),(0.,1.)
  ,.PIECEWISE_BEZIER_KNOTS.);
#2929 = CARTESIAN_POINT('',(1.7375,2.375,1.025));
#2930 = CARTESIAN_POINT('',(1.680085640382,2.260171280765,1.75));
#2931 = CARTESIAN_POINT('',(1.875,2.2375,1.025));
#2932 = CARTESIAN_POINT('',(1.760171280765,2.180085640382,1.75));
#2933 = ADVANCED_FACE('',(#2934,#2984),#2995,.F.);
#2934 = FACE_BOUND('',#2935,.F.);
#2935 = EDGE_LOOP('',(#2936,#2944,#2945,#2946,#2954,#2962,#2970,#2978));
#2936 = ORIENTED_EDGE('',*,*,#2937,.T.);
#2937 = EDGE_CURVE('',#2938,#2917,#2940,.T.);
#2938 = VERTEX_POINT('',#2939);
#2939 = CARTESIAN_POINT('',(-1.680085640382,2.260171280765,1.75));
#2940 = LINE('',#2941,#2942);
#2941 = CARTESIAN_POINT('',(-1.680085640382,2.260171280765,1.75));
#2942 = VECTOR('',#2943,1.);
#2943 = DIRECTION('',(1.,2.22044604925E-16,0.));
#2944 = ORIENTED_EDGE('',*,*,#2916,.T.);
#2945 = ORIENTED_EDGE('',*,*,#1966,.T.);
#2946 = ORIENTED_EDGE('',*,*,#2947,.T.);
#2947 = EDGE_CURVE('',#1960,#2948,#2950,.T.);
#2948 = VERTEX_POINT('',#2949);
#2949 = CARTESIAN_POINT('',(1.680085640382,-2.260171280765,1.75));
#2950 = LINE('',#2951,#2952);
#2951 = CARTESIAN_POINT('',(1.760171280765,-2.180085640382,1.75));
#2952 = VECTOR('',#2953,1.);
#2953 = DIRECTION('',(-0.707106781187,-0.707106781187,0.));
#2954 = ORIENTED_EDGE('',*,*,#2955,.T.);
#2955 = EDGE_CURVE('',#2948,#2956,#2958,.T.);
#2956 = VERTEX_POINT('',#2957);
#2957 = CARTESIAN_POINT('',(-1.680085640382,-2.260171280765,1.75));
#2958 = LINE('',#2959,#2960);
#2959 = CARTESIAN_POINT('',(1.680085640382,-2.260171280765,1.75));
#2960 = VECTOR('',#2961,1.);
#2961 = DIRECTION('',(-1.,-2.22044604925E-16,0.));
#2962 = ORIENTED_EDGE('',*,*,#2963,.T.);
#2963 = EDGE_CURVE('',#2956,#2964,#2966,.T.);
#2964 = VERTEX_POINT('',#2965);
#2965 = CARTESIAN_POINT('',(-1.760171280765,-2.180085640382,1.75));
#2966 = LINE('',#2967,#2968);
#2967 = CARTESIAN_POINT('',(-1.680085640382,-2.260171280765,1.75));
#2968 = VECTOR('',#2969,1.);
#2969 = DIRECTION('',(-0.707106781187,0.707106781187,0.));
#2970 = ORIENTED_EDGE('',*,*,#2971,.T.);
#2971 = EDGE_CURVE('',#2964,#2972,#2974,.T.);
#2972 = VERTEX_POINT('',#2973);
#2973 = CARTESIAN_POINT('',(-1.760171280765,2.180085640382,1.75));
#2974 = LINE('',#2975,#2976);
#2975 = CARTESIAN_POINT('',(-1.760171280765,-2.180085640382,1.75));
#2976 = VECTOR('',#2977,1.);
#2977 = DIRECTION('',(-2.22044604925E-16,1.,0.));
#2978 = ORIENTED_EDGE('',*,*,#2979,.T.);
#2979 = EDGE_CURVE('',#2972,#2938,#2980,.T.);
#2980 = LINE('',#2981,#2982);
#2981 = CARTESIAN_POINT('',(-1.760171280765,2.180085640382,1.75));
#2982 = VECTOR('',#2983,1.);
#2983 = DIRECTION('',(0.707106781187,0.707106781187,0.));
#2984 = FACE_BOUND('',#2985,.F.);
#2985 = EDGE_LOOP('',(#2986));
#2986 = ORIENTED_EDGE('',*,*,#2987,.T.);
#2987 = EDGE_CURVE('',#2988,#2988,#2990,.T.);
#2988 = VERTEX_POINT('',#2989);
#2989 = CARTESIAN_POINT('',(-1.110171280765,1.310171280765,1.75));
#2990 = CIRCLE('',#2991,0.3);
#2991 = AXIS2_PLACEMENT_3D('',#2992,#2993,#2994);
#2992 = CARTESIAN_POINT('',(-1.110171280765,1.610171280765,1.75));
#2993 = DIRECTION('',(-0.,0.,1.));
#2994 = DIRECTION('',(2.22044604925E-16,-1.,0.));
#2995 = PLANE('',#2996);
#2996 = AXIS2_PLACEMENT_3D('',#2997,#2998,#2999);
#2997 = CARTESIAN_POINT('',(-1.680085640382,2.260171280765,1.75));
#2998 = DIRECTION('',(0.,0.,-1.));
#2999 = DIRECTION('',(0.596575959062,-0.802556617983,0.));
#3000 = ADVANCED_FACE('',(#3001),#3018,.F.);
#3001 = FACE_BOUND('',#3002,.F.);
#3002 = EDGE_LOOP('',(#3003,#3011,#3016,#3017));
#3003 = ORIENTED_EDGE('',*,*,#3004,.T.);
#3004 = EDGE_CURVE('',#1952,#3005,#3007,.T.);
#3005 = VERTEX_POINT('',#3006);
#3006 = CARTESIAN_POINT('',(1.7375,-2.375,1.025));
#3007 = LINE('',#3008,#3009);
#3008 = CARTESIAN_POINT('',(1.875,-2.2375,1.025));
#3009 = VECTOR('',#3010,1.);
#3010 = DIRECTION('',(-0.707106781187,-0.707106781187,0.));
#3011 = ORIENTED_EDGE('',*,*,#3012,.T.);
#3012 = EDGE_CURVE('',#3005,#2948,#3013,.T.);
#3013 = B_SPLINE_CURVE_WITH_KNOTS('',1,(#3014,#3015),.UNSPECIFIED.,.F.,
  .F.,(2,2),(0.,1.),.PIECEWISE_BEZIER_KNOTS.);
#3014 = CARTESIAN_POINT('',(1.7375,-2.375,1.025));
#3015 = CARTESIAN_POINT('',(1.680085640382,-2.260171280765,1.75));
#3016 = ORIENTED_EDGE('',*,*,#2947,.F.);
#3017 = ORIENTED_EDGE('',*,*,#1959,.F.);
#3018 = B_SPLINE_SURFACE_WITH_KNOTS('',1,1,(
    (#3019,#3020)
    ,(#3021,#3022
    )),.UNSPECIFIED.,.F.,.F.,.F.,(2,2),(2,2),(0.,0.194454364826),(0.,1.)
  ,.PIECEWISE_BEZIER_KNOTS.);
#3019 = CARTESIAN_POINT('',(1.875,-2.2375,1.025));
#3020 = CARTESIAN_POINT('',(1.760171280765,-2.180085640382,1.75));
#3021 = CARTESIAN_POINT('',(1.7375,-2.375,1.025));
#3022 = CARTESIAN_POINT('',(1.680085640382,-2.260171280765,1.75));
#3023 = ADVANCED_FACE('',(#3024),#3037,.F.);
#3024 = FACE_BOUND('',#3025,.F.);
#3025 = EDGE_LOOP('',(#3026,#3027,#3033,#3034,#3035,#3036));
#3026 = ORIENTED_EDGE('',*,*,#2082,.F.);
#3027 = ORIENTED_EDGE('',*,*,#3028,.T.);
#3028 = EDGE_CURVE('',#2074,#2715,#3029,.T.);
#3029 = LINE('',#3030,#3031);
#3030 = CARTESIAN_POINT('',(2.25,0.84,1.025));
#3031 = VECTOR('',#3032,1.);
#3032 = DIRECTION('',(2.22044604925E-16,-1.,0.));
#3033 = ORIENTED_EDGE('',*,*,#2723,.T.);
#3034 = ORIENTED_EDGE('',*,*,#2846,.T.);
#3035 = ORIENTED_EDGE('',*,*,#1911,.F.);
#3036 = ORIENTED_EDGE('',*,*,#1989,.F.);
#3037 = PLANE('',#3038);
#3038 = AXIS2_PLACEMENT_3D('',#3039,#3040,#3041);
#3039 = CARTESIAN_POINT('',(2.25,0.84,1.025));
#3040 = DIRECTION('',(0.,0.,-1.));
#3041 = DIRECTION('',(-1.,-2.22044604925E-16,-0.));
#3042 = ADVANCED_FACE('',(#3043),#3056,.F.);
#3043 = FACE_BOUND('',#3044,.F.);
#3044 = EDGE_LOOP('',(#3045,#3046,#3052,#3053,#3054,#3055));
#3045 = ORIENTED_EDGE('',*,*,#2483,.F.);
#3046 = ORIENTED_EDGE('',*,*,#3047,.T.);
#3047 = EDGE_CURVE('',#2475,#2362,#3048,.T.);
#3048 = LINE('',#3049,#3050);
#3049 = CARTESIAN_POINT('',(2.25,-1.7,1.025));
#3050 = VECTOR('',#3051,1.);
#3051 = DIRECTION('',(2.22044604925E-16,-1.,0.));
#3052 = ORIENTED_EDGE('',*,*,#2370,.T.);
#3053 = ORIENTED_EDGE('',*,*,#2384,.T.);
#3054 = ORIENTED_EDGE('',*,*,#1943,.F.);
#3055 = ORIENTED_EDGE('',*,*,#2613,.F.);
#3056 = PLANE('',#3057);
#3057 = AXIS2_PLACEMENT_3D('',#3058,#3059,#3060);
#3058 = CARTESIAN_POINT('',(2.25,-1.7,1.025));
#3059 = DIRECTION('',(0.,0.,-1.));
#3060 = DIRECTION('',(-1.,-2.22044604925E-16,-0.));
#3061 = ADVANCED_FACE('',(#3062),#3075,.F.);
#3062 = FACE_BOUND('',#3063,.F.);
#3063 = EDGE_LOOP('',(#3064,#3065,#3071,#3072,#3073,#3074));
#3064 = ORIENTED_EDGE('',*,*,#2815,.F.);
#3065 = ORIENTED_EDGE('',*,*,#3066,.T.);
#3066 = EDGE_CURVE('',#2807,#2584,#3067,.T.);
#3067 = LINE('',#3068,#3069);
#3068 = CARTESIAN_POINT('',(2.25,-0.43,1.025));
#3069 = VECTOR('',#3070,1.);
#3070 = DIRECTION('',(2.22044604925E-16,-1.,0.));
#3071 = ORIENTED_EDGE('',*,*,#2592,.T.);
#3072 = ORIENTED_EDGE('',*,*,#2606,.T.);
#3073 = ORIENTED_EDGE('',*,*,#1927,.F.);
#3074 = ORIENTED_EDGE('',*,*,#2853,.F.);
#3075 = PLANE('',#3076);
#3076 = AXIS2_PLACEMENT_3D('',#3077,#3078,#3079);
#3077 = CARTESIAN_POINT('',(2.25,-0.43,1.025));
#3078 = DIRECTION('',(0.,0.,-1.));
#3079 = DIRECTION('',(-1.,-2.22044604925E-16,-0.));
#3080 = ADVANCED_FACE('',(#3081),#3092,.T.);
#3081 = FACE_BOUND('',#3082,.T.);
#3082 = EDGE_LOOP('',(#3083,#3084,#3085,#3086));
#3083 = ORIENTED_EDGE('',*,*,#2073,.T.);
#3084 = ORIENTED_EDGE('',*,*,#3028,.T.);
#3085 = ORIENTED_EDGE('',*,*,#2714,.F.);
#3086 = ORIENTED_EDGE('',*,*,#3087,.F.);
#3087 = EDGE_CURVE('',#2066,#2707,#3088,.T.);
#3088 = LINE('',#3089,#3090);
#3089 = CARTESIAN_POINT('',(2.55,0.84,0.725));
#3090 = VECTOR('',#3091,1.);
#3091 = DIRECTION('',(2.22044604925E-16,-1.,0.));
#3092 = CYLINDRICAL_SURFACE('',#3093,0.3);
#3093 = AXIS2_PLACEMENT_3D('',#3094,#3095,#3096);
#3094 = CARTESIAN_POINT('',(2.25,0.84,0.725));
#3095 = DIRECTION('',(-2.22044604925E-16,1.,-0.));
#3096 = DIRECTION('',(1.,2.22044604925E-16,3.700743415417E-16));
#3097 = ADVANCED_FACE('',(#3098),#3109,.F.);
#3098 = FACE_BOUND('',#3099,.F.);
#3099 = EDGE_LOOP('',(#3100,#3106,#3107,#3108));
#3100 = ORIENTED_EDGE('',*,*,#3101,.T.);
#3101 = EDGE_CURVE('',#2057,#2698,#3102,.T.);
#3102 = LINE('',#3103,#3104);
#3103 = CARTESIAN_POINT('',(2.55,0.84,0.3));
#3104 = VECTOR('',#3105,1.);
#3105 = DIRECTION('',(2.22044604925E-16,-1.,0.));
#3106 = ORIENTED_EDGE('',*,*,#2706,.T.);
#3107 = ORIENTED_EDGE('',*,*,#3087,.F.);
#3108 = ORIENTED_EDGE('',*,*,#2065,.F.);
#3109 = PLANE('',#3110);
#3110 = AXIS2_PLACEMENT_3D('',#3111,#3112,#3113);
#3111 = CARTESIAN_POINT('',(2.55,0.84,0.3));
#3112 = DIRECTION('',(-1.,-2.22044604925E-16,0.));
#3113 = DIRECTION('',(0.,0.,1.));
#3114 = ADVANCED_FACE('',(#3115),#3126,.F.);
#3115 = FACE_BOUND('',#3116,.F.);
#3116 = EDGE_LOOP('',(#3117,#3123,#3124,#3125));
#3117 = ORIENTED_EDGE('',*,*,#3118,.T.);
#3118 = EDGE_CURVE('',#2049,#2690,#3119,.T.);
#3119 = LINE('',#3120,#3121);
#3120 = CARTESIAN_POINT('',(2.65,0.84,0.2));
#3121 = VECTOR('',#3122,1.);
#3122 = DIRECTION('',(2.22044604925E-16,-1.,0.));
#3123 = ORIENTED_EDGE('',*,*,#2697,.T.);
#3124 = ORIENTED_EDGE('',*,*,#3101,.F.);
#3125 = ORIENTED_EDGE('',*,*,#2056,.F.);
#3126 = CYLINDRICAL_SURFACE('',#3127,0.1);
#3127 = AXIS2_PLACEMENT_3D('',#3128,#3129,#3130);
#3128 = CARTESIAN_POINT('',(2.65,0.84,0.3));
#3129 = DIRECTION('',(-2.22044604925E-16,1.,0.));
#3130 = DIRECTION('',(0.,0.,-1.));
#3131 = ADVANCED_FACE('',(#3132),#3143,.F.);
#3132 = FACE_BOUND('',#3133,.F.);
#3133 = EDGE_LOOP('',(#3134,#3140,#3141,#3142));
#3134 = ORIENTED_EDGE('',*,*,#3135,.T.);
#3135 = EDGE_CURVE('',#2041,#2682,#3136,.T.);
#3136 = LINE('',#3137,#3138);
#3137 = CARTESIAN_POINT('',(3.,0.84,0.2));
#3138 = VECTOR('',#3139,1.);
#3139 = DIRECTION('',(2.22044604925E-16,-1.,0.));
#3140 = ORIENTED_EDGE('',*,*,#2689,.T.);
#3141 = ORIENTED_EDGE('',*,*,#3118,.F.);
#3142 = ORIENTED_EDGE('',*,*,#2048,.F.);
#3143 = PLANE('',#3144);
#3144 = AXIS2_PLACEMENT_3D('',#3145,#3146,#3147);
#3145 = CARTESIAN_POINT('',(3.,0.84,0.2));
#3146 = DIRECTION('',(0.,0.,-1.));
#3147 = DIRECTION('',(-1.,-2.22044604925E-16,-0.));
#3148 = ADVANCED_FACE('',(#3149),#3160,.F.);
#3149 = FACE_BOUND('',#3150,.F.);
#3150 = EDGE_LOOP('',(#3151,#3157,#3158,#3159));
#3151 = ORIENTED_EDGE('',*,*,#3152,.T.);
#3152 = EDGE_CURVE('',#2033,#2674,#3153,.T.);
#3153 = LINE('',#3154,#3155);
#3154 = CARTESIAN_POINT('',(3.,0.84,5.551115123126E-17));
#3155 = VECTOR('',#3156,1.);
#3156 = DIRECTION('',(2.22044604925E-16,-1.,0.));
#3157 = ORIENTED_EDGE('',*,*,#2681,.T.);
#3158 = ORIENTED_EDGE('',*,*,#3135,.F.);
#3159 = ORIENTED_EDGE('',*,*,#2040,.F.);
#3160 = PLANE('',#3161);
#3161 = AXIS2_PLACEMENT_3D('',#3162,#3163,#3164);
#3162 = CARTESIAN_POINT('',(3.,0.84,5.551115123126E-17));
#3163 = DIRECTION('',(-1.,-2.22044604925E-16,0.));
#3164 = DIRECTION('',(0.,0.,1.));
#3165 = ADVANCED_FACE('',(#3166),#3177,.F.);
#3166 = FACE_BOUND('',#3167,.F.);
#3167 = EDGE_LOOP('',(#3168,#3174,#3175,#3176));
#3168 = ORIENTED_EDGE('',*,*,#3169,.T.);
#3169 = EDGE_CURVE('',#2024,#2665,#3170,.T.);
#3170 = LINE('',#3171,#3172);
#3171 = CARTESIAN_POINT('',(2.65,0.84,5.551115123126E-17));
#3172 = VECTOR('',#3173,1.);
#3173 = DIRECTION('',(2.22044604925E-16,-1.,0.));
#3174 = ORIENTED_EDGE('',*,*,#2673,.T.);
#3175 = ORIENTED_EDGE('',*,*,#3152,.F.);
#3176 = ORIENTED_EDGE('',*,*,#2032,.F.);
#3177 = PLANE('',#3178);
#3178 = AXIS2_PLACEMENT_3D('',#3179,#3180,#3181);
#3179 = CARTESIAN_POINT('',(2.65,0.84,5.551115123126E-17));
#3180 = DIRECTION('',(0.,0.,1.));
#3181 = DIRECTION('',(1.,2.22044604925E-16,-0.));
#3182 = ADVANCED_FACE('',(#3183),#3194,.T.);
#3183 = FACE_BOUND('',#3184,.T.);
#3184 = EDGE_LOOP('',(#3185,#3186,#3187,#3188));
#3185 = ORIENTED_EDGE('',*,*,#2023,.T.);
#3186 = ORIENTED_EDGE('',*,*,#3169,.T.);
#3187 = ORIENTED_EDGE('',*,*,#2664,.F.);
#3188 = ORIENTED_EDGE('',*,*,#3189,.F.);
#3189 = EDGE_CURVE('',#2016,#2657,#3190,.T.);
#3190 = LINE('',#3191,#3192);
#3191 = CARTESIAN_POINT('',(2.35,0.84,0.3));
#3192 = VECTOR('',#3193,1.);
#3193 = DIRECTION('',(2.22044604925E-16,-1.,0.));
#3194 = CYLINDRICAL_SURFACE('',#3195,0.3);
#3195 = AXIS2_PLACEMENT_3D('',#3196,#3197,#3198);
#3196 = CARTESIAN_POINT('',(2.65,0.84,0.3));
#3197 = DIRECTION('',(-2.22044604925E-16,1.,-0.));
#3198 = DIRECTION('',(-1.,-2.22044604925E-16,3.515706244646E-15));
#3199 = ADVANCED_FACE('',(#3200),#3206,.F.);
#3200 = FACE_BOUND('',#3201,.F.);
#3201 = EDGE_LOOP('',(#3202,#3203,#3204,#3205));
#3202 = ORIENTED_EDGE('',*,*,#2638,.T.);
#3203 = ORIENTED_EDGE('',*,*,#2656,.T.);
#3204 = ORIENTED_EDGE('',*,*,#3189,.F.);
#3205 = ORIENTED_EDGE('',*,*,#2015,.F.);
#3206 = PLANE('',#3207);
#3207 = AXIS2_PLACEMENT_3D('',#3208,#3209,#3210);
#3208 = CARTESIAN_POINT('',(2.35,0.84,0.725));
#3209 = DIRECTION('',(1.,2.22044604925E-16,1.044915787883E-15));
#3210 = DIRECTION('',(1.044915787883E-15,2.320179133003E-31,-1.));
#3211 = ADVANCED_FACE('',(#3212),#3229,.F.);
#3212 = FACE_BOUND('',#3213,.F.);
#3213 = EDGE_LOOP('',(#3214,#3215,#3222,#3228));
#3214 = ORIENTED_EDGE('',*,*,#2127,.T.);
#3215 = ORIENTED_EDGE('',*,*,#3216,.T.);
#3216 = EDGE_CURVE('',#2121,#3217,#3219,.T.);
#3217 = VERTEX_POINT('',#3218);
#3218 = CARTESIAN_POINT('',(-1.775,-2.45,1.025));
#3219 = B_SPLINE_CURVE_WITH_KNOTS('',1,(#3220,#3221),.UNSPECIFIED.,.F.,
  .F.,(2,2),(0.,1.),.PIECEWISE_BEZIER_KNOTS.);
#3220 = CARTESIAN_POINT('',(-1.775,-2.45,0.825));
#3221 = CARTESIAN_POINT('',(-1.775,-2.45,1.025));
#3222 = ORIENTED_EDGE('',*,*,#3223,.F.);
#3223 = EDGE_CURVE('',#2271,#3217,#3224,.T.);
#3224 = LINE('',#3225,#3226);
#3225 = CARTESIAN_POINT('',(1.775,-2.45,1.025));
#3226 = VECTOR('',#3227,1.);
#3227 = DIRECTION('',(-1.,-2.22044604925E-16,0.));
#3228 = ORIENTED_EDGE('',*,*,#2270,.F.);
#3229 = PLANE('',#3230);
#3230 = AXIS2_PLACEMENT_3D('',#3231,#3232,#3233);
#3231 = CARTESIAN_POINT('',(1.775,-2.45,1.025));
#3232 = DIRECTION('',(-2.22044604925E-16,1.,0.));
#3233 = DIRECTION('',(-1.,-2.22044604925E-16,0.));
#3234 = ADVANCED_FACE('',(#3235),#3252,.F.);
#3235 = FACE_BOUND('',#3236,.F.);
#3236 = EDGE_LOOP('',(#3237,#3238,#3245,#3251));
#3237 = ORIENTED_EDGE('',*,*,#2150,.T.);
#3238 = ORIENTED_EDGE('',*,*,#3239,.T.);
#3239 = EDGE_CURVE('',#2144,#3240,#3242,.T.);
#3240 = VERTEX_POINT('',#3241);
#3241 = CARTESIAN_POINT('',(-1.95,-2.275,1.025));
#3242 = B_SPLINE_CURVE_WITH_KNOTS('',1,(#3243,#3244),.UNSPECIFIED.,.F.,
  .F.,(2,2),(0.,1.),.PIECEWISE_BEZIER_KNOTS.);
#3243 = CARTESIAN_POINT('',(-1.95,-2.275,0.825));
#3244 = CARTESIAN_POINT('',(-1.95,-2.275,1.025));
#3245 = ORIENTED_EDGE('',*,*,#3246,.F.);
#3246 = EDGE_CURVE('',#3217,#3240,#3247,.T.);
#3247 = LINE('',#3248,#3249);
#3248 = CARTESIAN_POINT('',(-1.775,-2.45,1.025));
#3249 = VECTOR('',#3250,1.);
#3250 = DIRECTION('',(-0.707106781187,0.707106781187,0.));
#3251 = ORIENTED_EDGE('',*,*,#3216,.F.);
#3252 = PLANE('',#3253);
#3253 = AXIS2_PLACEMENT_3D('',#3254,#3255,#3256);
#3254 = CARTESIAN_POINT('',(-1.775,-2.45,1.025));
#3255 = DIRECTION('',(0.707106781187,0.707106781187,0.));
#3256 = DIRECTION('',(-0.707106781187,0.707106781187,0.));
#3257 = ADVANCED_FACE('',(#3258),#3276,.F.);
#3258 = FACE_BOUND('',#3259,.F.);
#3259 = EDGE_LOOP('',(#3260,#3261,#3262,#3270));
#3260 = ORIENTED_EDGE('',*,*,#3239,.F.);
#3261 = ORIENTED_EDGE('',*,*,#2237,.T.);
#3262 = ORIENTED_EDGE('',*,*,#3263,.T.);
#3263 = EDGE_CURVE('',#2230,#3264,#3266,.T.);
#3264 = VERTEX_POINT('',#3265);
#3265 = CARTESIAN_POINT('',(-1.95,-2.11,1.025));
#3266 = LINE('',#3267,#3268);
#3267 = CARTESIAN_POINT('',(-1.95,-2.11,0.778829828783));
#3268 = VECTOR('',#3269,1.);
#3269 = DIRECTION('',(0.,0.,1.));
#3270 = ORIENTED_EDGE('',*,*,#3271,.F.);
#3271 = EDGE_CURVE('',#3240,#3264,#3272,.T.);
#3272 = LINE('',#3273,#3274);
#3273 = CARTESIAN_POINT('',(-1.95,-2.275,1.025));
#3274 = VECTOR('',#3275,1.);
#3275 = DIRECTION('',(-2.22044604925E-16,1.,0.));
#3276 = PLANE('',#3277);
#3277 = AXIS2_PLACEMENT_3D('',#3278,#3279,#3280);
#3278 = CARTESIAN_POINT('',(-1.95,-2.275,1.025));
#3279 = DIRECTION('',(1.,2.22044604925E-16,0.));
#3280 = DIRECTION('',(-2.22044604925E-16,1.,0.));
#3281 = ADVANCED_FACE('',(#3282),#3306,.F.);
#3282 = FACE_BOUND('',#3283,.F.);
#3283 = EDGE_LOOP('',(#3284,#3292,#3293,#3300));
#3284 = ORIENTED_EDGE('',*,*,#3285,.F.);
#3285 = EDGE_CURVE('',#2174,#3286,#3288,.T.);
#3286 = VERTEX_POINT('',#3287);
#3287 = CARTESIAN_POINT('',(-1.95,2.11,1.025));
#3288 = LINE('',#3289,#3290);
#3289 = CARTESIAN_POINT('',(-1.95,2.11,0.778829828783));
#3290 = VECTOR('',#3291,1.);
#3291 = DIRECTION('',(0.,0.,1.));
#3292 = ORIENTED_EDGE('',*,*,#2173,.T.);
#3293 = ORIENTED_EDGE('',*,*,#3294,.T.);
#3294 = EDGE_CURVE('',#2167,#3295,#3297,.T.);
#3295 = VERTEX_POINT('',#3296);
#3296 = CARTESIAN_POINT('',(-1.95,2.275,1.025));
#3297 = B_SPLINE_CURVE_WITH_KNOTS('',1,(#3298,#3299),.UNSPECIFIED.,.F.,
  .F.,(2,2),(0.,1.),.PIECEWISE_BEZIER_KNOTS.);
#3298 = CARTESIAN_POINT('',(-1.95,2.275,0.825));
#3299 = CARTESIAN_POINT('',(-1.95,2.275,1.025));
#3300 = ORIENTED_EDGE('',*,*,#3301,.F.);
#3301 = EDGE_CURVE('',#3286,#3295,#3302,.T.);
#3302 = LINE('',#3303,#3304);
#3303 = CARTESIAN_POINT('',(-1.95,-2.275,1.025));
#3304 = VECTOR('',#3305,1.);
#3305 = DIRECTION('',(-2.22044604925E-16,1.,0.));
#3306 = PLANE('',#3307);
#3307 = AXIS2_PLACEMENT_3D('',#3308,#3309,#3310);
#3308 = CARTESIAN_POINT('',(-1.95,-2.275,1.025));
#3309 = DIRECTION('',(1.,2.22044604925E-16,0.));
#3310 = DIRECTION('',(-2.22044604925E-16,1.,0.));
#3311 = ADVANCED_FACE('',(#3312),#3337,.F.);
#3312 = FACE_BOUND('',#3313,.F.);
#3313 = EDGE_LOOP('',(#3314,#3322,#3323,#3331));
#3314 = ORIENTED_EDGE('',*,*,#3315,.F.);
#3315 = EDGE_CURVE('',#2230,#3316,#3318,.T.);
#3316 = VERTEX_POINT('',#3317);
#3317 = CARTESIAN_POINT('',(-2.25,-2.11,0.825));
#3318 = LINE('',#3319,#3320);
#3319 = CARTESIAN_POINT('',(-1.8,-2.11,0.825));
#3320 = VECTOR('',#3321,1.);
#3321 = DIRECTION('',(-1.,-9.95799250103E-17,0.));
#3322 = ORIENTED_EDGE('',*,*,#2229,.T.);
#3323 = ORIENTED_EDGE('',*,*,#3324,.T.);
#3324 = EDGE_CURVE('',#2222,#3325,#3327,.T.);
#3325 = VERTEX_POINT('',#3326);
#3326 = CARTESIAN_POINT('',(-2.25,-1.7,0.825));
#3327 = LINE('',#3328,#3329);
#3328 = CARTESIAN_POINT('',(-1.8,-1.7,0.825));
#3329 = VECTOR('',#3330,1.);
#3330 = DIRECTION('',(-1.,-9.95799250103E-17,0.));
#3331 = ORIENTED_EDGE('',*,*,#3332,.F.);
#3332 = EDGE_CURVE('',#3316,#3325,#3333,.T.);
#3333 = LINE('',#3334,#3335);
#3334 = CARTESIAN_POINT('',(-2.25,-2.11,0.825));
#3335 = VECTOR('',#3336,1.);
#3336 = DIRECTION('',(-9.95799250103E-17,1.,0.));
#3337 = PLANE('',#3338);
#3338 = AXIS2_PLACEMENT_3D('',#3339,#3340,#3341);
#3339 = CARTESIAN_POINT('',(-1.8,-2.11,0.825));
#3340 = DIRECTION('',(0.,0.,1.));
#3341 = DIRECTION('',(-1.,-9.95799250103E-17,0.));
#3342 = ADVANCED_FACE('',(#3343),#3368,.F.);
#3343 = FACE_BOUND('',#3344,.F.);
#3344 = EDGE_LOOP('',(#3345,#3353,#3354,#3362));
#3345 = ORIENTED_EDGE('',*,*,#3346,.F.);
#3346 = EDGE_CURVE('',#2182,#3347,#3349,.T.);
#3347 = VERTEX_POINT('',#3348);
#3348 = CARTESIAN_POINT('',(-2.25,1.7,0.825));
#3349 = LINE('',#3350,#3351);
#3350 = CARTESIAN_POINT('',(-1.8,1.7,0.825));
#3351 = VECTOR('',#3352,1.);
#3352 = DIRECTION('',(-1.,-9.95799250103E-17,0.));
#3353 = ORIENTED_EDGE('',*,*,#2181,.T.);
#3354 = ORIENTED_EDGE('',*,*,#3355,.T.);
#3355 = EDGE_CURVE('',#2174,#3356,#3358,.T.);
#3356 = VERTEX_POINT('',#3357);
#3357 = CARTESIAN_POINT('',(-2.25,2.11,0.825));
#3358 = LINE('',#3359,#3360);
#3359 = CARTESIAN_POINT('',(-1.8,2.11,0.825));
#3360 = VECTOR('',#3361,1.);
#3361 = DIRECTION('',(-1.,-9.95799250103E-17,0.));
#3362 = ORIENTED_EDGE('',*,*,#3363,.F.);
#3363 = EDGE_CURVE('',#3347,#3356,#3364,.T.);
#3364 = LINE('',#3365,#3366);
#3365 = CARTESIAN_POINT('',(-2.25,1.7,0.825));
#3366 = VECTOR('',#3367,1.);
#3367 = DIRECTION('',(-9.95799250103E-17,1.,0.));
#3368 = PLANE('',#3369);
#3369 = AXIS2_PLACEMENT_3D('',#3370,#3371,#3372);
#3370 = CARTESIAN_POINT('',(-1.8,1.7,0.825));
#3371 = DIRECTION('',(0.,0.,1.));
#3372 = DIRECTION('',(-1.,-9.95799250103E-17,0.));
#3373 = ADVANCED_FACE('',(#3374),#3399,.F.);
#3374 = FACE_BOUND('',#3375,.F.);
#3375 = EDGE_LOOP('',(#3376,#3384,#3385,#3393));
#3376 = ORIENTED_EDGE('',*,*,#3377,.F.);
#3377 = EDGE_CURVE('',#2222,#3378,#3380,.T.);
#3378 = VERTEX_POINT('',#3379);
#3379 = CARTESIAN_POINT('',(-1.95,-1.7,1.025));
#3380 = LINE('',#3381,#3382);
#3381 = CARTESIAN_POINT('',(-1.95,-1.7,0.778829828783));
#3382 = VECTOR('',#3383,1.);
#3383 = DIRECTION('',(0.,0.,1.));
#3384 = ORIENTED_EDGE('',*,*,#2221,.T.);
#3385 = ORIENTED_EDGE('',*,*,#3386,.T.);
#3386 = EDGE_CURVE('',#2214,#3387,#3389,.T.);
#3387 = VERTEX_POINT('',#3388);
#3388 = CARTESIAN_POINT('',(-1.95,-0.84,1.025));
#3389 = LINE('',#3390,#3391);
#3390 = CARTESIAN_POINT('',(-1.95,-0.84,0.778829828783));
#3391 = VECTOR('',#3392,1.);
#3392 = DIRECTION('',(0.,0.,1.));
#3393 = ORIENTED_EDGE('',*,*,#3394,.F.);
#3394 = EDGE_CURVE('',#3378,#3387,#3395,.T.);
#3395 = LINE('',#3396,#3397);
#3396 = CARTESIAN_POINT('',(-1.95,-2.275,1.025));
#3397 = VECTOR('',#3398,1.);
#3398 = DIRECTION('',(-2.22044604925E-16,1.,0.));
#3399 = PLANE('',#3400);
#3400 = AXIS2_PLACEMENT_3D('',#3401,#3402,#3403);
#3401 = CARTESIAN_POINT('',(-1.95,-2.275,1.025));
#3402 = DIRECTION('',(1.,2.22044604925E-16,0.));
#3403 = DIRECTION('',(-2.22044604925E-16,1.,0.));
#3404 = ADVANCED_FACE('',(#3405),#3430,.F.);
#3405 = FACE_BOUND('',#3406,.F.);
#3406 = EDGE_LOOP('',(#3407,#3415,#3416,#3424));
#3407 = ORIENTED_EDGE('',*,*,#3408,.F.);
#3408 = EDGE_CURVE('',#2190,#3409,#3411,.T.);
#3409 = VERTEX_POINT('',#3410);
#3410 = CARTESIAN_POINT('',(-1.95,0.84,1.025));
#3411 = LINE('',#3412,#3413);
#3412 = CARTESIAN_POINT('',(-1.95,0.84,0.778829828783));
#3413 = VECTOR('',#3414,1.);
#3414 = DIRECTION('',(0.,0.,1.));
#3415 = ORIENTED_EDGE('',*,*,#2189,.T.);
#3416 = ORIENTED_EDGE('',*,*,#3417,.T.);
#3417 = EDGE_CURVE('',#2182,#3418,#3420,.T.);
#3418 = VERTEX_POINT('',#3419);
#3419 = CARTESIAN_POINT('',(-1.95,1.7,1.025));
#3420 = LINE('',#3421,#3422);
#3421 = CARTESIAN_POINT('',(-1.95,1.7,0.778829828783));
#3422 = VECTOR('',#3423,1.);
#3423 = DIRECTION('',(0.,0.,1.));
#3424 = ORIENTED_EDGE('',*,*,#3425,.F.);
#3425 = EDGE_CURVE('',#3409,#3418,#3426,.T.);
#3426 = LINE('',#3427,#3428);
#3427 = CARTESIAN_POINT('',(-1.95,-2.275,1.025));
#3428 = VECTOR('',#3429,1.);
#3429 = DIRECTION('',(-2.22044604925E-16,1.,0.));
#3430 = PLANE('',#3431);
#3431 = AXIS2_PLACEMENT_3D('',#3432,#3433,#3434);
#3432 = CARTESIAN_POINT('',(-1.95,-2.275,1.025));
#3433 = DIRECTION('',(1.,2.22044604925E-16,0.));
#3434 = DIRECTION('',(-2.22044604925E-16,1.,0.));
#3435 = ADVANCED_FACE('',(#3436),#3461,.F.);
#3436 = FACE_BOUND('',#3437,.F.);
#3437 = EDGE_LOOP('',(#3438,#3446,#3447,#3455));
#3438 = ORIENTED_EDGE('',*,*,#3439,.F.);
#3439 = EDGE_CURVE('',#2214,#3440,#3442,.T.);
#3440 = VERTEX_POINT('',#3441);
#3441 = CARTESIAN_POINT('',(-2.25,-0.84,0.825));
#3442 = LINE('',#3443,#3444);
#3443 = CARTESIAN_POINT('',(-1.8,-0.84,0.825));
#3444 = VECTOR('',#3445,1.);
#3445 = DIRECTION('',(-1.,-9.95799250103E-17,0.));
#3446 = ORIENTED_EDGE('',*,*,#2213,.T.);
#3447 = ORIENTED_EDGE('',*,*,#3448,.T.);
#3448 = EDGE_CURVE('',#2206,#3449,#3451,.T.);
#3449 = VERTEX_POINT('',#3450);
#3450 = CARTESIAN_POINT('',(-2.25,-0.43,0.825));
#3451 = LINE('',#3452,#3453);
#3452 = CARTESIAN_POINT('',(-1.8,-0.43,0.825));
#3453 = VECTOR('',#3454,1.);
#3454 = DIRECTION('',(-1.,-9.95799250103E-17,0.));
#3455 = ORIENTED_EDGE('',*,*,#3456,.F.);
#3456 = EDGE_CURVE('',#3440,#3449,#3457,.T.);
#3457 = LINE('',#3458,#3459);
#3458 = CARTESIAN_POINT('',(-2.25,-0.84,0.825));
#3459 = VECTOR('',#3460,1.);
#3460 = DIRECTION('',(-9.95799250103E-17,1.,0.));
#3461 = PLANE('',#3462);
#3462 = AXIS2_PLACEMENT_3D('',#3463,#3464,#3465);
#3463 = CARTESIAN_POINT('',(-1.8,-0.84,0.825));
#3464 = DIRECTION('',(0.,0.,1.));
#3465 = DIRECTION('',(-1.,-9.95799250103E-17,0.));
#3466 = ADVANCED_FACE('',(#3467),#3492,.F.);
#3467 = FACE_BOUND('',#3468,.F.);
#3468 = EDGE_LOOP('',(#3469,#3477,#3478,#3486));
#3469 = ORIENTED_EDGE('',*,*,#3470,.F.);
#3470 = EDGE_CURVE('',#2198,#3471,#3473,.T.);
#3471 = VERTEX_POINT('',#3472);
#3472 = CARTESIAN_POINT('',(-2.25,0.43,0.825));
#3473 = LINE('',#3474,#3475);
#3474 = CARTESIAN_POINT('',(-1.8,0.43,0.825));
#3475 = VECTOR('',#3476,1.);
#3476 = DIRECTION('',(-1.,-9.95799250103E-17,0.));
#3477 = ORIENTED_EDGE('',*,*,#2197,.T.);
#3478 = ORIENTED_EDGE('',*,*,#3479,.T.);
#3479 = EDGE_CURVE('',#2190,#3480,#3482,.T.);
#3480 = VERTEX_POINT('',#3481);
#3481 = CARTESIAN_POINT('',(-2.25,0.84,0.825));
#3482 = LINE('',#3483,#3484);
#3483 = CARTESIAN_POINT('',(-1.8,0.84,0.825));
#3484 = VECTOR('',#3485,1.);
#3485 = DIRECTION('',(-1.,-9.95799250103E-17,0.));
#3486 = ORIENTED_EDGE('',*,*,#3487,.F.);
#3487 = EDGE_CURVE('',#3471,#3480,#3488,.T.);
#3488 = LINE('',#3489,#3490);
#3489 = CARTESIAN_POINT('',(-2.25,0.43,0.825));
#3490 = VECTOR('',#3491,1.);
#3491 = DIRECTION('',(-9.95799250103E-17,1.,0.));
#3492 = PLANE('',#3493);
#3493 = AXIS2_PLACEMENT_3D('',#3494,#3495,#3496);
#3494 = CARTESIAN_POINT('',(-1.8,0.43,0.825));
#3495 = DIRECTION('',(0.,0.,1.));
#3496 = DIRECTION('',(-1.,-9.95799250103E-17,0.));
#3497 = ADVANCED_FACE('',(#3498),#3523,.F.);
#3498 = FACE_BOUND('',#3499,.F.);
#3499 = EDGE_LOOP('',(#3500,#3508,#3509,#3517));
#3500 = ORIENTED_EDGE('',*,*,#3501,.F.);
#3501 = EDGE_CURVE('',#2206,#3502,#3504,.T.);
#3502 = VERTEX_POINT('',#3503);
#3503 = CARTESIAN_POINT('',(-1.95,-0.43,1.025));
#3504 = LINE('',#3505,#3506);
#3505 = CARTESIAN_POINT('',(-1.95,-0.43,0.778829828783));
#3506 = VECTOR('',#3507,1.);
#3507 = DIRECTION('',(0.,0.,1.));
#3508 = ORIENTED_EDGE('',*,*,#2205,.T.);
#3509 = ORIENTED_EDGE('',*,*,#3510,.T.);
#3510 = EDGE_CURVE('',#2198,#3511,#3513,.T.);
#3511 = VERTEX_POINT('',#3512);
#3512 = CARTESIAN_POINT('',(-1.95,0.43,1.025));
#3513 = LINE('',#3514,#3515);
#3514 = CARTESIAN_POINT('',(-1.95,0.43,0.778829828783));
#3515 = VECTOR('',#3516,1.);
#3516 = DIRECTION('',(0.,0.,1.));
#3517 = ORIENTED_EDGE('',*,*,#3518,.F.);
#3518 = EDGE_CURVE('',#3502,#3511,#3519,.T.);
#3519 = LINE('',#3520,#3521);
#3520 = CARTESIAN_POINT('',(-1.95,-2.275,1.025));
#3521 = VECTOR('',#3522,1.);
#3522 = DIRECTION('',(-2.22044604925E-16,1.,0.));
#3523 = PLANE('',#3524);
#3524 = AXIS2_PLACEMENT_3D('',#3525,#3526,#3527);
#3525 = CARTESIAN_POINT('',(-1.95,-2.275,1.025));
#3526 = DIRECTION('',(1.,2.22044604925E-16,0.));
#3527 = DIRECTION('',(-2.22044604925E-16,1.,0.));
#3528 = ADVANCED_FACE('',(#3529),#3540,.F.);
#3529 = FACE_BOUND('',#3530,.F.);
#3530 = EDGE_LOOP('',(#3531,#3532,#3533,#3539));
#3531 = ORIENTED_EDGE('',*,*,#2254,.T.);
#3532 = ORIENTED_EDGE('',*,*,#2901,.T.);
#3533 = ORIENTED_EDGE('',*,*,#3534,.F.);
#3534 = EDGE_CURVE('',#3295,#2894,#3535,.T.);
#3535 = LINE('',#3536,#3537);
#3536 = CARTESIAN_POINT('',(-1.95,2.275,1.025));
#3537 = VECTOR('',#3538,1.);
#3538 = DIRECTION('',(0.707106781187,0.707106781187,0.));
#3539 = ORIENTED_EDGE('',*,*,#3294,.F.);
#3540 = PLANE('',#3541);
#3541 = AXIS2_PLACEMENT_3D('',#3542,#3543,#3544);
#3542 = CARTESIAN_POINT('',(-1.95,2.275,1.025));
#3543 = DIRECTION('',(0.707106781187,-0.707106781187,0.));
#3544 = DIRECTION('',(0.707106781187,0.707106781187,0.));
#3545 = ADVANCED_FACE('',(#3546),#3556,.F.);
#3546 = FACE_BOUND('',#3547,.F.);
#3547 = EDGE_LOOP('',(#3548,#3549,#3554,#3555));
#3548 = ORIENTED_EDGE('',*,*,#2277,.T.);
#3549 = ORIENTED_EDGE('',*,*,#3550,.T.);
#3550 = EDGE_CURVE('',#2271,#3005,#3551,.T.);
#3551 = B_SPLINE_CURVE_WITH_KNOTS('',1,(#3552,#3553),.UNSPECIFIED.,.F.,
  .F.,(2,2),(0.,1.),.PIECEWISE_BEZIER_KNOTS.);
#3552 = CARTESIAN_POINT('',(1.775,-2.45,1.025));
#3553 = CARTESIAN_POINT('',(1.7375,-2.375,1.025));
#3554 = ORIENTED_EDGE('',*,*,#3004,.F.);
#3555 = ORIENTED_EDGE('',*,*,#2391,.F.);
#3556 = B_SPLINE_SURFACE_WITH_KNOTS('',1,1,(
    (#3557,#3558)
    ,(#3559,#3560
    )),.UNSPECIFIED.,.F.,.F.,.F.,(2,2),(2,2),(0.,0.247487373415),(0.,1.)
  ,.PIECEWISE_BEZIER_KNOTS.);
#3557 = CARTESIAN_POINT('',(1.95,-2.275,1.025));
#3558 = CARTESIAN_POINT('',(1.875,-2.2375,1.025));
#3559 = CARTESIAN_POINT('',(1.775,-2.45,1.025));
#3560 = CARTESIAN_POINT('',(1.7375,-2.375,1.025));
#3561 = ADVANCED_FACE('',(#3562),#3573,.T.);
#3562 = FACE_BOUND('',#3563,.T.);
#3563 = EDGE_LOOP('',(#3564,#3565,#3566,#3567));
#3564 = ORIENTED_EDGE('',*,*,#2474,.T.);
#3565 = ORIENTED_EDGE('',*,*,#3047,.T.);
#3566 = ORIENTED_EDGE('',*,*,#2361,.F.);
#3567 = ORIENTED_EDGE('',*,*,#3568,.F.);
#3568 = EDGE_CURVE('',#2467,#2354,#3569,.T.);
#3569 = LINE('',#3570,#3571);
#3570 = CARTESIAN_POINT('',(2.55,-1.7,0.725));
#3571 = VECTOR('',#3572,1.);
#3572 = DIRECTION('',(2.22044604925E-16,-1.,0.));
#3573 = CYLINDRICAL_SURFACE('',#3574,0.3);
#3574 = AXIS2_PLACEMENT_3D('',#3575,#3576,#3577);
#3575 = CARTESIAN_POINT('',(2.25,-1.7,0.725));
#3576 = DIRECTION('',(-2.22044604925E-16,1.,-0.));
#3577 = DIRECTION('',(1.,2.22044604925E-16,3.700743415417E-16));
#3578 = ADVANCED_FACE('',(#3579),#3590,.F.);
#3579 = FACE_BOUND('',#3580,.F.);
#3580 = EDGE_LOOP('',(#3581,#3587,#3588,#3589));
#3581 = ORIENTED_EDGE('',*,*,#3582,.T.);
#3582 = EDGE_CURVE('',#2458,#2345,#3583,.T.);
#3583 = LINE('',#3584,#3585);
#3584 = CARTESIAN_POINT('',(2.55,-1.7,0.3));
#3585 = VECTOR('',#3586,1.);
#3586 = DIRECTION('',(2.22044604925E-16,-1.,0.));
#3587 = ORIENTED_EDGE('',*,*,#2353,.T.);
#3588 = ORIENTED_EDGE('',*,*,#3568,.F.);
#3589 = ORIENTED_EDGE('',*,*,#2466,.F.);
#3590 = PLANE('',#3591);
#3591 = AXIS2_PLACEMENT_3D('',#3592,#3593,#3594);
#3592 = CARTESIAN_POINT('',(2.55,-1.7,0.3));
#3593 = DIRECTION('',(-1.,-2.22044604925E-16,0.));
#3594 = DIRECTION('',(0.,0.,1.));
#3595 = ADVANCED_FACE('',(#3596),#3607,.F.);
#3596 = FACE_BOUND('',#3597,.F.);
#3597 = EDGE_LOOP('',(#3598,#3604,#3605,#3606));
#3598 = ORIENTED_EDGE('',*,*,#3599,.T.);
#3599 = EDGE_CURVE('',#2450,#2337,#3600,.T.);
#3600 = LINE('',#3601,#3602);
#3601 = CARTESIAN_POINT('',(2.65,-1.7,0.2));
#3602 = VECTOR('',#3603,1.);
#3603 = DIRECTION('',(2.22044604925E-16,-1.,0.));
#3604 = ORIENTED_EDGE('',*,*,#2344,.T.);
#3605 = ORIENTED_EDGE('',*,*,#3582,.F.);
#3606 = ORIENTED_EDGE('',*,*,#2457,.F.);
#3607 = CYLINDRICAL_SURFACE('',#3608,0.1);
#3608 = AXIS2_PLACEMENT_3D('',#3609,#3610,#3611);
#3609 = CARTESIAN_POINT('',(2.65,-1.7,0.3));
#3610 = DIRECTION('',(-2.22044604925E-16,1.,0.));
#3611 = DIRECTION('',(0.,0.,-1.));
#3612 = ADVANCED_FACE('',(#3613),#3624,.F.);
#3613 = FACE_BOUND('',#3614,.F.);
#3614 = EDGE_LOOP('',(#3615,#3621,#3622,#3623));
#3615 = ORIENTED_EDGE('',*,*,#3616,.T.);
#3616 = EDGE_CURVE('',#2442,#2329,#3617,.T.);
#3617 = LINE('',#3618,#3619);
#3618 = CARTESIAN_POINT('',(3.,-1.7,0.2));
#3619 = VECTOR('',#3620,1.);
#3620 = DIRECTION('',(2.22044604925E-16,-1.,0.));
#3621 = ORIENTED_EDGE('',*,*,#2336,.T.);
#3622 = ORIENTED_EDGE('',*,*,#3599,.F.);
#3623 = ORIENTED_EDGE('',*,*,#2449,.F.);
#3624 = PLANE('',#3625);
#3625 = AXIS2_PLACEMENT_3D('',#3626,#3627,#3628);
#3626 = CARTESIAN_POINT('',(3.,-1.7,0.2));
#3627 = DIRECTION('',(0.,0.,-1.));
#3628 = DIRECTION('',(-1.,-2.22044604925E-16,-0.));
#3629 = ADVANCED_FACE('',(#3630),#3641,.F.);
#3630 = FACE_BOUND('',#3631,.F.);
#3631 = EDGE_LOOP('',(#3632,#3638,#3639,#3640));
#3632 = ORIENTED_EDGE('',*,*,#3633,.T.);
#3633 = EDGE_CURVE('',#2434,#2321,#3634,.T.);
#3634 = LINE('',#3635,#3636);
#3635 = CARTESIAN_POINT('',(3.,-1.7,5.551115123126E-17));
#3636 = VECTOR('',#3637,1.);
#3637 = DIRECTION('',(2.22044604925E-16,-1.,0.));
#3638 = ORIENTED_EDGE('',*,*,#2328,.T.);
#3639 = ORIENTED_EDGE('',*,*,#3616,.F.);
#3640 = ORIENTED_EDGE('',*,*,#2441,.F.);
#3641 = PLANE('',#3642);
#3642 = AXIS2_PLACEMENT_3D('',#3643,#3644,#3645);
#3643 = CARTESIAN_POINT('',(3.,-1.7,5.551115123126E-17));
#3644 = DIRECTION('',(-1.,-2.22044604925E-16,0.));
#3645 = DIRECTION('',(0.,0.,1.));
#3646 = ADVANCED_FACE('',(#3647),#3658,.F.);
#3647 = FACE_BOUND('',#3648,.F.);
#3648 = EDGE_LOOP('',(#3649,#3655,#3656,#3657));
#3649 = ORIENTED_EDGE('',*,*,#3650,.T.);
#3650 = EDGE_CURVE('',#2425,#2312,#3651,.T.);
#3651 = LINE('',#3652,#3653);
#3652 = CARTESIAN_POINT('',(2.65,-1.7,5.551115123126E-17));
#3653 = VECTOR('',#3654,1.);
#3654 = DIRECTION('',(2.22044604925E-16,-1.,0.));
#3655 = ORIENTED_EDGE('',*,*,#2320,.T.);
#3656 = ORIENTED_EDGE('',*,*,#3633,.F.);
#3657 = ORIENTED_EDGE('',*,*,#2433,.F.);
#3658 = PLANE('',#3659);
#3659 = AXIS2_PLACEMENT_3D('',#3660,#3661,#3662);
#3660 = CARTESIAN_POINT('',(2.65,-1.7,5.551115123126E-17));
#3661 = DIRECTION('',(0.,0.,1.));
#3662 = DIRECTION('',(1.,2.22044604925E-16,-0.));
#3663 = ADVANCED_FACE('',(#3664),#3675,.T.);
#3664 = FACE_BOUND('',#3665,.T.);
#3665 = EDGE_LOOP('',(#3666,#3667,#3668,#3669));
#3666 = ORIENTED_EDGE('',*,*,#2424,.T.);
#3667 = ORIENTED_EDGE('',*,*,#3650,.T.);
#3668 = ORIENTED_EDGE('',*,*,#2311,.F.);
#3669 = ORIENTED_EDGE('',*,*,#3670,.F.);
#3670 = EDGE_CURVE('',#2417,#2304,#3671,.T.);
#3671 = LINE('',#3672,#3673);
#3672 = CARTESIAN_POINT('',(2.35,-1.7,0.3));
#3673 = VECTOR('',#3674,1.);
#3674 = DIRECTION('',(2.22044604925E-16,-1.,0.));
#3675 = CYLINDRICAL_SURFACE('',#3676,0.3);
#3676 = AXIS2_PLACEMENT_3D('',#3677,#3678,#3679);
#3677 = CARTESIAN_POINT('',(2.65,-1.7,0.3));
#3678 = DIRECTION('',(-2.22044604925E-16,1.,-0.));
#3679 = DIRECTION('',(-1.,-2.22044604925E-16,3.515706244646E-15));
#3680 = ADVANCED_FACE('',(#3681),#3687,.F.);
#3681 = FACE_BOUND('',#3682,.F.);
#3682 = EDGE_LOOP('',(#3683,#3684,#3685,#3686));
#3683 = ORIENTED_EDGE('',*,*,#2499,.T.);
#3684 = ORIENTED_EDGE('',*,*,#2303,.T.);
#3685 = ORIENTED_EDGE('',*,*,#3670,.F.);
#3686 = ORIENTED_EDGE('',*,*,#2416,.F.);
#3687 = PLANE('',#3688);
#3688 = AXIS2_PLACEMENT_3D('',#3689,#3690,#3691);
#3689 = CARTESIAN_POINT('',(2.35,-1.7,0.725));
#3690 = DIRECTION('',(1.,2.22044604925E-16,1.044915787883E-15));
#3691 = DIRECTION('',(1.044915787883E-15,2.320179133003E-31,-1.));
#3692 = ADVANCED_FACE('',(#3693),#3704,.T.);
#3693 = FACE_BOUND('',#3694,.T.);
#3694 = EDGE_LOOP('',(#3695,#3696,#3697,#3698));
#3695 = ORIENTED_EDGE('',*,*,#2806,.T.);
#3696 = ORIENTED_EDGE('',*,*,#3066,.T.);
#3697 = ORIENTED_EDGE('',*,*,#2583,.F.);
#3698 = ORIENTED_EDGE('',*,*,#3699,.F.);
#3699 = EDGE_CURVE('',#2799,#2576,#3700,.T.);
#3700 = LINE('',#3701,#3702);
#3701 = CARTESIAN_POINT('',(2.55,-0.43,0.725));
#3702 = VECTOR('',#3703,1.);
#3703 = DIRECTION('',(2.22044604925E-16,-1.,0.));
#3704 = CYLINDRICAL_SURFACE('',#3705,0.3);
#3705 = AXIS2_PLACEMENT_3D('',#3706,#3707,#3708);
#3706 = CARTESIAN_POINT('',(2.25,-0.43,0.725));
#3707 = DIRECTION('',(-2.22044604925E-16,1.,-0.));
#3708 = DIRECTION('',(1.,2.22044604925E-16,3.700743415417E-16));
#3709 = ADVANCED_FACE('',(#3710),#3721,.F.);
#3710 = FACE_BOUND('',#3711,.F.);
#3711 = EDGE_LOOP('',(#3712,#3718,#3719,#3720));
#3712 = ORIENTED_EDGE('',*,*,#3713,.T.);
#3713 = EDGE_CURVE('',#2790,#2567,#3714,.T.);
#3714 = LINE('',#3715,#3716);
#3715 = CARTESIAN_POINT('',(2.55,-0.43,0.3));
#3716 = VECTOR('',#3717,1.);
#3717 = DIRECTION('',(2.22044604925E-16,-1.,0.));
#3718 = ORIENTED_EDGE('',*,*,#2575,.T.);
#3719 = ORIENTED_EDGE('',*,*,#3699,.F.);
#3720 = ORIENTED_EDGE('',*,*,#2798,.F.);
#3721 = PLANE('',#3722);
#3722 = AXIS2_PLACEMENT_3D('',#3723,#3724,#3725);
#3723 = CARTESIAN_POINT('',(2.55,-0.43,0.3));
#3724 = DIRECTION('',(-1.,-2.22044604925E-16,0.));
#3725 = DIRECTION('',(0.,0.,1.));
#3726 = ADVANCED_FACE('',(#3727),#3738,.F.);
#3727 = FACE_BOUND('',#3728,.F.);
#3728 = EDGE_LOOP('',(#3729,#3735,#3736,#3737));
#3729 = ORIENTED_EDGE('',*,*,#3730,.T.);
#3730 = EDGE_CURVE('',#2782,#2559,#3731,.T.);
#3731 = LINE('',#3732,#3733);
#3732 = CARTESIAN_POINT('',(2.65,-0.43,0.2));
#3733 = VECTOR('',#3734,1.);
#3734 = DIRECTION('',(2.22044604925E-16,-1.,0.));
#3735 = ORIENTED_EDGE('',*,*,#2566,.T.);
#3736 = ORIENTED_EDGE('',*,*,#3713,.F.);
#3737 = ORIENTED_EDGE('',*,*,#2789,.F.);
#3738 = CYLINDRICAL_SURFACE('',#3739,0.1);
#3739 = AXIS2_PLACEMENT_3D('',#3740,#3741,#3742);
#3740 = CARTESIAN_POINT('',(2.65,-0.43,0.3));
#3741 = DIRECTION('',(-2.22044604925E-16,1.,0.));
#3742 = DIRECTION('',(0.,0.,-1.));
#3743 = ADVANCED_FACE('',(#3744),#3755,.F.);
#3744 = FACE_BOUND('',#3745,.F.);
#3745 = EDGE_LOOP('',(#3746,#3752,#3753,#3754));
#3746 = ORIENTED_EDGE('',*,*,#3747,.T.);
#3747 = EDGE_CURVE('',#2774,#2551,#3748,.T.);
#3748 = LINE('',#3749,#3750);
#3749 = CARTESIAN_POINT('',(3.,-0.43,0.2));
#3750 = VECTOR('',#3751,1.);
#3751 = DIRECTION('',(2.22044604925E-16,-1.,0.));
#3752 = ORIENTED_EDGE('',*,*,#2558,.T.);
#3753 = ORIENTED_EDGE('',*,*,#3730,.F.);
#3754 = ORIENTED_EDGE('',*,*,#2781,.F.);
#3755 = PLANE('',#3756);
#3756 = AXIS2_PLACEMENT_3D('',#3757,#3758,#3759);
#3757 = CARTESIAN_POINT('',(3.,-0.43,0.2));
#3758 = DIRECTION('',(0.,0.,-1.));
#3759 = DIRECTION('',(-1.,-2.22044604925E-16,-0.));
#3760 = ADVANCED_FACE('',(#3761),#3772,.F.);
#3761 = FACE_BOUND('',#3762,.F.);
#3762 = EDGE_LOOP('',(#3763,#3769,#3770,#3771));
#3763 = ORIENTED_EDGE('',*,*,#3764,.T.);
#3764 = EDGE_CURVE('',#2766,#2543,#3765,.T.);
#3765 = LINE('',#3766,#3767);
#3766 = CARTESIAN_POINT('',(3.,-0.43,5.551115123126E-17));
#3767 = VECTOR('',#3768,1.);
#3768 = DIRECTION('',(2.22044604925E-16,-1.,0.));
#3769 = ORIENTED_EDGE('',*,*,#2550,.T.);
#3770 = ORIENTED_EDGE('',*,*,#3747,.F.);
#3771 = ORIENTED_EDGE('',*,*,#2773,.F.);
#3772 = PLANE('',#3773);
#3773 = AXIS2_PLACEMENT_3D('',#3774,#3775,#3776);
#3774 = CARTESIAN_POINT('',(3.,-0.43,5.551115123126E-17));
#3775 = DIRECTION('',(-1.,-2.22044604925E-16,0.));
#3776 = DIRECTION('',(0.,0.,1.));
#3777 = ADVANCED_FACE('',(#3778),#3789,.F.);
#3778 = FACE_BOUND('',#3779,.F.);
#3779 = EDGE_LOOP('',(#3780,#3786,#3787,#3788));
#3780 = ORIENTED_EDGE('',*,*,#3781,.T.);
#3781 = EDGE_CURVE('',#2757,#2534,#3782,.T.);
#3782 = LINE('',#3783,#3784);
#3783 = CARTESIAN_POINT('',(2.65,-0.43,5.551115123126E-17));
#3784 = VECTOR('',#3785,1.);
#3785 = DIRECTION('',(2.22044604925E-16,-1.,0.));
#3786 = ORIENTED_EDGE('',*,*,#2542,.T.);
#3787 = ORIENTED_EDGE('',*,*,#3764,.F.);
#3788 = ORIENTED_EDGE('',*,*,#2765,.F.);
#3789 = PLANE('',#3790);
#3790 = AXIS2_PLACEMENT_3D('',#3791,#3792,#3793);
#3791 = CARTESIAN_POINT('',(2.65,-0.43,5.551115123126E-17));
#3792 = DIRECTION('',(0.,0.,1.));
#3793 = DIRECTION('',(1.,2.22044604925E-16,-0.));
#3794 = ADVANCED_FACE('',(#3795),#3806,.T.);
#3795 = FACE_BOUND('',#3796,.T.);
#3796 = EDGE_LOOP('',(#3797,#3798,#3799,#3800));
#3797 = ORIENTED_EDGE('',*,*,#2756,.T.);
#3798 = ORIENTED_EDGE('',*,*,#3781,.T.);
#3799 = ORIENTED_EDGE('',*,*,#2533,.F.);
#3800 = ORIENTED_EDGE('',*,*,#3801,.F.);
#3801 = EDGE_CURVE('',#2749,#2526,#3802,.T.);
#3802 = LINE('',#3803,#3804);
#3803 = CARTESIAN_POINT('',(2.35,-0.43,0.3));
#3804 = VECTOR('',#3805,1.);
#3805 = DIRECTION('',(2.22044604925E-16,-1.,0.));
#3806 = CYLINDRICAL_SURFACE('',#3807,0.3);
#3807 = AXIS2_PLACEMENT_3D('',#3808,#3809,#3810);
#3808 = CARTESIAN_POINT('',(2.65,-0.43,0.3));
#3809 = DIRECTION('',(-2.22044604925E-16,1.,-0.));
#3810 = DIRECTION('',(-1.,-2.22044604925E-16,3.515706244646E-15));
#3811 = ADVANCED_FACE('',(#3812),#3818,.F.);
#3812 = FACE_BOUND('',#3813,.F.);
#3813 = EDGE_LOOP('',(#3814,#3815,#3816,#3817));
#3814 = ORIENTED_EDGE('',*,*,#2831,.T.);
#3815 = ORIENTED_EDGE('',*,*,#2525,.T.);
#3816 = ORIENTED_EDGE('',*,*,#3801,.F.);
#3817 = ORIENTED_EDGE('',*,*,#2748,.F.);
#3818 = PLANE('',#3819);
#3819 = AXIS2_PLACEMENT_3D('',#3820,#3821,#3822);
#3820 = CARTESIAN_POINT('',(2.35,-0.43,0.725));
#3821 = DIRECTION('',(1.,2.22044604925E-16,1.044915787883E-15));
#3822 = DIRECTION('',(1.044915787883E-15,2.320179133003E-31,-1.));
#3823 = ADVANCED_FACE('',(#3824),#3841,.F.);
#3824 = FACE_BOUND('',#3825,.F.);
#3825 = EDGE_LOOP('',(#3826,#3827,#3828,#3836));
#3826 = ORIENTED_EDGE('',*,*,#2893,.T.);
#3827 = ORIENTED_EDGE('',*,*,#2878,.T.);
#3828 = ORIENTED_EDGE('',*,*,#3829,.F.);
#3829 = EDGE_CURVE('',#3830,#2871,#3832,.T.);
#3830 = VERTEX_POINT('',#3831);
#3831 = CARTESIAN_POINT('',(-1.7375,2.375,1.025));
#3832 = LINE('',#3833,#3834);
#3833 = CARTESIAN_POINT('',(-1.7375,2.375,1.025));
#3834 = VECTOR('',#3835,1.);
#3835 = DIRECTION('',(1.,2.22044604925E-16,0.));
#3836 = ORIENTED_EDGE('',*,*,#3837,.F.);
#3837 = EDGE_CURVE('',#2894,#3830,#3838,.T.);
#3838 = B_SPLINE_CURVE_WITH_KNOTS('',1,(#3839,#3840),.UNSPECIFIED.,.F.,
  .F.,(2,2),(0.,1.),.PIECEWISE_BEZIER_KNOTS.);
#3839 = CARTESIAN_POINT('',(-1.775,2.45,1.025));
#3840 = CARTESIAN_POINT('',(-1.7375,2.375,1.025));
#3841 = B_SPLINE_SURFACE_WITH_KNOTS('',1,1,(
    (#3842,#3843)
    ,(#3844,#3845
    )),.UNSPECIFIED.,.F.,.F.,.F.,(2,2),(2,2),(0.,3.55),(0.,1.),
  .PIECEWISE_BEZIER_KNOTS.);
#3842 = CARTESIAN_POINT('',(-1.775,2.45,1.025));
#3843 = CARTESIAN_POINT('',(-1.7375,2.375,1.025));
#3844 = CARTESIAN_POINT('',(1.775,2.45,1.025));
#3845 = CARTESIAN_POINT('',(1.7375,2.375,1.025));
#3846 = ADVANCED_FACE('',(#3847),#3857,.F.);
#3847 = FACE_BOUND('',#3848,.F.);
#3848 = EDGE_LOOP('',(#3849,#3850,#3851,#3852));
#3849 = ORIENTED_EDGE('',*,*,#3829,.T.);
#3850 = ORIENTED_EDGE('',*,*,#2924,.T.);
#3851 = ORIENTED_EDGE('',*,*,#2937,.F.);
#3852 = ORIENTED_EDGE('',*,*,#3853,.F.);
#3853 = EDGE_CURVE('',#3830,#2938,#3854,.T.);
#3854 = B_SPLINE_CURVE_WITH_KNOTS('',1,(#3855,#3856),.UNSPECIFIED.,.F.,
  .F.,(2,2),(0.,1.),.PIECEWISE_BEZIER_KNOTS.);
#3855 = CARTESIAN_POINT('',(-1.7375,2.375,1.025));
#3856 = CARTESIAN_POINT('',(-1.680085640382,2.260171280765,1.75));
#3857 = B_SPLINE_SURFACE_WITH_KNOTS('',1,1,(
    (#3858,#3859)
    ,(#3860,#3861
    )),.UNSPECIFIED.,.F.,.F.,.F.,(2,2),(2,2),(0.,3.475),(0.,1.),
  .PIECEWISE_BEZIER_KNOTS.);
#3858 = CARTESIAN_POINT('',(-1.7375,2.375,1.025));
#3859 = CARTESIAN_POINT('',(-1.680085640382,2.260171280765,1.75));
#3860 = CARTESIAN_POINT('',(1.7375,2.375,1.025));
#3861 = CARTESIAN_POINT('',(1.680085640382,2.260171280765,1.75));
#3862 = ADVANCED_FACE('',(#3863),#3880,.F.);
#3863 = FACE_BOUND('',#3864,.F.);
#3864 = EDGE_LOOP('',(#3865,#3873,#3874,#3875));
#3865 = ORIENTED_EDGE('',*,*,#3866,.T.);
#3866 = EDGE_CURVE('',#3867,#3830,#3869,.T.);
#3867 = VERTEX_POINT('',#3868);
#3868 = CARTESIAN_POINT('',(-1.875,2.2375,1.025));
#3869 = LINE('',#3870,#3871);
#3870 = CARTESIAN_POINT('',(-1.875,2.2375,1.025));
#3871 = VECTOR('',#3872,1.);
#3872 = DIRECTION('',(0.707106781187,0.707106781187,0.));
#3873 = ORIENTED_EDGE('',*,*,#3853,.T.);
#3874 = ORIENTED_EDGE('',*,*,#2979,.F.);
#3875 = ORIENTED_EDGE('',*,*,#3876,.F.);
#3876 = EDGE_CURVE('',#3867,#2972,#3877,.T.);
#3877 = B_SPLINE_CURVE_WITH_KNOTS('',1,(#3878,#3879),.UNSPECIFIED.,.F.,
  .F.,(2,2),(0.,1.),.PIECEWISE_BEZIER_KNOTS.);
#3878 = CARTESIAN_POINT('',(-1.875,2.2375,1.025));
#3879 = CARTESIAN_POINT('',(-1.760171280765,2.180085640382,1.75));
#3880 = B_SPLINE_SURFACE_WITH_KNOTS('',1,1,(
    (#3881,#3882)
    ,(#3883,#3884
    )),.UNSPECIFIED.,.F.,.F.,.F.,(2,2),(2,2),(0.,0.194454364826),(0.,1.)
  ,.PIECEWISE_BEZIER_KNOTS.);
#3881 = CARTESIAN_POINT('',(-1.875,2.2375,1.025));
#3882 = CARTESIAN_POINT('',(-1.760171280765,2.180085640382,1.75));
#3883 = CARTESIAN_POINT('',(-1.7375,2.375,1.025));
#3884 = CARTESIAN_POINT('',(-1.680085640382,2.260171280765,1.75));
#3885 = ADVANCED_FACE('',(#3886),#3967,.F.);
#3886 = FACE_BOUND('',#3887,.F.);
#3887 = EDGE_LOOP('',(#3888,#3898,#3906,#3914,#3922,#3930,#3938,#3946,
    #3954,#3960,#3961,#3962));
#3888 = ORIENTED_EDGE('',*,*,#3889,.T.);
#3889 = EDGE_CURVE('',#3890,#3892,#3894,.T.);
#3890 = VERTEX_POINT('',#3891);
#3891 = CARTESIAN_POINT('',(-1.875,-2.2375,1.025));
#3892 = VERTEX_POINT('',#3893);
#3893 = CARTESIAN_POINT('',(-1.875,-2.11,1.025));
#3894 = LINE('',#3895,#3896);
#3895 = CARTESIAN_POINT('',(-1.875,-2.2375,1.025));
#3896 = VECTOR('',#3897,1.);
#3897 = DIRECTION('',(-2.22044604925E-16,1.,0.));
#3898 = ORIENTED_EDGE('',*,*,#3899,.T.);
#3899 = EDGE_CURVE('',#3892,#3900,#3902,.T.);
#3900 = VERTEX_POINT('',#3901);
#3901 = CARTESIAN_POINT('',(-1.875,-1.7,1.025));
#3902 = LINE('',#3903,#3904);
#3903 = CARTESIAN_POINT('',(-1.875,-2.2375,1.025));
#3904 = VECTOR('',#3905,1.);
#3905 = DIRECTION('',(-2.22044604925E-16,1.,0.));
#3906 = ORIENTED_EDGE('',*,*,#3907,.T.);
#3907 = EDGE_CURVE('',#3900,#3908,#3910,.T.);
#3908 = VERTEX_POINT('',#3909);
#3909 = CARTESIAN_POINT('',(-1.875,-0.84,1.025));
#3910 = LINE('',#3911,#3912);
#3911 = CARTESIAN_POINT('',(-1.875,-2.2375,1.025));
#3912 = VECTOR('',#3913,1.);
#3913 = DIRECTION('',(-2.22044604925E-16,1.,0.));
#3914 = ORIENTED_EDGE('',*,*,#3915,.T.);
#3915 = EDGE_CURVE('',#3908,#3916,#3918,.T.);
#3916 = VERTEX_POINT('',#3917);
#3917 = CARTESIAN_POINT('',(-1.875,-0.43,1.025));
#3918 = LINE('',#3919,#3920);
#3919 = CARTESIAN_POINT('',(-1.875,-2.2375,1.025));
#3920 = VECTOR('',#3921,1.);
#3921 = DIRECTION('',(-2.22044604925E-16,1.,0.));
#3922 = ORIENTED_EDGE('',*,*,#3923,.T.);
#3923 = EDGE_CURVE('',#3916,#3924,#3926,.T.);
#3924 = VERTEX_POINT('',#3925);
#3925 = CARTESIAN_POINT('',(-1.875,0.43,1.025));
#3926 = LINE('',#3927,#3928);
#3927 = CARTESIAN_POINT('',(-1.875,-2.2375,1.025));
#3928 = VECTOR('',#3929,1.);
#3929 = DIRECTION('',(-2.22044604925E-16,1.,0.));
#3930 = ORIENTED_EDGE('',*,*,#3931,.T.);
#3931 = EDGE_CURVE('',#3924,#3932,#3934,.T.);
#3932 = VERTEX_POINT('',#3933);
#3933 = CARTESIAN_POINT('',(-1.875,0.84,1.025));
#3934 = LINE('',#3935,#3936);
#3935 = CARTESIAN_POINT('',(-1.875,-2.2375,1.025));
#3936 = VECTOR('',#3937,1.);
#3937 = DIRECTION('',(-2.22044604925E-16,1.,0.));
#3938 = ORIENTED_EDGE('',*,*,#3939,.T.);
#3939 = EDGE_CURVE('',#3932,#3940,#3942,.T.);
#3940 = VERTEX_POINT('',#3941);
#3941 = CARTESIAN_POINT('',(-1.875,1.7,1.025));
#3942 = LINE('',#3943,#3944);
#3943 = CARTESIAN_POINT('',(-1.875,-2.2375,1.025));
#3944 = VECTOR('',#3945,1.);
#3945 = DIRECTION('',(-2.22044604925E-16,1.,0.));
#3946 = ORIENTED_EDGE('',*,*,#3947,.T.);
#3947 = EDGE_CURVE('',#3940,#3948,#3950,.T.);
#3948 = VERTEX_POINT('',#3949);
#3949 = CARTESIAN_POINT('',(-1.875,2.11,1.025));
#3950 = LINE('',#3951,#3952);
#3951 = CARTESIAN_POINT('',(-1.875,-2.2375,1.025));
#3952 = VECTOR('',#3953,1.);
#3953 = DIRECTION('',(-2.22044604925E-16,1.,0.));
#3954 = ORIENTED_EDGE('',*,*,#3955,.T.);
#3955 = EDGE_CURVE('',#3948,#3867,#3956,.T.);
#3956 = LINE('',#3957,#3958);
#3957 = CARTESIAN_POINT('',(-1.875,-2.2375,1.025));
#3958 = VECTOR('',#3959,1.);
#3959 = DIRECTION('',(-2.22044604925E-16,1.,0.));
#3960 = ORIENTED_EDGE('',*,*,#3876,.T.);
#3961 = ORIENTED_EDGE('',*,*,#2971,.F.);
#3962 = ORIENTED_EDGE('',*,*,#3963,.F.);
#3963 = EDGE_CURVE('',#3890,#2964,#3964,.T.);
#3964 = B_SPLINE_CURVE_WITH_KNOTS('',1,(#3965,#3966),.UNSPECIFIED.,.F.,
  .F.,(2,2),(0.,1.),.PIECEWISE_BEZIER_KNOTS.);
#3965 = CARTESIAN_POINT('',(-1.875,-2.2375,1.025));
#3966 = CARTESIAN_POINT('',(-1.760171280765,-2.180085640382,1.75));
#3967 = B_SPLINE_SURFACE_WITH_KNOTS('',1,1,(
    (#3968,#3969)
    ,(#3970,#3971
    )),.UNSPECIFIED.,.F.,.F.,.F.,(2,2),(2,2),(0.,4.475),(0.,1.),
  .PIECEWISE_BEZIER_KNOTS.);
#3968 = CARTESIAN_POINT('',(-1.875,-2.2375,1.025));
#3969 = CARTESIAN_POINT('',(-1.760171280765,-2.180085640382,1.75));
#3970 = CARTESIAN_POINT('',(-1.875,2.2375,1.025));
#3971 = CARTESIAN_POINT('',(-1.760171280765,2.180085640382,1.75));
#3972 = ADVANCED_FACE('',(#3973),#3990,.F.);
#3973 = FACE_BOUND('',#3974,.F.);
#3974 = EDGE_LOOP('',(#3975,#3983,#3984,#3985));
#3975 = ORIENTED_EDGE('',*,*,#3976,.T.);
#3976 = EDGE_CURVE('',#3977,#3890,#3979,.T.);
#3977 = VERTEX_POINT('',#3978);
#3978 = CARTESIAN_POINT('',(-1.7375,-2.375,1.025));
#3979 = LINE('',#3980,#3981);
#3980 = CARTESIAN_POINT('',(-1.7375,-2.375,1.025));
#3981 = VECTOR('',#3982,1.);
#3982 = DIRECTION('',(-0.707106781187,0.707106781187,0.));
#3983 = ORIENTED_EDGE('',*,*,#3963,.T.);
#3984 = ORIENTED_EDGE('',*,*,#2963,.F.);
#3985 = ORIENTED_EDGE('',*,*,#3986,.F.);
#3986 = EDGE_CURVE('',#3977,#2956,#3987,.T.);
#3987 = B_SPLINE_CURVE_WITH_KNOTS('',1,(#3988,#3989),.UNSPECIFIED.,.F.,
  .F.,(2,2),(0.,1.),.PIECEWISE_BEZIER_KNOTS.);
#3988 = CARTESIAN_POINT('',(-1.7375,-2.375,1.025));
#3989 = CARTESIAN_POINT('',(-1.680085640382,-2.260171280765,1.75));
#3990 = B_SPLINE_SURFACE_WITH_KNOTS('',1,1,(
    (#3991,#3992)
    ,(#3993,#3994
    )),.UNSPECIFIED.,.F.,.F.,.F.,(2,2),(2,2),(0.,0.194454364826),(0.,1.)
  ,.PIECEWISE_BEZIER_KNOTS.);
#3991 = CARTESIAN_POINT('',(-1.7375,-2.375,1.025));
#3992 = CARTESIAN_POINT('',(-1.680085640382,-2.260171280765,1.75));
#3993 = CARTESIAN_POINT('',(-1.875,-2.2375,1.025));
#3994 = CARTESIAN_POINT('',(-1.760171280765,-2.180085640382,1.75));
#3995 = ADVANCED_FACE('',(#3996),#4007,.F.);
#3996 = FACE_BOUND('',#3997,.F.);
#3997 = EDGE_LOOP('',(#3998,#4004,#4005,#4006));
#3998 = ORIENTED_EDGE('',*,*,#3999,.T.);
#3999 = EDGE_CURVE('',#3005,#3977,#4000,.T.);
#4000 = LINE('',#4001,#4002);
#4001 = CARTESIAN_POINT('',(1.7375,-2.375,1.025));
#4002 = VECTOR('',#4003,1.);
#4003 = DIRECTION('',(-1.,-2.22044604925E-16,0.));
#4004 = ORIENTED_EDGE('',*,*,#3986,.T.);
#4005 = ORIENTED_EDGE('',*,*,#2955,.F.);
#4006 = ORIENTED_EDGE('',*,*,#3012,.F.);
#4007 = B_SPLINE_SURFACE_WITH_KNOTS('',1,1,(
    (#4008,#4009)
    ,(#4010,#4011
    )),.UNSPECIFIED.,.F.,.F.,.F.,(2,2),(2,2),(0.,3.475),(0.,1.),
  .PIECEWISE_BEZIER_KNOTS.);
#4008 = CARTESIAN_POINT('',(1.7375,-2.375,1.025));
#4009 = CARTESIAN_POINT('',(1.680085640382,-2.260171280765,1.75));
#4010 = CARTESIAN_POINT('',(-1.7375,-2.375,1.025));
#4011 = CARTESIAN_POINT('',(-1.680085640382,-2.260171280765,1.75));
#4012 = ADVANCED_FACE('',(#4013),#4032,.F.);
#4013 = FACE_BOUND('',#4014,.F.);
#4014 = EDGE_LOOP('',(#4015,#4024,#4030,#4031));
#4015 = ORIENTED_EDGE('',*,*,#4016,.T.);
#4016 = EDGE_CURVE('',#4017,#4017,#4019,.T.);
#4017 = VERTEX_POINT('',#4018);
#4018 = CARTESIAN_POINT('',(-1.110171280765,1.310171280765,1.7));
#4019 = CIRCLE('',#4020,0.3);
#4020 = AXIS2_PLACEMENT_3D('',#4021,#4022,#4023);
#4021 = CARTESIAN_POINT('',(-1.110171280765,1.610171280765,1.7));
#4022 = DIRECTION('',(-0.,0.,1.));
#4023 = DIRECTION('',(2.22044604925E-16,-1.,0.));
#4024 = ORIENTED_EDGE('',*,*,#4025,.F.);
#4025 = EDGE_CURVE('',#2988,#4017,#4026,.T.);
#4026 = LINE('',#4027,#4028);
#4027 = CARTESIAN_POINT('',(-1.110171280765,1.310171280765,1.75));
#4028 = VECTOR('',#4029,1.);
#4029 = DIRECTION('',(0.,-0.,-1.));
#4030 = ORIENTED_EDGE('',*,*,#2987,.F.);
#4031 = ORIENTED_EDGE('',*,*,#4025,.T.);
#4032 = CYLINDRICAL_SURFACE('',#4033,0.3);
#4033 = AXIS2_PLACEMENT_3D('',#4034,#4035,#4036);
#4034 = CARTESIAN_POINT('',(-1.110171280765,1.610171280765,1.75));
#4035 = DIRECTION('',(-0.,0.,-1.));
#4036 = DIRECTION('',(2.22044604925E-16,-1.,-0.));
#4037 = ADVANCED_FACE('',(#4038),#4048,.F.);
#4038 = FACE_BOUND('',#4039,.F.);
#4039 = EDGE_LOOP('',(#4040,#4041,#4046,#4047));
#4040 = ORIENTED_EDGE('',*,*,#3223,.T.);
#4041 = ORIENTED_EDGE('',*,*,#4042,.T.);
#4042 = EDGE_CURVE('',#3217,#3977,#4043,.T.);
#4043 = B_SPLINE_CURVE_WITH_KNOTS('',1,(#4044,#4045),.UNSPECIFIED.,.F.,
  .F.,(2,2),(0.,1.),.PIECEWISE_BEZIER_KNOTS.);
#4044 = CARTESIAN_POINT('',(-1.775,-2.45,1.025));
#4045 = CARTESIAN_POINT('',(-1.7375,-2.375,1.025));
#4046 = ORIENTED_EDGE('',*,*,#3999,.F.);
#4047 = ORIENTED_EDGE('',*,*,#3550,.F.);
#4048 = B_SPLINE_SURFACE_WITH_KNOTS('',1,1,(
    (#4049,#4050)
    ,(#4051,#4052
    )),.UNSPECIFIED.,.F.,.F.,.F.,(2,2),(2,2),(0.,3.55),(0.,1.),
  .PIECEWISE_BEZIER_KNOTS.);
#4049 = CARTESIAN_POINT('',(1.775,-2.45,1.025));
#4050 = CARTESIAN_POINT('',(1.7375,-2.375,1.025));
#4051 = CARTESIAN_POINT('',(-1.775,-2.45,1.025));
#4052 = CARTESIAN_POINT('',(-1.7375,-2.375,1.025));
#4053 = ADVANCED_FACE('',(#4054),#4064,.F.);
#4054 = FACE_BOUND('',#4055,.F.);
#4055 = EDGE_LOOP('',(#4056,#4057,#4062,#4063));
#4056 = ORIENTED_EDGE('',*,*,#3246,.T.);
#4057 = ORIENTED_EDGE('',*,*,#4058,.T.);
#4058 = EDGE_CURVE('',#3240,#3890,#4059,.T.);
#4059 = B_SPLINE_CURVE_WITH_KNOTS('',1,(#4060,#4061),.UNSPECIFIED.,.F.,
  .F.,(2,2),(0.,1.),.PIECEWISE_BEZIER_KNOTS.);
#4060 = CARTESIAN_POINT('',(-1.95,-2.275,1.025));
#4061 = CARTESIAN_POINT('',(-1.875,-2.2375,1.025));
#4062 = ORIENTED_EDGE('',*,*,#3976,.F.);
#4063 = ORIENTED_EDGE('',*,*,#4042,.F.);
#4064 = B_SPLINE_SURFACE_WITH_KNOTS('',1,1,(
    (#4065,#4066)
    ,(#4067,#4068
    )),.UNSPECIFIED.,.F.,.F.,.F.,(2,2),(2,2),(0.,0.247487373415),(0.,1.)
  ,.PIECEWISE_BEZIER_KNOTS.);
#4065 = CARTESIAN_POINT('',(-1.775,-2.45,1.025));
#4066 = CARTESIAN_POINT('',(-1.7375,-2.375,1.025));
#4067 = CARTESIAN_POINT('',(-1.95,-2.275,1.025));
#4068 = CARTESIAN_POINT('',(-1.875,-2.2375,1.025));
#4069 = ADVANCED_FACE('',(#4070),#4081,.F.);
#4070 = FACE_BOUND('',#4071,.F.);
#4071 = EDGE_LOOP('',(#4072,#4073,#4074,#4080));
#4072 = ORIENTED_EDGE('',*,*,#4058,.F.);
#4073 = ORIENTED_EDGE('',*,*,#3271,.T.);
#4074 = ORIENTED_EDGE('',*,*,#4075,.T.);
#4075 = EDGE_CURVE('',#3264,#3892,#4076,.T.);
#4076 = LINE('',#4077,#4078);
#4077 = CARTESIAN_POINT('',(-2.25,-2.11,1.025));
#4078 = VECTOR('',#4079,1.);
#4079 = DIRECTION('',(1.,9.95799250103E-17,0.));
#4080 = ORIENTED_EDGE('',*,*,#3889,.F.);
#4081 = B_SPLINE_SURFACE_WITH_KNOTS('',1,1,(
    (#4082,#4083)
    ,(#4084,#4085
    )),.UNSPECIFIED.,.F.,.F.,.F.,(2,2),(2,2),(0.,4.55),(0.,1.),
  .PIECEWISE_BEZIER_KNOTS.);
#4082 = CARTESIAN_POINT('',(-1.95,-2.275,1.025));
#4083 = CARTESIAN_POINT('',(-1.875,-2.2375,1.025));
#4084 = CARTESIAN_POINT('',(-1.95,2.275,1.025));
#4085 = CARTESIAN_POINT('',(-1.875,2.2375,1.025));
#4086 = ADVANCED_FACE('',(#4087),#4173,.F.);
#4087 = FACE_BOUND('',#4088,.F.);
#4088 = EDGE_LOOP('',(#4089,#4090,#4091,#4100,#4108,#4117,#4125,#4133,
    #4141,#4150,#4158,#4167));
#4089 = ORIENTED_EDGE('',*,*,#3263,.F.);
#4090 = ORIENTED_EDGE('',*,*,#3315,.T.);
#4091 = ORIENTED_EDGE('',*,*,#4092,.T.);
#4092 = EDGE_CURVE('',#3316,#4093,#4095,.T.);
#4093 = VERTEX_POINT('',#4094);
#4094 = CARTESIAN_POINT('',(-2.35,-2.11,0.725));
#4095 = CIRCLE('',#4096,0.1);
#4096 = AXIS2_PLACEMENT_3D('',#4097,#4098,#4099);
#4097 = CARTESIAN_POINT('',(-2.25,-2.11,0.725));
#4098 = DIRECTION('',(9.95799250103E-17,-1.,0.));
#4099 = DIRECTION('',(-4.440892098501E-15,-4.422237021476E-31,1.));
#4100 = ORIENTED_EDGE('',*,*,#4101,.T.);
#4101 = EDGE_CURVE('',#4093,#4102,#4104,.T.);
#4102 = VERTEX_POINT('',#4103);
#4103 = CARTESIAN_POINT('',(-2.35,-2.11,0.3));
#4104 = LINE('',#4105,#4106);
#4105 = CARTESIAN_POINT('',(-2.35,-2.11,0.725));
#4106 = VECTOR('',#4107,1.);
#4107 = DIRECTION('',(-1.044915787883E-15,-1.040526357994E-31,-1.));
#4108 = ORIENTED_EDGE('',*,*,#4109,.T.);
#4109 = EDGE_CURVE('',#4102,#4110,#4112,.T.);
#4110 = VERTEX_POINT('',#4111);
#4111 = CARTESIAN_POINT('',(-2.65,-2.11,5.551115123126E-17));
#4112 = CIRCLE('',#4113,0.3);
#4113 = AXIS2_PLACEMENT_3D('',#4114,#4115,#4116);
#4114 = CARTESIAN_POINT('',(-2.65,-2.11,0.3));
#4115 = DIRECTION('',(-9.95799250103E-17,1.,0.));
#4116 = DIRECTION('',(1.,9.95799250103E-17,3.515706244646E-15));
#4117 = ORIENTED_EDGE('',*,*,#4118,.T.);
#4118 = EDGE_CURVE('',#4110,#4119,#4121,.T.);
#4119 = VERTEX_POINT('',#4120);
#4120 = CARTESIAN_POINT('',(-3.,-2.11,5.551115123126E-17));
#4121 = LINE('',#4122,#4123);
#4122 = CARTESIAN_POINT('',(-2.65,-2.11,5.551115123126E-17));
#4123 = VECTOR('',#4124,1.);
#4124 = DIRECTION('',(-1.,-9.95799250103E-17,0.));
#4125 = ORIENTED_EDGE('',*,*,#4126,.T.);
#4126 = EDGE_CURVE('',#4119,#4127,#4129,.T.);
#4127 = VERTEX_POINT('',#4128);
#4128 = CARTESIAN_POINT('',(-3.,-2.11,0.2));
#4129 = LINE('',#4130,#4131);
#4130 = CARTESIAN_POINT('',(-3.,-2.11,5.551115123126E-17));
#4131 = VECTOR('',#4132,1.);
#4132 = DIRECTION('',(0.,0.,1.));
#4133 = ORIENTED_EDGE('',*,*,#4134,.T.);
#4134 = EDGE_CURVE('',#4127,#4135,#4137,.T.);
#4135 = VERTEX_POINT('',#4136);
#4136 = CARTESIAN_POINT('',(-2.65,-2.11,0.2));
#4137 = LINE('',#4138,#4139);
#4138 = CARTESIAN_POINT('',(-3.,-2.11,0.2));
#4139 = VECTOR('',#4140,1.);
#4140 = DIRECTION('',(1.,9.95799250103E-17,0.));
#4141 = ORIENTED_EDGE('',*,*,#4142,.T.);
#4142 = EDGE_CURVE('',#4135,#4143,#4145,.T.);
#4143 = VERTEX_POINT('',#4144);
#4144 = CARTESIAN_POINT('',(-2.55,-2.11,0.3));
#4145 = CIRCLE('',#4146,0.1);
#4146 = AXIS2_PLACEMENT_3D('',#4147,#4148,#4149);
#4147 = CARTESIAN_POINT('',(-2.65,-2.11,0.3));
#4148 = DIRECTION('',(9.95799250103E-17,-1.,-0.));
#4149 = DIRECTION('',(-0.,0.,-1.));
#4150 = ORIENTED_EDGE('',*,*,#4151,.T.);
#4151 = EDGE_CURVE('',#4143,#4152,#4154,.T.);
#4152 = VERTEX_POINT('',#4153);
#4153 = CARTESIAN_POINT('',(-2.55,-2.11,0.725));
#4154 = LINE('',#4155,#4156);
#4155 = CARTESIAN_POINT('',(-2.55,-2.11,0.3));
#4156 = VECTOR('',#4157,1.);
#4157 = DIRECTION('',(0.,0.,1.));
#4158 = ORIENTED_EDGE('',*,*,#4159,.T.);
#4159 = EDGE_CURVE('',#4152,#4160,#4162,.T.);
#4160 = VERTEX_POINT('',#4161);
#4161 = CARTESIAN_POINT('',(-2.25,-2.11,1.025));
#4162 = CIRCLE('',#4163,0.3);
#4163 = AXIS2_PLACEMENT_3D('',#4164,#4165,#4166);
#4164 = CARTESIAN_POINT('',(-2.25,-2.11,0.725));
#4165 = DIRECTION('',(-9.95799250103E-17,1.,0.));
#4166 = DIRECTION('',(-1.,-9.95799250103E-17,3.700743415417E-16));
#4167 = ORIENTED_EDGE('',*,*,#4168,.T.);
#4168 = EDGE_CURVE('',#4160,#3264,#4169,.T.);
#4169 = LINE('',#4170,#4171);
#4170 = CARTESIAN_POINT('',(-2.25,-2.11,1.025));
#4171 = VECTOR('',#4172,1.);
#4172 = DIRECTION('',(1.,9.95799250103E-17,0.));
#4173 = PLANE('',#4174);
#4174 = AXIS2_PLACEMENT_3D('',#4175,#4176,#4177);
#4175 = CARTESIAN_POINT('',(-2.41578967201,-2.11,0.532659657565));
#4176 = DIRECTION('',(-9.95799250103E-17,1.,0.));
#4177 = DIRECTION('',(0.,0.,1.));
#4178 = ADVANCED_FACE('',(#4179),#4265,.T.);
#4179 = FACE_BOUND('',#4180,.T.);
#4180 = EDGE_LOOP('',(#4181,#4182,#4183,#4192,#4200,#4209,#4217,#4225,
    #4233,#4242,#4250,#4259));
#4181 = ORIENTED_EDGE('',*,*,#3285,.F.);
#4182 = ORIENTED_EDGE('',*,*,#3355,.T.);
#4183 = ORIENTED_EDGE('',*,*,#4184,.T.);
#4184 = EDGE_CURVE('',#3356,#4185,#4187,.T.);
#4185 = VERTEX_POINT('',#4186);
#4186 = CARTESIAN_POINT('',(-2.35,2.11,0.725));
#4187 = CIRCLE('',#4188,0.1);
#4188 = AXIS2_PLACEMENT_3D('',#4189,#4190,#4191);
#4189 = CARTESIAN_POINT('',(-2.25,2.11,0.725));
#4190 = DIRECTION('',(9.95799250103E-17,-1.,0.));
#4191 = DIRECTION('',(-4.440892098501E-15,-4.422237021476E-31,1.));
#4192 = ORIENTED_EDGE('',*,*,#4193,.T.);
#4193 = EDGE_CURVE('',#4185,#4194,#4196,.T.);
#4194 = VERTEX_POINT('',#4195);
#4195 = CARTESIAN_POINT('',(-2.35,2.11,0.3));
#4196 = LINE('',#4197,#4198);
#4197 = CARTESIAN_POINT('',(-2.35,2.11,0.725));
#4198 = VECTOR('',#4199,1.);
#4199 = DIRECTION('',(-1.044915787883E-15,-1.040526357994E-31,-1.));
#4200 = ORIENTED_EDGE('',*,*,#4201,.T.);
#4201 = EDGE_CURVE('',#4194,#4202,#4204,.T.);
#4202 = VERTEX_POINT('',#4203);
#4203 = CARTESIAN_POINT('',(-2.65,2.11,5.551115123126E-17));
#4204 = CIRCLE('',#4205,0.3);
#4205 = AXIS2_PLACEMENT_3D('',#4206,#4207,#4208);
#4206 = CARTESIAN_POINT('',(-2.65,2.11,0.3));
#4207 = DIRECTION('',(-9.95799250103E-17,1.,0.));
#4208 = DIRECTION('',(1.,9.95799250103E-17,3.515706244646E-15));
#4209 = ORIENTED_EDGE('',*,*,#4210,.T.);
#4210 = EDGE_CURVE('',#4202,#4211,#4213,.T.);
#4211 = VERTEX_POINT('',#4212);
#4212 = CARTESIAN_POINT('',(-3.,2.11,5.551115123126E-17));
#4213 = LINE('',#4214,#4215);
#4214 = CARTESIAN_POINT('',(-2.65,2.11,5.551115123126E-17));
#4215 = VECTOR('',#4216,1.);
#4216 = DIRECTION('',(-1.,-9.95799250103E-17,0.));
#4217 = ORIENTED_EDGE('',*,*,#4218,.T.);
#4218 = EDGE_CURVE('',#4211,#4219,#4221,.T.);
#4219 = VERTEX_POINT('',#4220);
#4220 = CARTESIAN_POINT('',(-3.,2.11,0.2));
#4221 = LINE('',#4222,#4223);
#4222 = CARTESIAN_POINT('',(-3.,2.11,5.551115123126E-17));
#4223 = VECTOR('',#4224,1.);
#4224 = DIRECTION('',(0.,0.,1.));
#4225 = ORIENTED_EDGE('',*,*,#4226,.T.);
#4226 = EDGE_CURVE('',#4219,#4227,#4229,.T.);
#4227 = VERTEX_POINT('',#4228);
#4228 = CARTESIAN_POINT('',(-2.65,2.11,0.2));
#4229 = LINE('',#4230,#4231);
#4230 = CARTESIAN_POINT('',(-3.,2.11,0.2));
#4231 = VECTOR('',#4232,1.);
#4232 = DIRECTION('',(1.,9.95799250103E-17,0.));
#4233 = ORIENTED_EDGE('',*,*,#4234,.T.);
#4234 = EDGE_CURVE('',#4227,#4235,#4237,.T.);
#4235 = VERTEX_POINT('',#4236);
#4236 = CARTESIAN_POINT('',(-2.55,2.11,0.3));
#4237 = CIRCLE('',#4238,0.1);
#4238 = AXIS2_PLACEMENT_3D('',#4239,#4240,#4241);
#4239 = CARTESIAN_POINT('',(-2.65,2.11,0.3));
#4240 = DIRECTION('',(9.95799250103E-17,-1.,-0.));
#4241 = DIRECTION('',(-0.,0.,-1.));
#4242 = ORIENTED_EDGE('',*,*,#4243,.T.);
#4243 = EDGE_CURVE('',#4235,#4244,#4246,.T.);
#4244 = VERTEX_POINT('',#4245);
#4245 = CARTESIAN_POINT('',(-2.55,2.11,0.725));
#4246 = LINE('',#4247,#4248);
#4247 = CARTESIAN_POINT('',(-2.55,2.11,0.3));
#4248 = VECTOR('',#4249,1.);
#4249 = DIRECTION('',(0.,0.,1.));
#4250 = ORIENTED_EDGE('',*,*,#4251,.T.);
#4251 = EDGE_CURVE('',#4244,#4252,#4254,.T.);
#4252 = VERTEX_POINT('',#4253);
#4253 = CARTESIAN_POINT('',(-2.25,2.11,1.025));
#4254 = CIRCLE('',#4255,0.3);
#4255 = AXIS2_PLACEMENT_3D('',#4256,#4257,#4258);
#4256 = CARTESIAN_POINT('',(-2.25,2.11,0.725));
#4257 = DIRECTION('',(-9.95799250103E-17,1.,0.));
#4258 = DIRECTION('',(-1.,-9.95799250103E-17,3.700743415417E-16));
#4259 = ORIENTED_EDGE('',*,*,#4260,.T.);
#4260 = EDGE_CURVE('',#4252,#3286,#4261,.T.);
#4261 = LINE('',#4262,#4263);
#4262 = CARTESIAN_POINT('',(-2.25,2.11,1.025));
#4263 = VECTOR('',#4264,1.);
#4264 = DIRECTION('',(1.,9.95799250103E-17,0.));
#4265 = PLANE('',#4266);
#4266 = AXIS2_PLACEMENT_3D('',#4267,#4268,#4269);
#4267 = CARTESIAN_POINT('',(-2.41578967201,2.11,0.532659657565));
#4268 = DIRECTION('',(-9.95799250103E-17,1.,0.));
#4269 = DIRECTION('',(0.,0.,1.));
#4270 = ADVANCED_FACE('',(#4271),#4286,.F.);
#4271 = FACE_BOUND('',#4272,.F.);
#4272 = EDGE_LOOP('',(#4273,#4279,#4280,#4285));
#4273 = ORIENTED_EDGE('',*,*,#4274,.F.);
#4274 = EDGE_CURVE('',#3286,#3948,#4275,.T.);
#4275 = LINE('',#4276,#4277);
#4276 = CARTESIAN_POINT('',(-2.25,2.11,1.025));
#4277 = VECTOR('',#4278,1.);
#4278 = DIRECTION('',(1.,9.95799250103E-17,0.));
#4279 = ORIENTED_EDGE('',*,*,#3301,.T.);
#4280 = ORIENTED_EDGE('',*,*,#4281,.T.);
#4281 = EDGE_CURVE('',#3295,#3867,#4282,.T.);
#4282 = B_SPLINE_CURVE_WITH_KNOTS('',1,(#4283,#4284),.UNSPECIFIED.,.F.,
  .F.,(2,2),(0.,1.),.PIECEWISE_BEZIER_KNOTS.);
#4283 = CARTESIAN_POINT('',(-1.95,2.275,1.025));
#4284 = CARTESIAN_POINT('',(-1.875,2.2375,1.025));
#4285 = ORIENTED_EDGE('',*,*,#3955,.F.);
#4286 = B_SPLINE_SURFACE_WITH_KNOTS('',1,1,(
    (#4287,#4288)
    ,(#4289,#4290
    )),.UNSPECIFIED.,.F.,.F.,.F.,(2,2),(2,2),(0.,4.55),(0.,1.),
  .PIECEWISE_BEZIER_KNOTS.);
#4287 = CARTESIAN_POINT('',(-1.95,-2.275,1.025));
#4288 = CARTESIAN_POINT('',(-1.875,-2.2375,1.025));
#4289 = CARTESIAN_POINT('',(-1.95,2.275,1.025));
#4290 = CARTESIAN_POINT('',(-1.875,2.2375,1.025));
#4291 = ADVANCED_FACE('',(#4292),#4311,.F.);
#4292 = FACE_BOUND('',#4293,.F.);
#4293 = EDGE_LOOP('',(#4294,#4295,#4304,#4310));
#4294 = ORIENTED_EDGE('',*,*,#3332,.T.);
#4295 = ORIENTED_EDGE('',*,*,#4296,.T.);
#4296 = EDGE_CURVE('',#3325,#4297,#4299,.T.);
#4297 = VERTEX_POINT('',#4298);
#4298 = CARTESIAN_POINT('',(-2.35,-1.7,0.725));
#4299 = CIRCLE('',#4300,0.1);
#4300 = AXIS2_PLACEMENT_3D('',#4301,#4302,#4303);
#4301 = CARTESIAN_POINT('',(-2.25,-1.7,0.725));
#4302 = DIRECTION('',(9.95799250103E-17,-1.,0.));
#4303 = DIRECTION('',(-4.440892098501E-15,-4.422237021476E-31,1.));
#4304 = ORIENTED_EDGE('',*,*,#4305,.F.);
#4305 = EDGE_CURVE('',#4093,#4297,#4306,.T.);
#4306 = LINE('',#4307,#4308);
#4307 = CARTESIAN_POINT('',(-2.35,-2.11,0.725));
#4308 = VECTOR('',#4309,1.);
#4309 = DIRECTION('',(-9.95799250103E-17,1.,0.));
#4310 = ORIENTED_EDGE('',*,*,#4092,.F.);
#4311 = CYLINDRICAL_SURFACE('',#4312,0.1);
#4312 = AXIS2_PLACEMENT_3D('',#4313,#4314,#4315);
#4313 = CARTESIAN_POINT('',(-2.25,-2.11,0.725));
#4314 = DIRECTION('',(9.95799250103E-17,-1.,0.));
#4315 = DIRECTION('',(-4.440892098501E-15,-4.422237021476E-31,1.));
#4316 = ADVANCED_FACE('',(#4317),#4395,.T.);
#4317 = FACE_BOUND('',#4318,.T.);
#4318 = EDGE_LOOP('',(#4319,#4320,#4321,#4322,#4330,#4339,#4347,#4355,
    #4363,#4372,#4380,#4389));
#4319 = ORIENTED_EDGE('',*,*,#3377,.F.);
#4320 = ORIENTED_EDGE('',*,*,#3324,.T.);
#4321 = ORIENTED_EDGE('',*,*,#4296,.T.);
#4322 = ORIENTED_EDGE('',*,*,#4323,.T.);
#4323 = EDGE_CURVE('',#4297,#4324,#4326,.T.);
#4324 = VERTEX_POINT('',#4325);
#4325 = CARTESIAN_POINT('',(-2.35,-1.7,0.3));
#4326 = LINE('',#4327,#4328);
#4327 = CARTESIAN_POINT('',(-2.35,-1.7,0.725));
#4328 = VECTOR('',#4329,1.);
#4329 = DIRECTION('',(-1.044915787883E-15,-1.040526357994E-31,-1.));
#4330 = ORIENTED_EDGE('',*,*,#4331,.T.);
#4331 = EDGE_CURVE('',#4324,#4332,#4334,.T.);
#4332 = VERTEX_POINT('',#4333);
#4333 = CARTESIAN_POINT('',(-2.65,-1.7,5.551115123126E-17));
#4334 = CIRCLE('',#4335,0.3);
#4335 = AXIS2_PLACEMENT_3D('',#4336,#4337,#4338);
#4336 = CARTESIAN_POINT('',(-2.65,-1.7,0.3));
#4337 = DIRECTION('',(-9.95799250103E-17,1.,0.));
#4338 = DIRECTION('',(1.,9.95799250103E-17,3.515706244646E-15));
#4339 = ORIENTED_EDGE('',*,*,#4340,.T.);
#4340 = EDGE_CURVE('',#4332,#4341,#4343,.T.);
#4341 = VERTEX_POINT('',#4342);
#4342 = CARTESIAN_POINT('',(-3.,-1.7,5.551115123126E-17));
#4343 = LINE('',#4344,#4345);
#4344 = CARTESIAN_POINT('',(-2.65,-1.7,5.551115123126E-17));
#4345 = VECTOR('',#4346,1.);
#4346 = DIRECTION('',(-1.,-9.95799250103E-17,0.));
#4347 = ORIENTED_EDGE('',*,*,#4348,.T.);
#4348 = EDGE_CURVE('',#4341,#4349,#4351,.T.);
#4349 = VERTEX_POINT('',#4350);
#4350 = CARTESIAN_POINT('',(-3.,-1.7,0.2));
#4351 = LINE('',#4352,#4353);
#4352 = CARTESIAN_POINT('',(-3.,-1.7,5.551115123126E-17));
#4353 = VECTOR('',#4354,1.);
#4354 = DIRECTION('',(0.,0.,1.));
#4355 = ORIENTED_EDGE('',*,*,#4356,.T.);
#4356 = EDGE_CURVE('',#4349,#4357,#4359,.T.);
#4357 = VERTEX_POINT('',#4358);
#4358 = CARTESIAN_POINT('',(-2.65,-1.7,0.2));
#4359 = LINE('',#4360,#4361);
#4360 = CARTESIAN_POINT('',(-3.,-1.7,0.2));
#4361 = VECTOR('',#4362,1.);
#4362 = DIRECTION('',(1.,9.95799250103E-17,0.));
#4363 = ORIENTED_EDGE('',*,*,#4364,.T.);
#4364 = EDGE_CURVE('',#4357,#4365,#4367,.T.);
#4365 = VERTEX_POINT('',#4366);
#4366 = CARTESIAN_POINT('',(-2.55,-1.7,0.3));
#4367 = CIRCLE('',#4368,0.1);
#4368 = AXIS2_PLACEMENT_3D('',#4369,#4370,#4371);
#4369 = CARTESIAN_POINT('',(-2.65,-1.7,0.3));
#4370 = DIRECTION('',(9.95799250103E-17,-1.,-0.));
#4371 = DIRECTION('',(-0.,0.,-1.));
#4372 = ORIENTED_EDGE('',*,*,#4373,.T.);
#4373 = EDGE_CURVE('',#4365,#4374,#4376,.T.);
#4374 = VERTEX_POINT('',#4375);
#4375 = CARTESIAN_POINT('',(-2.55,-1.7,0.725));
#4376 = LINE('',#4377,#4378);
#4377 = CARTESIAN_POINT('',(-2.55,-1.7,0.3));
#4378 = VECTOR('',#4379,1.);
#4379 = DIRECTION('',(0.,0.,1.));
#4380 = ORIENTED_EDGE('',*,*,#4381,.T.);
#4381 = EDGE_CURVE('',#4374,#4382,#4384,.T.);
#4382 = VERTEX_POINT('',#4383);
#4383 = CARTESIAN_POINT('',(-2.25,-1.7,1.025));
#4384 = CIRCLE('',#4385,0.3);
#4385 = AXIS2_PLACEMENT_3D('',#4386,#4387,#4388);
#4386 = CARTESIAN_POINT('',(-2.25,-1.7,0.725));
#4387 = DIRECTION('',(-9.95799250103E-17,1.,0.));
#4388 = DIRECTION('',(-1.,-9.95799250103E-17,3.700743415417E-16));
#4389 = ORIENTED_EDGE('',*,*,#4390,.T.);
#4390 = EDGE_CURVE('',#4382,#3378,#4391,.T.);
#4391 = LINE('',#4392,#4393);
#4392 = CARTESIAN_POINT('',(-2.25,-1.7,1.025));
#4393 = VECTOR('',#4394,1.);
#4394 = DIRECTION('',(1.,9.95799250103E-17,0.));
#4395 = PLANE('',#4396);
#4396 = AXIS2_PLACEMENT_3D('',#4397,#4398,#4399);
#4397 = CARTESIAN_POINT('',(-2.41578967201,-1.7,0.532659657565));
#4398 = DIRECTION('',(-9.95799250103E-17,1.,0.));
#4399 = DIRECTION('',(0.,0.,1.));
#4400 = ADVANCED_FACE('',(#4401),#4487,.F.);
#4401 = FACE_BOUND('',#4402,.F.);
#4402 = EDGE_LOOP('',(#4403,#4404,#4405,#4414,#4422,#4431,#4439,#4447,
    #4455,#4464,#4472,#4481));
#4403 = ORIENTED_EDGE('',*,*,#3417,.F.);
#4404 = ORIENTED_EDGE('',*,*,#3346,.T.);
#4405 = ORIENTED_EDGE('',*,*,#4406,.T.);
#4406 = EDGE_CURVE('',#3347,#4407,#4409,.T.);
#4407 = VERTEX_POINT('',#4408);
#4408 = CARTESIAN_POINT('',(-2.35,1.7,0.725));
#4409 = CIRCLE('',#4410,0.1);
#4410 = AXIS2_PLACEMENT_3D('',#4411,#4412,#4413);
#4411 = CARTESIAN_POINT('',(-2.25,1.7,0.725));
#4412 = DIRECTION('',(9.95799250103E-17,-1.,0.));
#4413 = DIRECTION('',(-4.440892098501E-15,-4.422237021476E-31,1.));
#4414 = ORIENTED_EDGE('',*,*,#4415,.T.);
#4415 = EDGE_CURVE('',#4407,#4416,#4418,.T.);
#4416 = VERTEX_POINT('',#4417);
#4417 = CARTESIAN_POINT('',(-2.35,1.7,0.3));
#4418 = LINE('',#4419,#4420);
#4419 = CARTESIAN_POINT('',(-2.35,1.7,0.725));
#4420 = VECTOR('',#4421,1.);
#4421 = DIRECTION('',(-1.044915787883E-15,-1.040526357994E-31,-1.));
#4422 = ORIENTED_EDGE('',*,*,#4423,.T.);
#4423 = EDGE_CURVE('',#4416,#4424,#4426,.T.);
#4424 = VERTEX_POINT('',#4425);
#4425 = CARTESIAN_POINT('',(-2.65,1.7,5.551115123126E-17));
#4426 = CIRCLE('',#4427,0.3);
#4427 = AXIS2_PLACEMENT_3D('',#4428,#4429,#4430);
#4428 = CARTESIAN_POINT('',(-2.65,1.7,0.3));
#4429 = DIRECTION('',(-9.95799250103E-17,1.,0.));
#4430 = DIRECTION('',(1.,9.95799250103E-17,3.515706244646E-15));
#4431 = ORIENTED_EDGE('',*,*,#4432,.T.);
#4432 = EDGE_CURVE('',#4424,#4433,#4435,.T.);
#4433 = VERTEX_POINT('',#4434);
#4434 = CARTESIAN_POINT('',(-3.,1.7,5.551115123126E-17));
#4435 = LINE('',#4436,#4437);
#4436 = CARTESIAN_POINT('',(-2.65,1.7,5.551115123126E-17));
#4437 = VECTOR('',#4438,1.);
#4438 = DIRECTION('',(-1.,-9.95799250103E-17,0.));
#4439 = ORIENTED_EDGE('',*,*,#4440,.T.);
#4440 = EDGE_CURVE('',#4433,#4441,#4443,.T.);
#4441 = VERTEX_POINT('',#4442);
#4442 = CARTESIAN_POINT('',(-3.,1.7,0.2));
#4443 = LINE('',#4444,#4445);
#4444 = CARTESIAN_POINT('',(-3.,1.7,5.551115123126E-17));
#4445 = VECTOR('',#4446,1.);
#4446 = DIRECTION('',(0.,0.,1.));
#4447 = ORIENTED_EDGE('',*,*,#4448,.T.);
#4448 = EDGE_CURVE('',#4441,#4449,#4451,.T.);
#4449 = VERTEX_POINT('',#4450);
#4450 = CARTESIAN_POINT('',(-2.65,1.7,0.2));
#4451 = LINE('',#4452,#4453);
#4452 = CARTESIAN_POINT('',(-3.,1.7,0.2));
#4453 = VECTOR('',#4454,1.);
#4454 = DIRECTION('',(1.,9.95799250103E-17,0.));
#4455 = ORIENTED_EDGE('',*,*,#4456,.T.);
#4456 = EDGE_CURVE('',#4449,#4457,#4459,.T.);
#4457 = VERTEX_POINT('',#4458);
#4458 = CARTESIAN_POINT('',(-2.55,1.7,0.3));
#4459 = CIRCLE('',#4460,0.1);
#4460 = AXIS2_PLACEMENT_3D('',#4461,#4462,#4463);
#4461 = CARTESIAN_POINT('',(-2.65,1.7,0.3));
#4462 = DIRECTION('',(9.95799250103E-17,-1.,-0.));
#4463 = DIRECTION('',(-0.,0.,-1.));
#4464 = ORIENTED_EDGE('',*,*,#4465,.T.);
#4465 = EDGE_CURVE('',#4457,#4466,#4468,.T.);
#4466 = VERTEX_POINT('',#4467);
#4467 = CARTESIAN_POINT('',(-2.55,1.7,0.725));
#4468 = LINE('',#4469,#4470);
#4469 = CARTESIAN_POINT('',(-2.55,1.7,0.3));
#4470 = VECTOR('',#4471,1.);
#4471 = DIRECTION('',(0.,0.,1.));
#4472 = ORIENTED_EDGE('',*,*,#4473,.T.);
#4473 = EDGE_CURVE('',#4466,#4474,#4476,.T.);
#4474 = VERTEX_POINT('',#4475);
#4475 = CARTESIAN_POINT('',(-2.25,1.7,1.025));
#4476 = CIRCLE('',#4477,0.3);
#4477 = AXIS2_PLACEMENT_3D('',#4478,#4479,#4480);
#4478 = CARTESIAN_POINT('',(-2.25,1.7,0.725));
#4479 = DIRECTION('',(-9.95799250103E-17,1.,0.));
#4480 = DIRECTION('',(-1.,-9.95799250103E-17,3.700743415417E-16));
#4481 = ORIENTED_EDGE('',*,*,#4482,.T.);
#4482 = EDGE_CURVE('',#4474,#3418,#4483,.T.);
#4483 = LINE('',#4484,#4485);
#4484 = CARTESIAN_POINT('',(-2.25,1.7,1.025));
#4485 = VECTOR('',#4486,1.);
#4486 = DIRECTION('',(1.,9.95799250103E-17,0.));
#4487 = PLANE('',#4488);
#4488 = AXIS2_PLACEMENT_3D('',#4489,#4490,#4491);
#4489 = CARTESIAN_POINT('',(-2.41578967201,1.7,0.532659657565));
#4490 = DIRECTION('',(-9.95799250103E-17,1.,0.));
#4491 = DIRECTION('',(0.,0.,1.));
#4492 = ADVANCED_FACE('',(#4493),#4504,.F.);
#4493 = FACE_BOUND('',#4494,.F.);
#4494 = EDGE_LOOP('',(#4495,#4496,#4497,#4503));
#4495 = ORIENTED_EDGE('',*,*,#3363,.T.);
#4496 = ORIENTED_EDGE('',*,*,#4184,.T.);
#4497 = ORIENTED_EDGE('',*,*,#4498,.F.);
#4498 = EDGE_CURVE('',#4407,#4185,#4499,.T.);
#4499 = LINE('',#4500,#4501);
#4500 = CARTESIAN_POINT('',(-2.35,1.7,0.725));
#4501 = VECTOR('',#4502,1.);
#4502 = DIRECTION('',(-9.95799250103E-17,1.,0.));
#4503 = ORIENTED_EDGE('',*,*,#4406,.F.);
#4504 = CYLINDRICAL_SURFACE('',#4505,0.1);
#4505 = AXIS2_PLACEMENT_3D('',#4506,#4507,#4508);
#4506 = CARTESIAN_POINT('',(-2.25,1.7,0.725));
#4507 = DIRECTION('',(9.95799250103E-17,-1.,0.));
#4508 = DIRECTION('',(-4.440892098501E-15,-4.422237021476E-31,1.));
#4509 = ADVANCED_FACE('',(#4510),#4526,.F.);
#4510 = FACE_BOUND('',#4511,.F.);
#4511 = EDGE_LOOP('',(#4512,#4518,#4519,#4525));
#4512 = ORIENTED_EDGE('',*,*,#4513,.F.);
#4513 = EDGE_CURVE('',#3378,#3900,#4514,.T.);
#4514 = LINE('',#4515,#4516);
#4515 = CARTESIAN_POINT('',(-2.25,-1.7,1.025));
#4516 = VECTOR('',#4517,1.);
#4517 = DIRECTION('',(1.,9.95799250103E-17,0.));
#4518 = ORIENTED_EDGE('',*,*,#3394,.T.);
#4519 = ORIENTED_EDGE('',*,*,#4520,.T.);
#4520 = EDGE_CURVE('',#3387,#3908,#4521,.T.);
#4521 = LINE('',#4522,#4523);
#4522 = CARTESIAN_POINT('',(-2.25,-0.84,1.025));
#4523 = VECTOR('',#4524,1.);
#4524 = DIRECTION('',(1.,9.95799250103E-17,0.));
#4525 = ORIENTED_EDGE('',*,*,#3907,.F.);
#4526 = B_SPLINE_SURFACE_WITH_KNOTS('',1,1,(
    (#4527,#4528)
    ,(#4529,#4530
    )),.UNSPECIFIED.,.F.,.F.,.F.,(2,2),(2,2),(0.,4.55),(0.,1.),
  .PIECEWISE_BEZIER_KNOTS.);
#4527 = CARTESIAN_POINT('',(-1.95,-2.275,1.025));
#4528 = CARTESIAN_POINT('',(-1.875,-2.2375,1.025));
#4529 = CARTESIAN_POINT('',(-1.95,2.275,1.025));
#4530 = CARTESIAN_POINT('',(-1.875,2.2375,1.025));
#4531 = ADVANCED_FACE('',(#4532),#4618,.F.);
#4532 = FACE_BOUND('',#4533,.F.);
#4533 = EDGE_LOOP('',(#4534,#4535,#4536,#4545,#4553,#4562,#4570,#4578,
    #4586,#4595,#4603,#4612));
#4534 = ORIENTED_EDGE('',*,*,#3386,.F.);
#4535 = ORIENTED_EDGE('',*,*,#3439,.T.);
#4536 = ORIENTED_EDGE('',*,*,#4537,.T.);
#4537 = EDGE_CURVE('',#3440,#4538,#4540,.T.);
#4538 = VERTEX_POINT('',#4539);
#4539 = CARTESIAN_POINT('',(-2.35,-0.84,0.725));
#4540 = CIRCLE('',#4541,0.1);
#4541 = AXIS2_PLACEMENT_3D('',#4542,#4543,#4544);
#4542 = CARTESIAN_POINT('',(-2.25,-0.84,0.725));
#4543 = DIRECTION('',(9.95799250103E-17,-1.,0.));
#4544 = DIRECTION('',(-4.440892098501E-15,-4.422237021476E-31,1.));
#4545 = ORIENTED_EDGE('',*,*,#4546,.T.);
#4546 = EDGE_CURVE('',#4538,#4547,#4549,.T.);
#4547 = VERTEX_POINT('',#4548);
#4548 = CARTESIAN_POINT('',(-2.35,-0.84,0.3));
#4549 = LINE('',#4550,#4551);
#4550 = CARTESIAN_POINT('',(-2.35,-0.84,0.725));
#4551 = VECTOR('',#4552,1.);
#4552 = DIRECTION('',(-1.044915787883E-15,-1.040526357994E-31,-1.));
#4553 = ORIENTED_EDGE('',*,*,#4554,.T.);
#4554 = EDGE_CURVE('',#4547,#4555,#4557,.T.);
#4555 = VERTEX_POINT('',#4556);
#4556 = CARTESIAN_POINT('',(-2.65,-0.84,5.551115123126E-17));
#4557 = CIRCLE('',#4558,0.3);
#4558 = AXIS2_PLACEMENT_3D('',#4559,#4560,#4561);
#4559 = CARTESIAN_POINT('',(-2.65,-0.84,0.3));
#4560 = DIRECTION('',(-9.95799250103E-17,1.,0.));
#4561 = DIRECTION('',(1.,9.95799250103E-17,3.515706244646E-15));
#4562 = ORIENTED_EDGE('',*,*,#4563,.T.);
#4563 = EDGE_CURVE('',#4555,#4564,#4566,.T.);
#4564 = VERTEX_POINT('',#4565);
#4565 = CARTESIAN_POINT('',(-3.,-0.84,5.551115123126E-17));
#4566 = LINE('',#4567,#4568);
#4567 = CARTESIAN_POINT('',(-2.65,-0.84,5.551115123126E-17));
#4568 = VECTOR('',#4569,1.);
#4569 = DIRECTION('',(-1.,-9.95799250103E-17,0.));
#4570 = ORIENTED_EDGE('',*,*,#4571,.T.);
#4571 = EDGE_CURVE('',#4564,#4572,#4574,.T.);
#4572 = VERTEX_POINT('',#4573);
#4573 = CARTESIAN_POINT('',(-3.,-0.84,0.2));
#4574 = LINE('',#4575,#4576);
#4575 = CARTESIAN_POINT('',(-3.,-0.84,5.551115123126E-17));
#4576 = VECTOR('',#4577,1.);
#4577 = DIRECTION('',(0.,0.,1.));
#4578 = ORIENTED_EDGE('',*,*,#4579,.T.);
#4579 = EDGE_CURVE('',#4572,#4580,#4582,.T.);
#4580 = VERTEX_POINT('',#4581);
#4581 = CARTESIAN_POINT('',(-2.65,-0.84,0.2));
#4582 = LINE('',#4583,#4584);
#4583 = CARTESIAN_POINT('',(-3.,-0.84,0.2));
#4584 = VECTOR('',#4585,1.);
#4585 = DIRECTION('',(1.,9.95799250103E-17,0.));
#4586 = ORIENTED_EDGE('',*,*,#4587,.T.);
#4587 = EDGE_CURVE('',#4580,#4588,#4590,.T.);
#4588 = VERTEX_POINT('',#4589);
#4589 = CARTESIAN_POINT('',(-2.55,-0.84,0.3));
#4590 = CIRCLE('',#4591,0.1);
#4591 = AXIS2_PLACEMENT_3D('',#4592,#4593,#4594);
#4592 = CARTESIAN_POINT('',(-2.65,-0.84,0.3));
#4593 = DIRECTION('',(9.95799250103E-17,-1.,-0.));
#4594 = DIRECTION('',(-0.,0.,-1.));
#4595 = ORIENTED_EDGE('',*,*,#4596,.T.);
#4596 = EDGE_CURVE('',#4588,#4597,#4599,.T.);
#4597 = VERTEX_POINT('',#4598);
#4598 = CARTESIAN_POINT('',(-2.55,-0.84,0.725));
#4599 = LINE('',#4600,#4601);
#4600 = CARTESIAN_POINT('',(-2.55,-0.84,0.3));
#4601 = VECTOR('',#4602,1.);
#4602 = DIRECTION('',(0.,0.,1.));
#4603 = ORIENTED_EDGE('',*,*,#4604,.T.);
#4604 = EDGE_CURVE('',#4597,#4605,#4607,.T.);
#4605 = VERTEX_POINT('',#4606);
#4606 = CARTESIAN_POINT('',(-2.25,-0.84,1.025));
#4607 = CIRCLE('',#4608,0.3);
#4608 = AXIS2_PLACEMENT_3D('',#4609,#4610,#4611);
#4609 = CARTESIAN_POINT('',(-2.25,-0.84,0.725));
#4610 = DIRECTION('',(-9.95799250103E-17,1.,0.));
#4611 = DIRECTION('',(-1.,-9.95799250103E-17,3.700743415417E-16));
#4612 = ORIENTED_EDGE('',*,*,#4613,.T.);
#4613 = EDGE_CURVE('',#4605,#3387,#4614,.T.);
#4614 = LINE('',#4615,#4616);
#4615 = CARTESIAN_POINT('',(-2.25,-0.84,1.025));
#4616 = VECTOR('',#4617,1.);
#4617 = DIRECTION('',(1.,9.95799250103E-17,0.));
#4618 = PLANE('',#4619);
#4619 = AXIS2_PLACEMENT_3D('',#4620,#4621,#4622);
#4620 = CARTESIAN_POINT('',(-2.41578967201,-0.84,0.532659657565));
#4621 = DIRECTION('',(-9.95799250103E-17,1.,0.));
#4622 = DIRECTION('',(0.,0.,1.));
#4623 = ADVANCED_FACE('',(#4624),#4710,.T.);
#4624 = FACE_BOUND('',#4625,.T.);
#4625 = EDGE_LOOP('',(#4626,#4627,#4628,#4637,#4645,#4654,#4662,#4670,
    #4678,#4687,#4695,#4704));
#4626 = ORIENTED_EDGE('',*,*,#3408,.F.);
#4627 = ORIENTED_EDGE('',*,*,#3479,.T.);
#4628 = ORIENTED_EDGE('',*,*,#4629,.T.);
#4629 = EDGE_CURVE('',#3480,#4630,#4632,.T.);
#4630 = VERTEX_POINT('',#4631);
#4631 = CARTESIAN_POINT('',(-2.35,0.84,0.725));
#4632 = CIRCLE('',#4633,0.1);
#4633 = AXIS2_PLACEMENT_3D('',#4634,#4635,#4636);
#4634 = CARTESIAN_POINT('',(-2.25,0.84,0.725));
#4635 = DIRECTION('',(9.95799250103E-17,-1.,0.));
#4636 = DIRECTION('',(-4.440892098501E-15,-4.422237021476E-31,1.));
#4637 = ORIENTED_EDGE('',*,*,#4638,.T.);
#4638 = EDGE_CURVE('',#4630,#4639,#4641,.T.);
#4639 = VERTEX_POINT('',#4640);
#4640 = CARTESIAN_POINT('',(-2.35,0.84,0.3));
#4641 = LINE('',#4642,#4643);
#4642 = CARTESIAN_POINT('',(-2.35,0.84,0.725));
#4643 = VECTOR('',#4644,1.);
#4644 = DIRECTION('',(-1.044915787883E-15,-1.040526357994E-31,-1.));
#4645 = ORIENTED_EDGE('',*,*,#4646,.T.);
#4646 = EDGE_CURVE('',#4639,#4647,#4649,.T.);
#4647 = VERTEX_POINT('',#4648);
#4648 = CARTESIAN_POINT('',(-2.65,0.84,5.551115123126E-17));
#4649 = CIRCLE('',#4650,0.3);
#4650 = AXIS2_PLACEMENT_3D('',#4651,#4652,#4653);
#4651 = CARTESIAN_POINT('',(-2.65,0.84,0.3));
#4652 = DIRECTION('',(-9.95799250103E-17,1.,0.));
#4653 = DIRECTION('',(1.,9.95799250103E-17,3.515706244646E-15));
#4654 = ORIENTED_EDGE('',*,*,#4655,.T.);
#4655 = EDGE_CURVE('',#4647,#4656,#4658,.T.);
#4656 = VERTEX_POINT('',#4657);
#4657 = CARTESIAN_POINT('',(-3.,0.84,5.551115123126E-17));
#4658 = LINE('',#4659,#4660);
#4659 = CARTESIAN_POINT('',(-2.65,0.84,5.551115123126E-17));
#4660 = VECTOR('',#4661,1.);
#4661 = DIRECTION('',(-1.,-9.95799250103E-17,0.));
#4662 = ORIENTED_EDGE('',*,*,#4663,.T.);
#4663 = EDGE_CURVE('',#4656,#4664,#4666,.T.);
#4664 = VERTEX_POINT('',#4665);
#4665 = CARTESIAN_POINT('',(-3.,0.84,0.2));
#4666 = LINE('',#4667,#4668);
#4667 = CARTESIAN_POINT('',(-3.,0.84,5.551115123126E-17));
#4668 = VECTOR('',#4669,1.);
#4669 = DIRECTION('',(0.,0.,1.));
#4670 = ORIENTED_EDGE('',*,*,#4671,.T.);
#4671 = EDGE_CURVE('',#4664,#4672,#4674,.T.);
#4672 = VERTEX_POINT('',#4673);
#4673 = CARTESIAN_POINT('',(-2.65,0.84,0.2));
#4674 = LINE('',#4675,#4676);
#4675 = CARTESIAN_POINT('',(-3.,0.84,0.2));
#4676 = VECTOR('',#4677,1.);
#4677 = DIRECTION('',(1.,9.95799250103E-17,0.));
#4678 = ORIENTED_EDGE('',*,*,#4679,.T.);
#4679 = EDGE_CURVE('',#4672,#4680,#4682,.T.);
#4680 = VERTEX_POINT('',#4681);
#4681 = CARTESIAN_POINT('',(-2.55,0.84,0.3));
#4682 = CIRCLE('',#4683,0.1);
#4683 = AXIS2_PLACEMENT_3D('',#4684,#4685,#4686);
#4684 = CARTESIAN_POINT('',(-2.65,0.84,0.3));
#4685 = DIRECTION('',(9.95799250103E-17,-1.,-0.));
#4686 = DIRECTION('',(-0.,0.,-1.));
#4687 = ORIENTED_EDGE('',*,*,#4688,.T.);
#4688 = EDGE_CURVE('',#4680,#4689,#4691,.T.);
#4689 = VERTEX_POINT('',#4690);
#4690 = CARTESIAN_POINT('',(-2.55,0.84,0.725));
#4691 = LINE('',#4692,#4693);
#4692 = CARTESIAN_POINT('',(-2.55,0.84,0.3));
#4693 = VECTOR('',#4694,1.);
#4694 = DIRECTION('',(0.,0.,1.));
#4695 = ORIENTED_EDGE('',*,*,#4696,.T.);
#4696 = EDGE_CURVE('',#4689,#4697,#4699,.T.);
#4697 = VERTEX_POINT('',#4698);
#4698 = CARTESIAN_POINT('',(-2.25,0.84,1.025));
#4699 = CIRCLE('',#4700,0.3);
#4700 = AXIS2_PLACEMENT_3D('',#4701,#4702,#4703);
#4701 = CARTESIAN_POINT('',(-2.25,0.84,0.725));
#4702 = DIRECTION('',(-9.95799250103E-17,1.,0.));
#4703 = DIRECTION('',(-1.,-9.95799250103E-17,3.700743415417E-16));
#4704 = ORIENTED_EDGE('',*,*,#4705,.T.);
#4705 = EDGE_CURVE('',#4697,#3409,#4706,.T.);
#4706 = LINE('',#4707,#4708);
#4707 = CARTESIAN_POINT('',(-2.25,0.84,1.025));
#4708 = VECTOR('',#4709,1.);
#4709 = DIRECTION('',(1.,9.95799250103E-17,0.));
#4710 = PLANE('',#4711);
#4711 = AXIS2_PLACEMENT_3D('',#4712,#4713,#4714);
#4712 = CARTESIAN_POINT('',(-2.41578967201,0.84,0.532659657565));
#4713 = DIRECTION('',(-9.95799250103E-17,1.,0.));
#4714 = DIRECTION('',(0.,0.,1.));
#4715 = ADVANCED_FACE('',(#4716),#4732,.F.);
#4716 = FACE_BOUND('',#4717,.F.);
#4717 = EDGE_LOOP('',(#4718,#4724,#4725,#4731));
#4718 = ORIENTED_EDGE('',*,*,#4719,.F.);
#4719 = EDGE_CURVE('',#3409,#3932,#4720,.T.);
#4720 = LINE('',#4721,#4722);
#4721 = CARTESIAN_POINT('',(-2.25,0.84,1.025));
#4722 = VECTOR('',#4723,1.);
#4723 = DIRECTION('',(1.,9.95799250103E-17,0.));
#4724 = ORIENTED_EDGE('',*,*,#3425,.T.);
#4725 = ORIENTED_EDGE('',*,*,#4726,.T.);
#4726 = EDGE_CURVE('',#3418,#3940,#4727,.T.);
#4727 = LINE('',#4728,#4729);
#4728 = CARTESIAN_POINT('',(-2.25,1.7,1.025));
#4729 = VECTOR('',#4730,1.);
#4730 = DIRECTION('',(1.,9.95799250103E-17,0.));
#4731 = ORIENTED_EDGE('',*,*,#3939,.F.);
#4732 = B_SPLINE_SURFACE_WITH_KNOTS('',1,1,(
    (#4733,#4734)
    ,(#4735,#4736
    )),.UNSPECIFIED.,.F.,.F.,.F.,(2,2),(2,2),(0.,4.55),(0.,1.),
  .PIECEWISE_BEZIER_KNOTS.);
#4733 = CARTESIAN_POINT('',(-1.95,-2.275,1.025));
#4734 = CARTESIAN_POINT('',(-1.875,-2.2375,1.025));
#4735 = CARTESIAN_POINT('',(-1.95,2.275,1.025));
#4736 = CARTESIAN_POINT('',(-1.875,2.2375,1.025));
#4737 = ADVANCED_FACE('',(#4738),#4757,.F.);
#4738 = FACE_BOUND('',#4739,.F.);
#4739 = EDGE_LOOP('',(#4740,#4741,#4750,#4756));
#4740 = ORIENTED_EDGE('',*,*,#3456,.T.);
#4741 = ORIENTED_EDGE('',*,*,#4742,.T.);
#4742 = EDGE_CURVE('',#3449,#4743,#4745,.T.);
#4743 = VERTEX_POINT('',#4744);
#4744 = CARTESIAN_POINT('',(-2.35,-0.43,0.725));
#4745 = CIRCLE('',#4746,0.1);
#4746 = AXIS2_PLACEMENT_3D('',#4747,#4748,#4749);
#4747 = CARTESIAN_POINT('',(-2.25,-0.43,0.725));
#4748 = DIRECTION('',(9.95799250103E-17,-1.,0.));
#4749 = DIRECTION('',(-4.440892098501E-15,-4.422237021476E-31,1.));
#4750 = ORIENTED_EDGE('',*,*,#4751,.F.);
#4751 = EDGE_CURVE('',#4538,#4743,#4752,.T.);
#4752 = LINE('',#4753,#4754);
#4753 = CARTESIAN_POINT('',(-2.35,-0.84,0.725));
#4754 = VECTOR('',#4755,1.);
#4755 = DIRECTION('',(-9.95799250103E-17,1.,0.));
#4756 = ORIENTED_EDGE('',*,*,#4537,.F.);
#4757 = CYLINDRICAL_SURFACE('',#4758,0.1);
#4758 = AXIS2_PLACEMENT_3D('',#4759,#4760,#4761);
#4759 = CARTESIAN_POINT('',(-2.25,-0.84,0.725));
#4760 = DIRECTION('',(9.95799250103E-17,-1.,0.));
#4761 = DIRECTION('',(-4.440892098501E-15,-4.422237021476E-31,1.));
#4762 = ADVANCED_FACE('',(#4763),#4841,.T.);
#4763 = FACE_BOUND('',#4764,.T.);
#4764 = EDGE_LOOP('',(#4765,#4766,#4767,#4768,#4776,#4785,#4793,#4801,
    #4809,#4818,#4826,#4835));
#4765 = ORIENTED_EDGE('',*,*,#3501,.F.);
#4766 = ORIENTED_EDGE('',*,*,#3448,.T.);
#4767 = ORIENTED_EDGE('',*,*,#4742,.T.);
#4768 = ORIENTED_EDGE('',*,*,#4769,.T.);
#4769 = EDGE_CURVE('',#4743,#4770,#4772,.T.);
#4770 = VERTEX_POINT('',#4771);
#4771 = CARTESIAN_POINT('',(-2.35,-0.43,0.3));
#4772 = LINE('',#4773,#4774);
#4773 = CARTESIAN_POINT('',(-2.35,-0.43,0.725));
#4774 = VECTOR('',#4775,1.);
#4775 = DIRECTION('',(-1.044915787883E-15,-1.040526357994E-31,-1.));
#4776 = ORIENTED_EDGE('',*,*,#4777,.T.);
#4777 = EDGE_CURVE('',#4770,#4778,#4780,.T.);
#4778 = VERTEX_POINT('',#4779);
#4779 = CARTESIAN_POINT('',(-2.65,-0.43,5.551115123126E-17));
#4780 = CIRCLE('',#4781,0.3);
#4781 = AXIS2_PLACEMENT_3D('',#4782,#4783,#4784);
#4782 = CARTESIAN_POINT('',(-2.65,-0.43,0.3));
#4783 = DIRECTION('',(-9.95799250103E-17,1.,0.));
#4784 = DIRECTION('',(1.,9.95799250103E-17,3.515706244646E-15));
#4785 = ORIENTED_EDGE('',*,*,#4786,.T.);
#4786 = EDGE_CURVE('',#4778,#4787,#4789,.T.);
#4787 = VERTEX_POINT('',#4788);
#4788 = CARTESIAN_POINT('',(-3.,-0.43,5.551115123126E-17));
#4789 = LINE('',#4790,#4791);
#4790 = CARTESIAN_POINT('',(-2.65,-0.43,5.551115123126E-17));
#4791 = VECTOR('',#4792,1.);
#4792 = DIRECTION('',(-1.,-9.95799250103E-17,0.));
#4793 = ORIENTED_EDGE('',*,*,#4794,.T.);
#4794 = EDGE_CURVE('',#4787,#4795,#4797,.T.);
#4795 = VERTEX_POINT('',#4796);
#4796 = CARTESIAN_POINT('',(-3.,-0.43,0.2));
#4797 = LINE('',#4798,#4799);
#4798 = CARTESIAN_POINT('',(-3.,-0.43,5.551115123126E-17));
#4799 = VECTOR('',#4800,1.);
#4800 = DIRECTION('',(0.,0.,1.));
#4801 = ORIENTED_EDGE('',*,*,#4802,.T.);
#4802 = EDGE_CURVE('',#4795,#4803,#4805,.T.);
#4803 = VERTEX_POINT('',#4804);
#4804 = CARTESIAN_POINT('',(-2.65,-0.43,0.2));
#4805 = LINE('',#4806,#4807);
#4806 = CARTESIAN_POINT('',(-3.,-0.43,0.2));
#4807 = VECTOR('',#4808,1.);
#4808 = DIRECTION('',(1.,9.95799250103E-17,0.));
#4809 = ORIENTED_EDGE('',*,*,#4810,.T.);
#4810 = EDGE_CURVE('',#4803,#4811,#4813,.T.);
#4811 = VERTEX_POINT('',#4812);
#4812 = CARTESIAN_POINT('',(-2.55,-0.43,0.3));
#4813 = CIRCLE('',#4814,0.1);
#4814 = AXIS2_PLACEMENT_3D('',#4815,#4816,#4817);
#4815 = CARTESIAN_POINT('',(-2.65,-0.43,0.3));
#4816 = DIRECTION('',(9.95799250103E-17,-1.,-0.));
#4817 = DIRECTION('',(-0.,0.,-1.));
#4818 = ORIENTED_EDGE('',*,*,#4819,.T.);
#4819 = EDGE_CURVE('',#4811,#4820,#4822,.T.);
#4820 = VERTEX_POINT('',#4821);
#4821 = CARTESIAN_POINT('',(-2.55,-0.43,0.725));
#4822 = LINE('',#4823,#4824);
#4823 = CARTESIAN_POINT('',(-2.55,-0.43,0.3));
#4824 = VECTOR('',#4825,1.);
#4825 = DIRECTION('',(0.,0.,1.));
#4826 = ORIENTED_EDGE('',*,*,#4827,.T.);
#4827 = EDGE_CURVE('',#4820,#4828,#4830,.T.);
#4828 = VERTEX_POINT('',#4829);
#4829 = CARTESIAN_POINT('',(-2.25,-0.43,1.025));
#4830 = CIRCLE('',#4831,0.3);
#4831 = AXIS2_PLACEMENT_3D('',#4832,#4833,#4834);
#4832 = CARTESIAN_POINT('',(-2.25,-0.43,0.725));
#4833 = DIRECTION('',(-9.95799250103E-17,1.,0.));
#4834 = DIRECTION('',(-1.,-9.95799250103E-17,3.700743415417E-16));
#4835 = ORIENTED_EDGE('',*,*,#4836,.T.);
#4836 = EDGE_CURVE('',#4828,#3502,#4837,.T.);
#4837 = LINE('',#4838,#4839);
#4838 = CARTESIAN_POINT('',(-2.25,-0.43,1.025));
#4839 = VECTOR('',#4840,1.);
#4840 = DIRECTION('',(1.,9.95799250103E-17,0.));
#4841 = PLANE('',#4842);
#4842 = AXIS2_PLACEMENT_3D('',#4843,#4844,#4845);
#4843 = CARTESIAN_POINT('',(-2.41578967201,-0.43,0.532659657565));
#4844 = DIRECTION('',(-9.95799250103E-17,1.,0.));
#4845 = DIRECTION('',(0.,0.,1.));
#4846 = ADVANCED_FACE('',(#4847),#4933,.F.);
#4847 = FACE_BOUND('',#4848,.F.);
#4848 = EDGE_LOOP('',(#4849,#4850,#4851,#4860,#4868,#4877,#4885,#4893,
    #4901,#4910,#4918,#4927));
#4849 = ORIENTED_EDGE('',*,*,#3510,.F.);
#4850 = ORIENTED_EDGE('',*,*,#3470,.T.);
#4851 = ORIENTED_EDGE('',*,*,#4852,.T.);
#4852 = EDGE_CURVE('',#3471,#4853,#4855,.T.);
#4853 = VERTEX_POINT('',#4854);
#4854 = CARTESIAN_POINT('',(-2.35,0.43,0.725));
#4855 = CIRCLE('',#4856,0.1);
#4856 = AXIS2_PLACEMENT_3D('',#4857,#4858,#4859);
#4857 = CARTESIAN_POINT('',(-2.25,0.43,0.725));
#4858 = DIRECTION('',(9.95799250103E-17,-1.,0.));
#4859 = DIRECTION('',(-4.440892098501E-15,-4.422237021476E-31,1.));
#4860 = ORIENTED_EDGE('',*,*,#4861,.T.);
#4861 = EDGE_CURVE('',#4853,#4862,#4864,.T.);
#4862 = VERTEX_POINT('',#4863);
#4863 = CARTESIAN_POINT('',(-2.35,0.43,0.3));
#4864 = LINE('',#4865,#4866);
#4865 = CARTESIAN_POINT('',(-2.35,0.43,0.725));
#4866 = VECTOR('',#4867,1.);
#4867 = DIRECTION('',(-1.044915787883E-15,-1.040526357994E-31,-1.));
#4868 = ORIENTED_EDGE('',*,*,#4869,.T.);
#4869 = EDGE_CURVE('',#4862,#4870,#4872,.T.);
#4870 = VERTEX_POINT('',#4871);
#4871 = CARTESIAN_POINT('',(-2.65,0.43,5.551115123126E-17));
#4872 = CIRCLE('',#4873,0.3);
#4873 = AXIS2_PLACEMENT_3D('',#4874,#4875,#4876);
#4874 = CARTESIAN_POINT('',(-2.65,0.43,0.3));
#4875 = DIRECTION('',(-9.95799250103E-17,1.,0.));
#4876 = DIRECTION('',(1.,9.95799250103E-17,3.515706244646E-15));
#4877 = ORIENTED_EDGE('',*,*,#4878,.T.);
#4878 = EDGE_CURVE('',#4870,#4879,#4881,.T.);
#4879 = VERTEX_POINT('',#4880);
#4880 = CARTESIAN_POINT('',(-3.,0.43,5.551115123126E-17));
#4881 = LINE('',#4882,#4883);
#4882 = CARTESIAN_POINT('',(-2.65,0.43,5.551115123126E-17));
#4883 = VECTOR('',#4884,1.);
#4884 = DIRECTION('',(-1.,-9.95799250103E-17,0.));
#4885 = ORIENTED_EDGE('',*,*,#4886,.T.);
#4886 = EDGE_CURVE('',#4879,#4887,#4889,.T.);
#4887 = VERTEX_POINT('',#4888);
#4888 = CARTESIAN_POINT('',(-3.,0.43,0.2));
#4889 = LINE('',#4890,#4891);
#4890 = CARTESIAN_POINT('',(-3.,0.43,5.551115123126E-17));
#4891 = VECTOR('',#4892,1.);
#4892 = DIRECTION('',(0.,0.,1.));
#4893 = ORIENTED_EDGE('',*,*,#4894,.T.);
#4894 = EDGE_CURVE('',#4887,#4895,#4897,.T.);
#4895 = VERTEX_POINT('',#4896);
#4896 = CARTESIAN_POINT('',(-2.65,0.43,0.2));
#4897 = LINE('',#4898,#4899);
#4898 = CARTESIAN_POINT('',(-3.,0.43,0.2));
#4899 = VECTOR('',#4900,1.);
#4900 = DIRECTION('',(1.,9.95799250103E-17,0.));
#4901 = ORIENTED_EDGE('',*,*,#4902,.T.);
#4902 = EDGE_CURVE('',#4895,#4903,#4905,.T.);
#4903 = VERTEX_POINT('',#4904);
#4904 = CARTESIAN_POINT('',(-2.55,0.43,0.3));
#4905 = CIRCLE('',#4906,0.1);
#4906 = AXIS2_PLACEMENT_3D('',#4907,#4908,#4909);
#4907 = CARTESIAN_POINT('',(-2.65,0.43,0.3));
#4908 = DIRECTION('',(9.95799250103E-17,-1.,-0.));
#4909 = DIRECTION('',(-0.,0.,-1.));
#4910 = ORIENTED_EDGE('',*,*,#4911,.T.);
#4911 = EDGE_CURVE('',#4903,#4912,#4914,.T.);
#4912 = VERTEX_POINT('',#4913);
#4913 = CARTESIAN_POINT('',(-2.55,0.43,0.725));
#4914 = LINE('',#4915,#4916);
#4915 = CARTESIAN_POINT('',(-2.55,0.43,0.3));
#4916 = VECTOR('',#4917,1.);
#4917 = DIRECTION('',(0.,0.,1.));
#4918 = ORIENTED_EDGE('',*,*,#4919,.T.);
#4919 = EDGE_CURVE('',#4912,#4920,#4922,.T.);
#4920 = VERTEX_POINT('',#4921);
#4921 = CARTESIAN_POINT('',(-2.25,0.43,1.025));
#4922 = CIRCLE('',#4923,0.3);
#4923 = AXIS2_PLACEMENT_3D('',#4924,#4925,#4926);
#4924 = CARTESIAN_POINT('',(-2.25,0.43,0.725));
#4925 = DIRECTION('',(-9.95799250103E-17,1.,0.));
#4926 = DIRECTION('',(-1.,-9.95799250103E-17,3.700743415417E-16));
#4927 = ORIENTED_EDGE('',*,*,#4928,.T.);
#4928 = EDGE_CURVE('',#4920,#3511,#4929,.T.);
#4929 = LINE('',#4930,#4931);
#4930 = CARTESIAN_POINT('',(-2.25,0.43,1.025));
#4931 = VECTOR('',#4932,1.);
#4932 = DIRECTION('',(1.,9.95799250103E-17,0.));
#4933 = PLANE('',#4934);
#4934 = AXIS2_PLACEMENT_3D('',#4935,#4936,#4937);
#4935 = CARTESIAN_POINT('',(-2.41578967201,0.43,0.532659657565));
#4936 = DIRECTION('',(-9.95799250103E-17,1.,0.));
#4937 = DIRECTION('',(0.,0.,1.));
#4938 = ADVANCED_FACE('',(#4939),#4950,.F.);
#4939 = FACE_BOUND('',#4940,.F.);
#4940 = EDGE_LOOP('',(#4941,#4942,#4943,#4949));
#4941 = ORIENTED_EDGE('',*,*,#3487,.T.);
#4942 = ORIENTED_EDGE('',*,*,#4629,.T.);
#4943 = ORIENTED_EDGE('',*,*,#4944,.F.);
#4944 = EDGE_CURVE('',#4853,#4630,#4945,.T.);
#4945 = LINE('',#4946,#4947);
#4946 = CARTESIAN_POINT('',(-2.35,0.43,0.725));
#4947 = VECTOR('',#4948,1.);
#4948 = DIRECTION('',(-9.95799250103E-17,1.,0.));
#4949 = ORIENTED_EDGE('',*,*,#4852,.F.);
#4950 = CYLINDRICAL_SURFACE('',#4951,0.1);
#4951 = AXIS2_PLACEMENT_3D('',#4952,#4953,#4954);
#4952 = CARTESIAN_POINT('',(-2.25,0.43,0.725));
#4953 = DIRECTION('',(9.95799250103E-17,-1.,0.));
#4954 = DIRECTION('',(-4.440892098501E-15,-4.422237021476E-31,1.));
#4955 = ADVANCED_FACE('',(#4956),#4972,.F.);
#4956 = FACE_BOUND('',#4957,.F.);
#4957 = EDGE_LOOP('',(#4958,#4964,#4965,#4971));
#4958 = ORIENTED_EDGE('',*,*,#4959,.F.);
#4959 = EDGE_CURVE('',#3502,#3916,#4960,.T.);
#4960 = LINE('',#4961,#4962);
#4961 = CARTESIAN_POINT('',(-2.25,-0.43,1.025));
#4962 = VECTOR('',#4963,1.);
#4963 = DIRECTION('',(1.,9.95799250103E-17,0.));
#4964 = ORIENTED_EDGE('',*,*,#3518,.T.);
#4965 = ORIENTED_EDGE('',*,*,#4966,.T.);
#4966 = EDGE_CURVE('',#3511,#3924,#4967,.T.);
#4967 = LINE('',#4968,#4969);
#4968 = CARTESIAN_POINT('',(-2.25,0.43,1.025));
#4969 = VECTOR('',#4970,1.);
#4970 = DIRECTION('',(1.,9.95799250103E-17,0.));
#4971 = ORIENTED_EDGE('',*,*,#3923,.F.);
#4972 = B_SPLINE_SURFACE_WITH_KNOTS('',1,1,(
    (#4973,#4974)
    ,(#4975,#4976
    )),.UNSPECIFIED.,.F.,.F.,.F.,(2,2),(2,2),(0.,4.55),(0.,1.),
  .PIECEWISE_BEZIER_KNOTS.);
#4973 = CARTESIAN_POINT('',(-1.95,-2.275,1.025));
#4974 = CARTESIAN_POINT('',(-1.875,-2.2375,1.025));
#4975 = CARTESIAN_POINT('',(-1.95,2.275,1.025));
#4976 = CARTESIAN_POINT('',(-1.875,2.2375,1.025));
#4977 = ADVANCED_FACE('',(#4978),#4984,.F.);
#4978 = FACE_BOUND('',#4979,.F.);
#4979 = EDGE_LOOP('',(#4980,#4981,#4982,#4983));
#4980 = ORIENTED_EDGE('',*,*,#3534,.T.);
#4981 = ORIENTED_EDGE('',*,*,#3837,.T.);
#4982 = ORIENTED_EDGE('',*,*,#3866,.F.);
#4983 = ORIENTED_EDGE('',*,*,#4281,.F.);
#4984 = B_SPLINE_SURFACE_WITH_KNOTS('',1,1,(
    (#4985,#4986)
    ,(#4987,#4988
    )),.UNSPECIFIED.,.F.,.F.,.F.,(2,2),(2,2),(0.,0.247487373415),(0.,1.)
  ,.PIECEWISE_BEZIER_KNOTS.);
#4985 = CARTESIAN_POINT('',(-1.95,2.275,1.025));
#4986 = CARTESIAN_POINT('',(-1.875,2.2375,1.025));
#4987 = CARTESIAN_POINT('',(-1.775,2.45,1.025));
#4988 = CARTESIAN_POINT('',(-1.7375,2.375,1.025));
#4989 = ADVANCED_FACE('',(#4990),#5003,.F.);
#4990 = FACE_BOUND('',#4991,.F.);
#4991 = EDGE_LOOP('',(#4992,#4993,#4999,#5000,#5001,#5002));
#4992 = ORIENTED_EDGE('',*,*,#4168,.F.);
#4993 = ORIENTED_EDGE('',*,*,#4994,.T.);
#4994 = EDGE_CURVE('',#4160,#4382,#4995,.T.);
#4995 = LINE('',#4996,#4997);
#4996 = CARTESIAN_POINT('',(-2.25,-2.11,1.025));
#4997 = VECTOR('',#4998,1.);
#4998 = DIRECTION('',(-9.95799250103E-17,1.,0.));
#4999 = ORIENTED_EDGE('',*,*,#4390,.T.);
#5000 = ORIENTED_EDGE('',*,*,#4513,.T.);
#5001 = ORIENTED_EDGE('',*,*,#3899,.F.);
#5002 = ORIENTED_EDGE('',*,*,#4075,.F.);
#5003 = PLANE('',#5004);
#5004 = AXIS2_PLACEMENT_3D('',#5005,#5006,#5007);
#5005 = CARTESIAN_POINT('',(-2.25,-2.11,1.025));
#5006 = DIRECTION('',(-0.,0.,-1.));
#5007 = DIRECTION('',(1.,9.95799250103E-17,0.));
#5008 = ADVANCED_FACE('',(#5009),#5022,.F.);
#5009 = FACE_BOUND('',#5010,.F.);
#5010 = EDGE_LOOP('',(#5011,#5012,#5018,#5019,#5020,#5021));
#5011 = ORIENTED_EDGE('',*,*,#4613,.F.);
#5012 = ORIENTED_EDGE('',*,*,#5013,.T.);
#5013 = EDGE_CURVE('',#4605,#4828,#5014,.T.);
#5014 = LINE('',#5015,#5016);
#5015 = CARTESIAN_POINT('',(-2.25,-0.84,1.025));
#5016 = VECTOR('',#5017,1.);
#5017 = DIRECTION('',(-9.95799250103E-17,1.,0.));
#5018 = ORIENTED_EDGE('',*,*,#4836,.T.);
#5019 = ORIENTED_EDGE('',*,*,#4959,.T.);
#5020 = ORIENTED_EDGE('',*,*,#3915,.F.);
#5021 = ORIENTED_EDGE('',*,*,#4520,.F.);
#5022 = PLANE('',#5023);
#5023 = AXIS2_PLACEMENT_3D('',#5024,#5025,#5026);
#5024 = CARTESIAN_POINT('',(-2.25,-0.84,1.025));
#5025 = DIRECTION('',(-0.,0.,-1.));
#5026 = DIRECTION('',(1.,9.95799250103E-17,0.));
#5027 = ADVANCED_FACE('',(#5028),#5041,.F.);
#5028 = FACE_BOUND('',#5029,.F.);
#5029 = EDGE_LOOP('',(#5030,#5031,#5037,#5038,#5039,#5040));
#5030 = ORIENTED_EDGE('',*,*,#4482,.F.);
#5031 = ORIENTED_EDGE('',*,*,#5032,.T.);
#5032 = EDGE_CURVE('',#4474,#4252,#5033,.T.);
#5033 = LINE('',#5034,#5035);
#5034 = CARTESIAN_POINT('',(-2.25,1.7,1.025));
#5035 = VECTOR('',#5036,1.);
#5036 = DIRECTION('',(-9.95799250103E-17,1.,0.));
#5037 = ORIENTED_EDGE('',*,*,#4260,.T.);
#5038 = ORIENTED_EDGE('',*,*,#4274,.T.);
#5039 = ORIENTED_EDGE('',*,*,#3947,.F.);
#5040 = ORIENTED_EDGE('',*,*,#4726,.F.);
#5041 = PLANE('',#5042);
#5042 = AXIS2_PLACEMENT_3D('',#5043,#5044,#5045);
#5043 = CARTESIAN_POINT('',(-2.25,1.7,1.025));
#5044 = DIRECTION('',(-0.,0.,-1.));
#5045 = DIRECTION('',(1.,9.95799250103E-17,0.));
#5046 = ADVANCED_FACE('',(#5047),#5060,.F.);
#5047 = FACE_BOUND('',#5048,.F.);
#5048 = EDGE_LOOP('',(#5049,#5050,#5056,#5057,#5058,#5059));
#5049 = ORIENTED_EDGE('',*,*,#4928,.F.);
#5050 = ORIENTED_EDGE('',*,*,#5051,.T.);
#5051 = EDGE_CURVE('',#4920,#4697,#5052,.T.);
#5052 = LINE('',#5053,#5054);
#5053 = CARTESIAN_POINT('',(-2.25,0.43,1.025));
#5054 = VECTOR('',#5055,1.);
#5055 = DIRECTION('',(-9.95799250103E-17,1.,0.));
#5056 = ORIENTED_EDGE('',*,*,#4705,.T.);
#5057 = ORIENTED_EDGE('',*,*,#4719,.T.);
#5058 = ORIENTED_EDGE('',*,*,#3931,.F.);
#5059 = ORIENTED_EDGE('',*,*,#4966,.F.);
#5060 = PLANE('',#5061);
#5061 = AXIS2_PLACEMENT_3D('',#5062,#5063,#5064);
#5062 = CARTESIAN_POINT('',(-2.25,0.43,1.025));
#5063 = DIRECTION('',(-0.,0.,-1.));
#5064 = DIRECTION('',(1.,9.95799250103E-17,0.));
#5065 = ADVANCED_FACE('',(#5066),#5069,.T.);
#5066 = FACE_BOUND('',#5067,.T.);
#5067 = EDGE_LOOP('',(#5068));
#5068 = ORIENTED_EDGE('',*,*,#4016,.T.);
#5069 = PLANE('',#5070);
#5070 = AXIS2_PLACEMENT_3D('',#5071,#5072,#5073);
#5071 = CARTESIAN_POINT('',(-1.110171280765,1.610171280765,1.7));
#5072 = DIRECTION('',(0.,0.,1.));
#5073 = DIRECTION('',(2.22044604925E-16,-1.,0.));
#5074 = ADVANCED_FACE('',(#5075),#5086,.T.);
#5075 = FACE_BOUND('',#5076,.T.);
#5076 = EDGE_LOOP('',(#5077,#5078,#5079,#5080));
#5077 = ORIENTED_EDGE('',*,*,#4159,.T.);
#5078 = ORIENTED_EDGE('',*,*,#4994,.T.);
#5079 = ORIENTED_EDGE('',*,*,#4381,.F.);
#5080 = ORIENTED_EDGE('',*,*,#5081,.F.);
#5081 = EDGE_CURVE('',#4152,#4374,#5082,.T.);
#5082 = LINE('',#5083,#5084);
#5083 = CARTESIAN_POINT('',(-2.55,-2.11,0.725));
#5084 = VECTOR('',#5085,1.);
#5085 = DIRECTION('',(-9.95799250103E-17,1.,0.));
#5086 = CYLINDRICAL_SURFACE('',#5087,0.3);
#5087 = AXIS2_PLACEMENT_3D('',#5088,#5089,#5090);
#5088 = CARTESIAN_POINT('',(-2.25,-2.11,0.725));
#5089 = DIRECTION('',(9.95799250103E-17,-1.,-0.));
#5090 = DIRECTION('',(-1.,-9.95799250103E-17,3.700743415417E-16));
#5091 = ADVANCED_FACE('',(#5092),#5103,.F.);
#5092 = FACE_BOUND('',#5093,.F.);
#5093 = EDGE_LOOP('',(#5094,#5100,#5101,#5102));
#5094 = ORIENTED_EDGE('',*,*,#5095,.T.);
#5095 = EDGE_CURVE('',#4143,#4365,#5096,.T.);
#5096 = LINE('',#5097,#5098);
#5097 = CARTESIAN_POINT('',(-2.55,-2.11,0.3));
#5098 = VECTOR('',#5099,1.);
#5099 = DIRECTION('',(-9.95799250103E-17,1.,0.));
#5100 = ORIENTED_EDGE('',*,*,#4373,.T.);
#5101 = ORIENTED_EDGE('',*,*,#5081,.F.);
#5102 = ORIENTED_EDGE('',*,*,#4151,.F.);
#5103 = PLANE('',#5104);
#5104 = AXIS2_PLACEMENT_3D('',#5105,#5106,#5107);
#5105 = CARTESIAN_POINT('',(-2.55,-2.11,0.3));
#5106 = DIRECTION('',(1.,9.95799250103E-17,0.));
#5107 = DIRECTION('',(0.,-0.,1.));
#5108 = ADVANCED_FACE('',(#5109),#5120,.F.);
#5109 = FACE_BOUND('',#5110,.F.);
#5110 = EDGE_LOOP('',(#5111,#5117,#5118,#5119));
#5111 = ORIENTED_EDGE('',*,*,#5112,.T.);
#5112 = EDGE_CURVE('',#4135,#4357,#5113,.T.);
#5113 = LINE('',#5114,#5115);
#5114 = CARTESIAN_POINT('',(-2.65,-2.11,0.2));
#5115 = VECTOR('',#5116,1.);
#5116 = DIRECTION('',(-9.95799250103E-17,1.,0.));
#5117 = ORIENTED_EDGE('',*,*,#4364,.T.);
#5118 = ORIENTED_EDGE('',*,*,#5095,.F.);
#5119 = ORIENTED_EDGE('',*,*,#4142,.F.);
#5120 = CYLINDRICAL_SURFACE('',#5121,0.1);
#5121 = AXIS2_PLACEMENT_3D('',#5122,#5123,#5124);
#5122 = CARTESIAN_POINT('',(-2.65,-2.11,0.3));
#5123 = DIRECTION('',(9.95799250103E-17,-1.,0.));
#5124 = DIRECTION('',(0.,-0.,-1.));
#5125 = ADVANCED_FACE('',(#5126),#5137,.F.);
#5126 = FACE_BOUND('',#5127,.F.);
#5127 = EDGE_LOOP('',(#5128,#5134,#5135,#5136));
#5128 = ORIENTED_EDGE('',*,*,#5129,.T.);
#5129 = EDGE_CURVE('',#4127,#4349,#5130,.T.);
#5130 = LINE('',#5131,#5132);
#5131 = CARTESIAN_POINT('',(-3.,-2.11,0.2));
#5132 = VECTOR('',#5133,1.);
#5133 = DIRECTION('',(-9.95799250103E-17,1.,0.));
#5134 = ORIENTED_EDGE('',*,*,#4356,.T.);
#5135 = ORIENTED_EDGE('',*,*,#5112,.F.);
#5136 = ORIENTED_EDGE('',*,*,#4134,.F.);
#5137 = PLANE('',#5138);
#5138 = AXIS2_PLACEMENT_3D('',#5139,#5140,#5141);
#5139 = CARTESIAN_POINT('',(-3.,-2.11,0.2));
#5140 = DIRECTION('',(-0.,0.,-1.));
#5141 = DIRECTION('',(1.,9.95799250103E-17,0.));
#5142 = ADVANCED_FACE('',(#5143),#5154,.F.);
#5143 = FACE_BOUND('',#5144,.F.);
#5144 = EDGE_LOOP('',(#5145,#5151,#5152,#5153));
#5145 = ORIENTED_EDGE('',*,*,#5146,.T.);
#5146 = EDGE_CURVE('',#4119,#4341,#5147,.T.);
#5147 = LINE('',#5148,#5149);
#5148 = CARTESIAN_POINT('',(-3.,-2.11,5.551115123126E-17));
#5149 = VECTOR('',#5150,1.);
#5150 = DIRECTION('',(-9.95799250103E-17,1.,0.));
#5151 = ORIENTED_EDGE('',*,*,#4348,.T.);
#5152 = ORIENTED_EDGE('',*,*,#5129,.F.);
#5153 = ORIENTED_EDGE('',*,*,#4126,.F.);
#5154 = PLANE('',#5155);
#5155 = AXIS2_PLACEMENT_3D('',#5156,#5157,#5158);
#5156 = CARTESIAN_POINT('',(-3.,-2.11,5.551115123126E-17));
#5157 = DIRECTION('',(1.,9.95799250103E-17,0.));
#5158 = DIRECTION('',(0.,-0.,1.));
#5159 = ADVANCED_FACE('',(#5160),#5171,.F.);
#5160 = FACE_BOUND('',#5161,.F.);
#5161 = EDGE_LOOP('',(#5162,#5168,#5169,#5170));
#5162 = ORIENTED_EDGE('',*,*,#5163,.T.);
#5163 = EDGE_CURVE('',#4110,#4332,#5164,.T.);
#5164 = LINE('',#5165,#5166);
#5165 = CARTESIAN_POINT('',(-2.65,-2.11,5.551115123126E-17));
#5166 = VECTOR('',#5167,1.);
#5167 = DIRECTION('',(-9.95799250103E-17,1.,0.));
#5168 = ORIENTED_EDGE('',*,*,#4340,.T.);
#5169 = ORIENTED_EDGE('',*,*,#5146,.F.);
#5170 = ORIENTED_EDGE('',*,*,#4118,.F.);
#5171 = PLANE('',#5172);
#5172 = AXIS2_PLACEMENT_3D('',#5173,#5174,#5175);
#5173 = CARTESIAN_POINT('',(-2.65,-2.11,5.551115123126E-17));
#5174 = DIRECTION('',(0.,0.,1.));
#5175 = DIRECTION('',(-1.,-9.95799250103E-17,0.));
#5176 = ADVANCED_FACE('',(#5177),#5188,.T.);
#5177 = FACE_BOUND('',#5178,.T.);
#5178 = EDGE_LOOP('',(#5179,#5180,#5181,#5182));
#5179 = ORIENTED_EDGE('',*,*,#4109,.T.);
#5180 = ORIENTED_EDGE('',*,*,#5163,.T.);
#5181 = ORIENTED_EDGE('',*,*,#4331,.F.);
#5182 = ORIENTED_EDGE('',*,*,#5183,.F.);
#5183 = EDGE_CURVE('',#4102,#4324,#5184,.T.);
#5184 = LINE('',#5185,#5186);
#5185 = CARTESIAN_POINT('',(-2.35,-2.11,0.3));
#5186 = VECTOR('',#5187,1.);
#5187 = DIRECTION('',(-9.95799250103E-17,1.,0.));
#5188 = CYLINDRICAL_SURFACE('',#5189,0.3);
#5189 = AXIS2_PLACEMENT_3D('',#5190,#5191,#5192);
#5190 = CARTESIAN_POINT('',(-2.65,-2.11,0.3));
#5191 = DIRECTION('',(9.95799250103E-17,-1.,-0.));
#5192 = DIRECTION('',(1.,9.95799250103E-17,3.515706244646E-15));
#5193 = ADVANCED_FACE('',(#5194),#5200,.F.);
#5194 = FACE_BOUND('',#5195,.F.);
#5195 = EDGE_LOOP('',(#5196,#5197,#5198,#5199));
#5196 = ORIENTED_EDGE('',*,*,#4305,.T.);
#5197 = ORIENTED_EDGE('',*,*,#4323,.T.);
#5198 = ORIENTED_EDGE('',*,*,#5183,.F.);
#5199 = ORIENTED_EDGE('',*,*,#4101,.F.);
#5200 = PLANE('',#5201);
#5201 = AXIS2_PLACEMENT_3D('',#5202,#5203,#5204);
#5202 = CARTESIAN_POINT('',(-2.35,-2.11,0.725));
#5203 = DIRECTION('',(-1.,-9.95799250103E-17,1.044915787883E-15));
#5204 = DIRECTION('',(-1.044915787883E-15,-1.040526357994E-31,-1.));
#5205 = ADVANCED_FACE('',(#5206),#5217,.T.);
#5206 = FACE_BOUND('',#5207,.T.);
#5207 = EDGE_LOOP('',(#5208,#5209,#5210,#5211));
#5208 = ORIENTED_EDGE('',*,*,#4473,.T.);
#5209 = ORIENTED_EDGE('',*,*,#5032,.T.);
#5210 = ORIENTED_EDGE('',*,*,#4251,.F.);
#5211 = ORIENTED_EDGE('',*,*,#5212,.F.);
#5212 = EDGE_CURVE('',#4466,#4244,#5213,.T.);
#5213 = LINE('',#5214,#5215);
#5214 = CARTESIAN_POINT('',(-2.55,1.7,0.725));
#5215 = VECTOR('',#5216,1.);
#5216 = DIRECTION('',(-9.95799250103E-17,1.,0.));
#5217 = CYLINDRICAL_SURFACE('',#5218,0.3);
#5218 = AXIS2_PLACEMENT_3D('',#5219,#5220,#5221);
#5219 = CARTESIAN_POINT('',(-2.25,1.7,0.725));
#5220 = DIRECTION('',(9.95799250103E-17,-1.,-0.));
#5221 = DIRECTION('',(-1.,-9.95799250103E-17,3.700743415417E-16));
#5222 = ADVANCED_FACE('',(#5223),#5234,.F.);
#5223 = FACE_BOUND('',#5224,.F.);
#5224 = EDGE_LOOP('',(#5225,#5231,#5232,#5233));
#5225 = ORIENTED_EDGE('',*,*,#5226,.T.);
#5226 = EDGE_CURVE('',#4457,#4235,#5227,.T.);
#5227 = LINE('',#5228,#5229);
#5228 = CARTESIAN_POINT('',(-2.55,1.7,0.3));
#5229 = VECTOR('',#5230,1.);
#5230 = DIRECTION('',(-9.95799250103E-17,1.,0.));
#5231 = ORIENTED_EDGE('',*,*,#4243,.T.);
#5232 = ORIENTED_EDGE('',*,*,#5212,.F.);
#5233 = ORIENTED_EDGE('',*,*,#4465,.F.);
#5234 = PLANE('',#5235);
#5235 = AXIS2_PLACEMENT_3D('',#5236,#5237,#5238);
#5236 = CARTESIAN_POINT('',(-2.55,1.7,0.3));
#5237 = DIRECTION('',(1.,9.95799250103E-17,0.));
#5238 = DIRECTION('',(0.,-0.,1.));
#5239 = ADVANCED_FACE('',(#5240),#5251,.F.);
#5240 = FACE_BOUND('',#5241,.F.);
#5241 = EDGE_LOOP('',(#5242,#5248,#5249,#5250));
#5242 = ORIENTED_EDGE('',*,*,#5243,.T.);
#5243 = EDGE_CURVE('',#4449,#4227,#5244,.T.);
#5244 = LINE('',#5245,#5246);
#5245 = CARTESIAN_POINT('',(-2.65,1.7,0.2));
#5246 = VECTOR('',#5247,1.);
#5247 = DIRECTION('',(-9.95799250103E-17,1.,0.));
#5248 = ORIENTED_EDGE('',*,*,#4234,.T.);
#5249 = ORIENTED_EDGE('',*,*,#5226,.F.);
#5250 = ORIENTED_EDGE('',*,*,#4456,.F.);
#5251 = CYLINDRICAL_SURFACE('',#5252,0.1);
#5252 = AXIS2_PLACEMENT_3D('',#5253,#5254,#5255);
#5253 = CARTESIAN_POINT('',(-2.65,1.7,0.3));
#5254 = DIRECTION('',(9.95799250103E-17,-1.,0.));
#5255 = DIRECTION('',(0.,-0.,-1.));
#5256 = ADVANCED_FACE('',(#5257),#5268,.F.);
#5257 = FACE_BOUND('',#5258,.F.);
#5258 = EDGE_LOOP('',(#5259,#5265,#5266,#5267));
#5259 = ORIENTED_EDGE('',*,*,#5260,.T.);
#5260 = EDGE_CURVE('',#4441,#4219,#5261,.T.);
#5261 = LINE('',#5262,#5263);
#5262 = CARTESIAN_POINT('',(-3.,1.7,0.2));
#5263 = VECTOR('',#5264,1.);
#5264 = DIRECTION('',(-9.95799250103E-17,1.,0.));
#5265 = ORIENTED_EDGE('',*,*,#4226,.T.);
#5266 = ORIENTED_EDGE('',*,*,#5243,.F.);
#5267 = ORIENTED_EDGE('',*,*,#4448,.F.);
#5268 = PLANE('',#5269);
#5269 = AXIS2_PLACEMENT_3D('',#5270,#5271,#5272);
#5270 = CARTESIAN_POINT('',(-3.,1.7,0.2));
#5271 = DIRECTION('',(-0.,0.,-1.));
#5272 = DIRECTION('',(1.,9.95799250103E-17,0.));
#5273 = ADVANCED_FACE('',(#5274),#5285,.F.);
#5274 = FACE_BOUND('',#5275,.F.);
#5275 = EDGE_LOOP('',(#5276,#5282,#5283,#5284));
#5276 = ORIENTED_EDGE('',*,*,#5277,.T.);
#5277 = EDGE_CURVE('',#4433,#4211,#5278,.T.);
#5278 = LINE('',#5279,#5280);
#5279 = CARTESIAN_POINT('',(-3.,1.7,5.551115123126E-17));
#5280 = VECTOR('',#5281,1.);
#5281 = DIRECTION('',(-9.95799250103E-17,1.,0.));
#5282 = ORIENTED_EDGE('',*,*,#4218,.T.);
#5283 = ORIENTED_EDGE('',*,*,#5260,.F.);
#5284 = ORIENTED_EDGE('',*,*,#4440,.F.);
#5285 = PLANE('',#5286);
#5286 = AXIS2_PLACEMENT_3D('',#5287,#5288,#5289);
#5287 = CARTESIAN_POINT('',(-3.,1.7,5.551115123126E-17));
#5288 = DIRECTION('',(1.,9.95799250103E-17,0.));
#5289 = DIRECTION('',(0.,-0.,1.));
#5290 = ADVANCED_FACE('',(#5291),#5302,.F.);
#5291 = FACE_BOUND('',#5292,.F.);
#5292 = EDGE_LOOP('',(#5293,#5299,#5300,#5301));
#5293 = ORIENTED_EDGE('',*,*,#5294,.T.);
#5294 = EDGE_CURVE('',#4424,#4202,#5295,.T.);
#5295 = LINE('',#5296,#5297);
#5296 = CARTESIAN_POINT('',(-2.65,1.7,5.551115123126E-17));
#5297 = VECTOR('',#5298,1.);
#5298 = DIRECTION('',(-9.95799250103E-17,1.,0.));
#5299 = ORIENTED_EDGE('',*,*,#4210,.T.);
#5300 = ORIENTED_EDGE('',*,*,#5277,.F.);
#5301 = ORIENTED_EDGE('',*,*,#4432,.F.);
#5302 = PLANE('',#5303);
#5303 = AXIS2_PLACEMENT_3D('',#5304,#5305,#5306);
#5304 = CARTESIAN_POINT('',(-2.65,1.7,5.551115123126E-17));
#5305 = DIRECTION('',(0.,0.,1.));
#5306 = DIRECTION('',(-1.,-9.95799250103E-17,0.));
#5307 = ADVANCED_FACE('',(#5308),#5319,.T.);
#5308 = FACE_BOUND('',#5309,.T.);
#5309 = EDGE_LOOP('',(#5310,#5311,#5312,#5313));
#5310 = ORIENTED_EDGE('',*,*,#4423,.T.);
#5311 = ORIENTED_EDGE('',*,*,#5294,.T.);
#5312 = ORIENTED_EDGE('',*,*,#4201,.F.);
#5313 = ORIENTED_EDGE('',*,*,#5314,.F.);
#5314 = EDGE_CURVE('',#4416,#4194,#5315,.T.);
#5315 = LINE('',#5316,#5317);
#5316 = CARTESIAN_POINT('',(-2.35,1.7,0.3));
#5317 = VECTOR('',#5318,1.);
#5318 = DIRECTION('',(-9.95799250103E-17,1.,0.));
#5319 = CYLINDRICAL_SURFACE('',#5320,0.3);
#5320 = AXIS2_PLACEMENT_3D('',#5321,#5322,#5323);
#5321 = CARTESIAN_POINT('',(-2.65,1.7,0.3));
#5322 = DIRECTION('',(9.95799250103E-17,-1.,-0.));
#5323 = DIRECTION('',(1.,9.95799250103E-17,3.515706244646E-15));
#5324 = ADVANCED_FACE('',(#5325),#5331,.F.);
#5325 = FACE_BOUND('',#5326,.F.);
#5326 = EDGE_LOOP('',(#5327,#5328,#5329,#5330));
#5327 = ORIENTED_EDGE('',*,*,#4498,.T.);
#5328 = ORIENTED_EDGE('',*,*,#4193,.T.);
#5329 = ORIENTED_EDGE('',*,*,#5314,.F.);
#5330 = ORIENTED_EDGE('',*,*,#4415,.F.);
#5331 = PLANE('',#5332);
#5332 = AXIS2_PLACEMENT_3D('',#5333,#5334,#5335);
#5333 = CARTESIAN_POINT('',(-2.35,1.7,0.725));
#5334 = DIRECTION('',(-1.,-9.95799250103E-17,1.044915787883E-15));
#5335 = DIRECTION('',(-1.044915787883E-15,-1.040526357994E-31,-1.));
#5336 = ADVANCED_FACE('',(#5337),#5348,.T.);
#5337 = FACE_BOUND('',#5338,.T.);
#5338 = EDGE_LOOP('',(#5339,#5340,#5341,#5342));
#5339 = ORIENTED_EDGE('',*,*,#4604,.T.);
#5340 = ORIENTED_EDGE('',*,*,#5013,.T.);
#5341 = ORIENTED_EDGE('',*,*,#4827,.F.);
#5342 = ORIENTED_EDGE('',*,*,#5343,.F.);
#5343 = EDGE_CURVE('',#4597,#4820,#5344,.T.);
#5344 = LINE('',#5345,#5346);
#5345 = CARTESIAN_POINT('',(-2.55,-0.84,0.725));
#5346 = VECTOR('',#5347,1.);
#5347 = DIRECTION('',(-9.95799250103E-17,1.,0.));
#5348 = CYLINDRICAL_SURFACE('',#5349,0.3);
#5349 = AXIS2_PLACEMENT_3D('',#5350,#5351,#5352);
#5350 = CARTESIAN_POINT('',(-2.25,-0.84,0.725));
#5351 = DIRECTION('',(9.95799250103E-17,-1.,-0.));
#5352 = DIRECTION('',(-1.,-9.95799250103E-17,3.700743415417E-16));
#5353 = ADVANCED_FACE('',(#5354),#5365,.F.);
#5354 = FACE_BOUND('',#5355,.F.);
#5355 = EDGE_LOOP('',(#5356,#5362,#5363,#5364));
#5356 = ORIENTED_EDGE('',*,*,#5357,.T.);
#5357 = EDGE_CURVE('',#4588,#4811,#5358,.T.);
#5358 = LINE('',#5359,#5360);
#5359 = CARTESIAN_POINT('',(-2.55,-0.84,0.3));
#5360 = VECTOR('',#5361,1.);
#5361 = DIRECTION('',(-9.95799250103E-17,1.,0.));
#5362 = ORIENTED_EDGE('',*,*,#4819,.T.);
#5363 = ORIENTED_EDGE('',*,*,#5343,.F.);
#5364 = ORIENTED_EDGE('',*,*,#4596,.F.);
#5365 = PLANE('',#5366);
#5366 = AXIS2_PLACEMENT_3D('',#5367,#5368,#5369);
#5367 = CARTESIAN_POINT('',(-2.55,-0.84,0.3));
#5368 = DIRECTION('',(1.,9.95799250103E-17,0.));
#5369 = DIRECTION('',(0.,-0.,1.));
#5370 = ADVANCED_FACE('',(#5371),#5382,.F.);
#5371 = FACE_BOUND('',#5372,.F.);
#5372 = EDGE_LOOP('',(#5373,#5379,#5380,#5381));
#5373 = ORIENTED_EDGE('',*,*,#5374,.T.);
#5374 = EDGE_CURVE('',#4580,#4803,#5375,.T.);
#5375 = LINE('',#5376,#5377);
#5376 = CARTESIAN_POINT('',(-2.65,-0.84,0.2));
#5377 = VECTOR('',#5378,1.);
#5378 = DIRECTION('',(-9.95799250103E-17,1.,0.));
#5379 = ORIENTED_EDGE('',*,*,#4810,.T.);
#5380 = ORIENTED_EDGE('',*,*,#5357,.F.);
#5381 = ORIENTED_EDGE('',*,*,#4587,.F.);
#5382 = CYLINDRICAL_SURFACE('',#5383,0.1);
#5383 = AXIS2_PLACEMENT_3D('',#5384,#5385,#5386);
#5384 = CARTESIAN_POINT('',(-2.65,-0.84,0.3));
#5385 = DIRECTION('',(9.95799250103E-17,-1.,0.));
#5386 = DIRECTION('',(0.,-0.,-1.));
#5387 = ADVANCED_FACE('',(#5388),#5399,.F.);
#5388 = FACE_BOUND('',#5389,.F.);
#5389 = EDGE_LOOP('',(#5390,#5396,#5397,#5398));
#5390 = ORIENTED_EDGE('',*,*,#5391,.T.);
#5391 = EDGE_CURVE('',#4572,#4795,#5392,.T.);
#5392 = LINE('',#5393,#5394);
#5393 = CARTESIAN_POINT('',(-3.,-0.84,0.2));
#5394 = VECTOR('',#5395,1.);
#5395 = DIRECTION('',(-9.95799250103E-17,1.,0.));
#5396 = ORIENTED_EDGE('',*,*,#4802,.T.);
#5397 = ORIENTED_EDGE('',*,*,#5374,.F.);
#5398 = ORIENTED_EDGE('',*,*,#4579,.F.);
#5399 = PLANE('',#5400);
#5400 = AXIS2_PLACEMENT_3D('',#5401,#5402,#5403);
#5401 = CARTESIAN_POINT('',(-3.,-0.84,0.2));
#5402 = DIRECTION('',(-0.,0.,-1.));
#5403 = DIRECTION('',(1.,9.95799250103E-17,0.));
#5404 = ADVANCED_FACE('',(#5405),#5416,.F.);
#5405 = FACE_BOUND('',#5406,.F.);
#5406 = EDGE_LOOP('',(#5407,#5413,#5414,#5415));
#5407 = ORIENTED_EDGE('',*,*,#5408,.T.);
#5408 = EDGE_CURVE('',#4564,#4787,#5409,.T.);
#5409 = LINE('',#5410,#5411);
#5410 = CARTESIAN_POINT('',(-3.,-0.84,5.551115123126E-17));
#5411 = VECTOR('',#5412,1.);
#5412 = DIRECTION('',(-9.95799250103E-17,1.,0.));
#5413 = ORIENTED_EDGE('',*,*,#4794,.T.);
#5414 = ORIENTED_EDGE('',*,*,#5391,.F.);
#5415 = ORIENTED_EDGE('',*,*,#4571,.F.);
#5416 = PLANE('',#5417);
#5417 = AXIS2_PLACEMENT_3D('',#5418,#5419,#5420);
#5418 = CARTESIAN_POINT('',(-3.,-0.84,5.551115123126E-17));
#5419 = DIRECTION('',(1.,9.95799250103E-17,0.));
#5420 = DIRECTION('',(0.,-0.,1.));
#5421 = ADVANCED_FACE('',(#5422),#5433,.F.);
#5422 = FACE_BOUND('',#5423,.F.);
#5423 = EDGE_LOOP('',(#5424,#5430,#5431,#5432));
#5424 = ORIENTED_EDGE('',*,*,#5425,.T.);
#5425 = EDGE_CURVE('',#4555,#4778,#5426,.T.);
#5426 = LINE('',#5427,#5428);
#5427 = CARTESIAN_POINT('',(-2.65,-0.84,5.551115123126E-17));
#5428 = VECTOR('',#5429,1.);
#5429 = DIRECTION('',(-9.95799250103E-17,1.,0.));
#5430 = ORIENTED_EDGE('',*,*,#4786,.T.);
#5431 = ORIENTED_EDGE('',*,*,#5408,.F.);
#5432 = ORIENTED_EDGE('',*,*,#4563,.F.);
#5433 = PLANE('',#5434);
#5434 = AXIS2_PLACEMENT_3D('',#5435,#5436,#5437);
#5435 = CARTESIAN_POINT('',(-2.65,-0.84,5.551115123126E-17));
#5436 = DIRECTION('',(0.,0.,1.));
#5437 = DIRECTION('',(-1.,-9.95799250103E-17,0.));
#5438 = ADVANCED_FACE('',(#5439),#5450,.T.);
#5439 = FACE_BOUND('',#5440,.T.);
#5440 = EDGE_LOOP('',(#5441,#5442,#5443,#5444));
#5441 = ORIENTED_EDGE('',*,*,#4554,.T.);
#5442 = ORIENTED_EDGE('',*,*,#5425,.T.);
#5443 = ORIENTED_EDGE('',*,*,#4777,.F.);
#5444 = ORIENTED_EDGE('',*,*,#5445,.F.);
#5445 = EDGE_CURVE('',#4547,#4770,#5446,.T.);
#5446 = LINE('',#5447,#5448);
#5447 = CARTESIAN_POINT('',(-2.35,-0.84,0.3));
#5448 = VECTOR('',#5449,1.);
#5449 = DIRECTION('',(-9.95799250103E-17,1.,0.));
#5450 = CYLINDRICAL_SURFACE('',#5451,0.3);
#5451 = AXIS2_PLACEMENT_3D('',#5452,#5453,#5454);
#5452 = CARTESIAN_POINT('',(-2.65,-0.84,0.3));
#5453 = DIRECTION('',(9.95799250103E-17,-1.,-0.));
#5454 = DIRECTION('',(1.,9.95799250103E-17,3.515706244646E-15));
#5455 = ADVANCED_FACE('',(#5456),#5462,.F.);
#5456 = FACE_BOUND('',#5457,.F.);
#5457 = EDGE_LOOP('',(#5458,#5459,#5460,#5461));
#5458 = ORIENTED_EDGE('',*,*,#4751,.T.);
#5459 = ORIENTED_EDGE('',*,*,#4769,.T.);
#5460 = ORIENTED_EDGE('',*,*,#5445,.F.);
#5461 = ORIENTED_EDGE('',*,*,#4546,.F.);
#5462 = PLANE('',#5463);
#5463 = AXIS2_PLACEMENT_3D('',#5464,#5465,#5466);
#5464 = CARTESIAN_POINT('',(-2.35,-0.84,0.725));
#5465 = DIRECTION('',(-1.,-9.95799250103E-17,1.044915787883E-15));
#5466 = DIRECTION('',(-1.044915787883E-15,-1.040526357994E-31,-1.));
#5467 = ADVANCED_FACE('',(#5468),#5479,.T.);
#5468 = FACE_BOUND('',#5469,.T.);
#5469 = EDGE_LOOP('',(#5470,#5471,#5472,#5473));
#5470 = ORIENTED_EDGE('',*,*,#4919,.T.);
#5471 = ORIENTED_EDGE('',*,*,#5051,.T.);
#5472 = ORIENTED_EDGE('',*,*,#4696,.F.);
#5473 = ORIENTED_EDGE('',*,*,#5474,.F.);
#5474 = EDGE_CURVE('',#4912,#4689,#5475,.T.);
#5475 = LINE('',#5476,#5477);
#5476 = CARTESIAN_POINT('',(-2.55,0.43,0.725));
#5477 = VECTOR('',#5478,1.);
#5478 = DIRECTION('',(-9.95799250103E-17,1.,0.));
#5479 = CYLINDRICAL_SURFACE('',#5480,0.3);
#5480 = AXIS2_PLACEMENT_3D('',#5481,#5482,#5483);
#5481 = CARTESIAN_POINT('',(-2.25,0.43,0.725));
#5482 = DIRECTION('',(9.95799250103E-17,-1.,-0.));
#5483 = DIRECTION('',(-1.,-9.95799250103E-17,3.700743415417E-16));
#5484 = ADVANCED_FACE('',(#5485),#5496,.F.);
#5485 = FACE_BOUND('',#5486,.F.);
#5486 = EDGE_LOOP('',(#5487,#5493,#5494,#5495));
#5487 = ORIENTED_EDGE('',*,*,#5488,.T.);
#5488 = EDGE_CURVE('',#4903,#4680,#5489,.T.);
#5489 = LINE('',#5490,#5491);
#5490 = CARTESIAN_POINT('',(-2.55,0.43,0.3));
#5491 = VECTOR('',#5492,1.);
#5492 = DIRECTION('',(-9.95799250103E-17,1.,0.));
#5493 = ORIENTED_EDGE('',*,*,#4688,.T.);
#5494 = ORIENTED_EDGE('',*,*,#5474,.F.);
#5495 = ORIENTED_EDGE('',*,*,#4911,.F.);
#5496 = PLANE('',#5497);
#5497 = AXIS2_PLACEMENT_3D('',#5498,#5499,#5500);
#5498 = CARTESIAN_POINT('',(-2.55,0.43,0.3));
#5499 = DIRECTION('',(1.,9.95799250103E-17,0.));
#5500 = DIRECTION('',(0.,-0.,1.));
#5501 = ADVANCED_FACE('',(#5502),#5513,.F.);
#5502 = FACE_BOUND('',#5503,.F.);
#5503 = EDGE_LOOP('',(#5504,#5510,#5511,#5512));
#5504 = ORIENTED_EDGE('',*,*,#5505,.T.);
#5505 = EDGE_CURVE('',#4895,#4672,#5506,.T.);
#5506 = LINE('',#5507,#5508);
#5507 = CARTESIAN_POINT('',(-2.65,0.43,0.2));
#5508 = VECTOR('',#5509,1.);
#5509 = DIRECTION('',(-9.95799250103E-17,1.,0.));
#5510 = ORIENTED_EDGE('',*,*,#4679,.T.);
#5511 = ORIENTED_EDGE('',*,*,#5488,.F.);
#5512 = ORIENTED_EDGE('',*,*,#4902,.F.);
#5513 = CYLINDRICAL_SURFACE('',#5514,0.1);
#5514 = AXIS2_PLACEMENT_3D('',#5515,#5516,#5517);
#5515 = CARTESIAN_POINT('',(-2.65,0.43,0.3));
#5516 = DIRECTION('',(9.95799250103E-17,-1.,0.));
#5517 = DIRECTION('',(0.,-0.,-1.));
#5518 = ADVANCED_FACE('',(#5519),#5530,.F.);
#5519 = FACE_BOUND('',#5520,.F.);
#5520 = EDGE_LOOP('',(#5521,#5527,#5528,#5529));
#5521 = ORIENTED_EDGE('',*,*,#5522,.T.);
#5522 = EDGE_CURVE('',#4887,#4664,#5523,.T.);
#5523 = LINE('',#5524,#5525);
#5524 = CARTESIAN_POINT('',(-3.,0.43,0.2));
#5525 = VECTOR('',#5526,1.);
#5526 = DIRECTION('',(-9.95799250103E-17,1.,0.));
#5527 = ORIENTED_EDGE('',*,*,#4671,.T.);
#5528 = ORIENTED_EDGE('',*,*,#5505,.F.);
#5529 = ORIENTED_EDGE('',*,*,#4894,.F.);
#5530 = PLANE('',#5531);
#5531 = AXIS2_PLACEMENT_3D('',#5532,#5533,#5534);
#5532 = CARTESIAN_POINT('',(-3.,0.43,0.2));
#5533 = DIRECTION('',(-0.,0.,-1.));
#5534 = DIRECTION('',(1.,9.95799250103E-17,0.));
#5535 = ADVANCED_FACE('',(#5536),#5547,.F.);
#5536 = FACE_BOUND('',#5537,.F.);
#5537 = EDGE_LOOP('',(#5538,#5544,#5545,#5546));
#5538 = ORIENTED_EDGE('',*,*,#5539,.T.);
#5539 = EDGE_CURVE('',#4879,#4656,#5540,.T.);
#5540 = LINE('',#5541,#5542);
#5541 = CARTESIAN_POINT('',(-3.,0.43,5.551115123126E-17));
#5542 = VECTOR('',#5543,1.);
#5543 = DIRECTION('',(-9.95799250103E-17,1.,0.));
#5544 = ORIENTED_EDGE('',*,*,#4663,.T.);
#5545 = ORIENTED_EDGE('',*,*,#5522,.F.);
#5546 = ORIENTED_EDGE('',*,*,#4886,.F.);
#5547 = PLANE('',#5548);
#5548 = AXIS2_PLACEMENT_3D('',#5549,#5550,#5551);
#5549 = CARTESIAN_POINT('',(-3.,0.43,5.551115123126E-17));
#5550 = DIRECTION('',(1.,9.95799250103E-17,0.));
#5551 = DIRECTION('',(0.,-0.,1.));
#5552 = ADVANCED_FACE('',(#5553),#5564,.F.);
#5553 = FACE_BOUND('',#5554,.F.);
#5554 = EDGE_LOOP('',(#5555,#5561,#5562,#5563));
#5555 = ORIENTED_EDGE('',*,*,#5556,.T.);
#5556 = EDGE_CURVE('',#4870,#4647,#5557,.T.);
#5557 = LINE('',#5558,#5559);
#5558 = CARTESIAN_POINT('',(-2.65,0.43,5.551115123126E-17));
#5559 = VECTOR('',#5560,1.);
#5560 = DIRECTION('',(-9.95799250103E-17,1.,0.));
#5561 = ORIENTED_EDGE('',*,*,#4655,.T.);
#5562 = ORIENTED_EDGE('',*,*,#5539,.F.);
#5563 = ORIENTED_EDGE('',*,*,#4878,.F.);
#5564 = PLANE('',#5565);
#5565 = AXIS2_PLACEMENT_3D('',#5566,#5567,#5568);
#5566 = CARTESIAN_POINT('',(-2.65,0.43,5.551115123126E-17));
#5567 = DIRECTION('',(0.,0.,1.));
#5568 = DIRECTION('',(-1.,-9.95799250103E-17,0.));
#5569 = ADVANCED_FACE('',(#5570),#5581,.T.);
#5570 = FACE_BOUND('',#5571,.T.);
#5571 = EDGE_LOOP('',(#5572,#5573,#5574,#5575));
#5572 = ORIENTED_EDGE('',*,*,#4869,.T.);
#5573 = ORIENTED_EDGE('',*,*,#5556,.T.);
#5574 = ORIENTED_EDGE('',*,*,#4646,.F.);
#5575 = ORIENTED_EDGE('',*,*,#5576,.F.);
#5576 = EDGE_CURVE('',#4862,#4639,#5577,.T.);
#5577 = LINE('',#5578,#5579);
#5578 = CARTESIAN_POINT('',(-2.35,0.43,0.3));
#5579 = VECTOR('',#5580,1.);
#5580 = DIRECTION('',(-9.95799250103E-17,1.,0.));
#5581 = CYLINDRICAL_SURFACE('',#5582,0.3);
#5582 = AXIS2_PLACEMENT_3D('',#5583,#5584,#5585);
#5583 = CARTESIAN_POINT('',(-2.65,0.43,0.3));
#5584 = DIRECTION('',(9.95799250103E-17,-1.,-0.));
#5585 = DIRECTION('',(1.,9.95799250103E-17,3.515706244646E-15));
#5586 = ADVANCED_FACE('',(#5587),#5593,.F.);
#5587 = FACE_BOUND('',#5588,.F.);
#5588 = EDGE_LOOP('',(#5589,#5590,#5591,#5592));
#5589 = ORIENTED_EDGE('',*,*,#4944,.T.);
#5590 = ORIENTED_EDGE('',*,*,#4638,.T.);
#5591 = ORIENTED_EDGE('',*,*,#5576,.F.);
#5592 = ORIENTED_EDGE('',*,*,#4861,.F.);
#5593 = PLANE('',#5594);
#5594 = AXIS2_PLACEMENT_3D('',#5595,#5596,#5597);
#5595 = CARTESIAN_POINT('',(-2.35,0.43,0.725));
#5596 = DIRECTION('',(-1.,-9.95799250103E-17,1.044915787883E-15));
#5597 = DIRECTION('',(-1.044915787883E-15,-1.040526357994E-31,-1.));
#5598 = ( GEOMETRIC_REPRESENTATION_CONTEXT(3) 
GLOBAL_UNCERTAINTY_ASSIGNED_CONTEXT((#5602)) 
GLOBAL_UNIT_ASSIGNED_CONTEXT((#5599,#5600,#5601)) REPRESENTATION_CONTEXT
('Context #1','3D Context with UNIT and UNCERTAINTY') );
#5599 = ( LENGTH_UNIT() NAMED_UNIT(*) SI_UNIT(.MILLI.,.METRE.) );
#5600 = ( NAMED_UNIT(*) PLANE_ANGLE_UNIT() SI_UNIT($,.RADIAN.) );
#5601 = ( NAMED_UNIT(*) SI_UNIT($,.STERADIAN.) SOLID_ANGLE_UNIT() );
#5602 = UNCERTAINTY_MEASURE_WITH_UNIT(LENGTH_MEASURE(2.E-06),#5599,
  'distance_accuracy_value','confusion accuracy');
#5603 = CONTEXT_DEPENDENT_SHAPE_REPRESENTATION(#5604,#5606);
#5604 = ( REPRESENTATION_RELATIONSHIP('','',#990,#967) 
REPRESENTATION_RELATIONSHIP_WITH_TRANSFORMATION(#5605) 
SHAPE_REPRESENTATION_RELATIONSHIP() );
#5605 = ITEM_DEFINED_TRANSFORMATION('','',#11,#968);
#5606 = PRODUCT_DEFINITION_SHAPE('Placement','Placement of an item',
  #5607);
#5607 = NEXT_ASSEMBLY_USAGE_OCCURRENCE('6','=>[0:1:1:5]','',#962,#985,$
  );
#5608 = PRODUCT_RELATED_PRODUCT_CATEGORY('part',$,(#987));
#5609 = CONTEXT_DEPENDENT_SHAPE_REPRESENTATION(#5610,#5612);
#5610 = ( REPRESENTATION_RELATIONSHIP('','',#56,#10) 
REPRESENTATION_RELATIONSHIP_WITH_TRANSFORMATION(#5611) 
SHAPE_REPRESENTATION_RELATIONSHIP() );
#5611 = ITEM_DEFINED_TRANSFORMATION('','',#11,#35);
#5612 = PRODUCT_DEFINITION_SHAPE('Placement','Placement of an item',
  #5613);
#5613 = NEXT_ASSEMBLY_USAGE_OCCURRENCE('8','C1','',#5,#51,$);
#5614 = SHAPE_DEFINITION_REPRESENTATION(#5615,#5621);
#5615 = PRODUCT_DEFINITION_SHAPE('','',#5616);
#5616 = PRODUCT_DEFINITION('design','',#5617,#5620);
#5617 = PRODUCT_DEFINITION_FORMATION('','',#5618);
#5618 = PRODUCT('algoritmi_motor_buttons_kicad_PCB',
  'algoritmi_motor_buttons_kicad_PCB','',(#5619));
#5619 = PRODUCT_CONTEXT('',#2,'mechanical');
#5620 = PRODUCT_DEFINITION_CONTEXT('part definition',#2,'design');
#5621 = ADVANCED_BREP_SHAPE_REPRESENTATION('',(#11,#5622),#6377);
#5622 = MANIFOLD_SOLID_BREP('',#5623);
#5623 = CLOSED_SHELL('',(#5624,#5657,#5864,#6071,#6088,#6105,#6122,#6139
    ,#6156,#6173,#6190,#6207,#6224,#6241,#6258,#6275,#6292,#6309,#6326,
    #6343,#6360));
#5624 = ADVANCED_FACE('',(#5625),#5652,.T.);
#5625 = FACE_BOUND('',#5626,.F.);
#5626 = EDGE_LOOP('',(#5627,#5637,#5644,#5645));
#5627 = ORIENTED_EDGE('',*,*,#5628,.T.);
#5628 = EDGE_CURVE('',#5629,#5631,#5633,.T.);
#5629 = VERTEX_POINT('',#5630);
#5630 = CARTESIAN_POINT('',(167.876217,-90.730772,0.));
#5631 = VERTEX_POINT('',#5632);
#5632 = CARTESIAN_POINT('',(167.876217,-90.730772,1.6));
#5633 = LINE('',#5634,#5635);
#5634 = CARTESIAN_POINT('',(167.876217,-90.730772,0.));
#5635 = VECTOR('',#5636,1.);
#5636 = DIRECTION('',(0.,0.,1.));
#5637 = ORIENTED_EDGE('',*,*,#5638,.T.);
#5638 = EDGE_CURVE('',#5631,#5631,#5639,.T.);
#5639 = CIRCLE('',#5640,25.);
#5640 = AXIS2_PLACEMENT_3D('',#5641,#5642,#5643);
#5641 = CARTESIAN_POINT('',(142.876217,-90.730772,1.6));
#5642 = DIRECTION('',(0.,0.,1.));
#5643 = DIRECTION('',(1.,0.,-0.));
#5644 = ORIENTED_EDGE('',*,*,#5628,.F.);
#5645 = ORIENTED_EDGE('',*,*,#5646,.F.);
#5646 = EDGE_CURVE('',#5629,#5629,#5647,.T.);
#5647 = CIRCLE('',#5648,25.);
#5648 = AXIS2_PLACEMENT_3D('',#5649,#5650,#5651);
#5649 = CARTESIAN_POINT('',(142.876217,-90.730772,0.));
#5650 = DIRECTION('',(0.,0.,1.));
#5651 = DIRECTION('',(1.,0.,-0.));
#5652 = CYLINDRICAL_SURFACE('',#5653,25.);
#5653 = AXIS2_PLACEMENT_3D('',#5654,#5655,#5656);
#5654 = CARTESIAN_POINT('',(142.876217,-90.730772,0.));
#5655 = DIRECTION('',(-0.,-0.,-1.));
#5656 = DIRECTION('',(1.,0.,-0.));
#5657 = ADVANCED_FACE('',(#5658,#5661,#5672,#5683,#5694,#5705,#5716,
    #5727,#5738,#5749,#5760,#5771,#5782,#5793,#5804,#5815,#5826,#5837,
    #5848),#5859,.F.);
#5658 = FACE_BOUND('',#5659,.F.);
#5659 = EDGE_LOOP('',(#5660));
#5660 = ORIENTED_EDGE('',*,*,#5646,.T.);
#5661 = FACE_BOUND('',#5662,.F.);
#5662 = EDGE_LOOP('',(#5663));
#5663 = ORIENTED_EDGE('',*,*,#5664,.F.);
#5664 = EDGE_CURVE('',#5665,#5665,#5667,.T.);
#5665 = VERTEX_POINT('',#5666);
#5666 = CARTESIAN_POINT('',(131.,-105.4,0.));
#5667 = CIRCLE('',#5668,1.2);
#5668 = AXIS2_PLACEMENT_3D('',#5669,#5670,#5671);
#5669 = CARTESIAN_POINT('',(129.8,-105.4,0.));
#5670 = DIRECTION('',(0.,0.,1.));
#5671 = DIRECTION('',(1.,0.,-0.));
#5672 = FACE_BOUND('',#5673,.F.);
#5673 = EDGE_LOOP('',(#5674));
#5674 = ORIENTED_EDGE('',*,*,#5675,.T.);
#5675 = EDGE_CURVE('',#5676,#5676,#5678,.T.);
#5676 = VERTEX_POINT('',#5677);
#5677 = CARTESIAN_POINT('',(140.31,-112.34,0.));
#5678 = CIRCLE('',#5679,0.54);
#5679 = AXIS2_PLACEMENT_3D('',#5680,#5681,#5682);
#5680 = CARTESIAN_POINT('',(140.31,-111.8,0.));
#5681 = DIRECTION('',(-0.,0.,-1.));
#5682 = DIRECTION('',(-0.,-1.,0.));
#5683 = FACE_BOUND('',#5684,.F.);
#5684 = EDGE_LOOP('',(#5685));
#5685 = ORIENTED_EDGE('',*,*,#5686,.T.);
#5686 = EDGE_CURVE('',#5687,#5687,#5689,.T.);
#5687 = VERTEX_POINT('',#5688);
#5688 = CARTESIAN_POINT('',(142.85,-112.34,0.));
#5689 = CIRCLE('',#5690,0.54);
#5690 = AXIS2_PLACEMENT_3D('',#5691,#5692,#5693);
#5691 = CARTESIAN_POINT('',(142.85,-111.8,0.));
#5692 = DIRECTION('',(-0.,0.,-1.));
#5693 = DIRECTION('',(-0.,-1.,0.));
#5694 = FACE_BOUND('',#5695,.F.);
#5695 = EDGE_LOOP('',(#5696));
#5696 = ORIENTED_EDGE('',*,*,#5697,.T.);
#5697 = EDGE_CURVE('',#5698,#5698,#5700,.T.);
#5698 = VERTEX_POINT('',#5699);
#5699 = CARTESIAN_POINT('',(121.8,-93.78,0.));
#5700 = CIRCLE('',#5701,0.54);
#5701 = AXIS2_PLACEMENT_3D('',#5702,#5703,#5704);
#5702 = CARTESIAN_POINT('',(121.8,-93.24,0.));
#5703 = DIRECTION('',(-0.,0.,-1.));
#5704 = DIRECTION('',(-2.631639762074E-14,-1.,0.));
#5705 = FACE_BOUND('',#5706,.F.);
#5706 = EDGE_LOOP('',(#5707));
#5707 = ORIENTED_EDGE('',*,*,#5708,.F.);
#5708 = EDGE_CURVE('',#5709,#5709,#5711,.T.);
#5709 = VERTEX_POINT('',#5710);
#5710 = CARTESIAN_POINT('',(133.526217,-90.730772,0.));
#5711 = CIRCLE('',#5712,0.9);
#5712 = AXIS2_PLACEMENT_3D('',#5713,#5714,#5715);
#5713 = CARTESIAN_POINT('',(132.626217,-90.730772,0.));
#5714 = DIRECTION('',(0.,0.,1.));
#5715 = DIRECTION('',(1.,0.,-0.));
#5716 = FACE_BOUND('',#5717,.F.);
#5717 = EDGE_LOOP('',(#5718));
#5718 = ORIENTED_EDGE('',*,*,#5719,.T.);
#5719 = EDGE_CURVE('',#5720,#5720,#5722,.T.);
#5720 = VERTEX_POINT('',#5721);
#5721 = CARTESIAN_POINT('',(145.39,-112.34,0.));
#5722 = CIRCLE('',#5723,0.54);
#5723 = AXIS2_PLACEMENT_3D('',#5724,#5725,#5726);
#5724 = CARTESIAN_POINT('',(145.39,-111.8,0.));
#5725 = DIRECTION('',(-0.,0.,-1.));
#5726 = DIRECTION('',(-0.,-1.,0.));
#5727 = FACE_BOUND('',#5728,.F.);
#5728 = EDGE_LOOP('',(#5729));
#5729 = ORIENTED_EDGE('',*,*,#5730,.F.);
#5730 = EDGE_CURVE('',#5731,#5731,#5733,.T.);
#5731 = VERTEX_POINT('',#5732);
#5732 = CARTESIAN_POINT('',(158.85,-105.45,0.));
#5733 = CIRCLE('',#5734,1.2);
#5734 = AXIS2_PLACEMENT_3D('',#5735,#5736,#5737);
#5735 = CARTESIAN_POINT('',(157.65,-105.45,0.));
#5736 = DIRECTION('',(0.,0.,1.));
#5737 = DIRECTION('',(1.,0.,-0.));
#5738 = FACE_BOUND('',#5739,.F.);
#5739 = EDGE_LOOP('',(#5740));
#5740 = ORIENTED_EDGE('',*,*,#5741,.F.);
#5741 = EDGE_CURVE('',#5742,#5742,#5744,.T.);
#5742 = VERTEX_POINT('',#5743);
#5743 = CARTESIAN_POINT('',(148.900077,-99.609269,0.));
#5744 = CIRCLE('',#5745,0.9);
#5745 = AXIS2_PLACEMENT_3D('',#5746,#5747,#5748);
#5746 = CARTESIAN_POINT('',(148.000077,-99.609269,0.));
#5747 = DIRECTION('',(0.,0.,1.));
#5748 = DIRECTION('',(1.,0.,-0.));
#5749 = FACE_BOUND('',#5750,.F.);
#5750 = EDGE_LOOP('',(#5751));
#5751 = ORIENTED_EDGE('',*,*,#5752,.T.);
#5752 = EDGE_CURVE('',#5753,#5753,#5755,.T.);
#5753 = VERTEX_POINT('',#5754);
#5754 = CARTESIAN_POINT('',(163.95,-93.78,0.));
#5755 = CIRCLE('',#5756,0.54);
#5756 = AXIS2_PLACEMENT_3D('',#5757,#5758,#5759);
#5757 = CARTESIAN_POINT('',(163.95,-93.24,0.));
#5758 = DIRECTION('',(-0.,0.,-1.));
#5759 = DIRECTION('',(-0.,-1.,0.));
#5760 = FACE_BOUND('',#5761,.F.);
#5761 = EDGE_LOOP('',(#5762));
#5762 = ORIENTED_EDGE('',*,*,#5763,.T.);
#5763 = EDGE_CURVE('',#5764,#5764,#5766,.T.);
#5764 = VERTEX_POINT('',#5765);
#5765 = CARTESIAN_POINT('',(121.8,-91.24,0.));
#5766 = CIRCLE('',#5767,0.54);
#5767 = AXIS2_PLACEMENT_3D('',#5768,#5769,#5770);
#5768 = CARTESIAN_POINT('',(121.8,-90.7,0.));
#5769 = DIRECTION('',(-0.,0.,-1.));
#5770 = DIRECTION('',(-2.631639762075E-14,-1.,0.));
#5771 = FACE_BOUND('',#5772,.F.);
#5772 = EDGE_LOOP('',(#5773));
#5773 = ORIENTED_EDGE('',*,*,#5774,.T.);
#5774 = EDGE_CURVE('',#5775,#5775,#5777,.T.);
#5775 = VERTEX_POINT('',#5776);
#5776 = CARTESIAN_POINT('',(121.8,-88.7,0.));
#5777 = CIRCLE('',#5778,0.54);
#5778 = AXIS2_PLACEMENT_3D('',#5779,#5780,#5781);
#5779 = CARTESIAN_POINT('',(121.8,-88.16,0.));
#5780 = DIRECTION('',(-0.,0.,-1.));
#5781 = DIRECTION('',(-2.631639762075E-14,-1.,0.));
#5782 = FACE_BOUND('',#5783,.F.);
#5783 = EDGE_LOOP('',(#5784));
#5784 = ORIENTED_EDGE('',*,*,#5785,.T.);
#5785 = EDGE_CURVE('',#5786,#5786,#5788,.T.);
#5786 = VERTEX_POINT('',#5787);
#5787 = CARTESIAN_POINT('',(140.36,-70.19,0.));
#5788 = CIRCLE('',#5789,0.54);
#5789 = AXIS2_PLACEMENT_3D('',#5790,#5791,#5792);
#5790 = CARTESIAN_POINT('',(140.36,-69.65,0.));
#5791 = DIRECTION('',(-0.,0.,-1.));
#5792 = DIRECTION('',(-0.,-1.,0.));
#5793 = FACE_BOUND('',#5794,.F.);
#5794 = EDGE_LOOP('',(#5795));
#5795 = ORIENTED_EDGE('',*,*,#5796,.F.);
#5796 = EDGE_CURVE('',#5797,#5797,#5799,.T.);
#5797 = VERTEX_POINT('',#5798);
#5798 = CARTESIAN_POINT('',(148.906989,-81.854555,0.));
#5799 = CIRCLE('',#5800,0.9);
#5800 = AXIS2_PLACEMENT_3D('',#5801,#5802,#5803);
#5801 = CARTESIAN_POINT('',(148.006989,-81.854555,0.));
#5802 = DIRECTION('',(0.,0.,1.));
#5803 = DIRECTION('',(1.,0.,-0.));
#5804 = FACE_BOUND('',#5805,.F.);
#5805 = EDGE_LOOP('',(#5806));
#5806 = ORIENTED_EDGE('',*,*,#5807,.T.);
#5807 = EDGE_CURVE('',#5808,#5808,#5810,.T.);
#5808 = VERTEX_POINT('',#5809);
#5809 = CARTESIAN_POINT('',(163.95,-91.24,0.));
#5810 = CIRCLE('',#5811,0.54);
#5811 = AXIS2_PLACEMENT_3D('',#5812,#5813,#5814);
#5812 = CARTESIAN_POINT('',(163.95,-90.7,0.));
#5813 = DIRECTION('',(-0.,0.,-1.));
#5814 = DIRECTION('',(-0.,-1.,0.));
#5815 = FACE_BOUND('',#5816,.F.);
#5816 = EDGE_LOOP('',(#5817));
#5817 = ORIENTED_EDGE('',*,*,#5818,.T.);
#5818 = EDGE_CURVE('',#5819,#5819,#5821,.T.);
#5819 = VERTEX_POINT('',#5820);
#5820 = CARTESIAN_POINT('',(163.95,-88.7,0.));
#5821 = CIRCLE('',#5822,0.54);
#5822 = AXIS2_PLACEMENT_3D('',#5823,#5824,#5825);
#5823 = CARTESIAN_POINT('',(163.95,-88.16,0.));
#5824 = DIRECTION('',(-0.,0.,-1.));
#5825 = DIRECTION('',(-0.,-1.,0.));
#5826 = FACE_BOUND('',#5827,.F.);
#5827 = EDGE_LOOP('',(#5828));
#5828 = ORIENTED_EDGE('',*,*,#5829,.T.);
#5829 = EDGE_CURVE('',#5830,#5830,#5832,.T.);
#5830 = VERTEX_POINT('',#5831);
#5831 = CARTESIAN_POINT('',(142.9,-70.19,0.));
#5832 = CIRCLE('',#5833,0.54);
#5833 = AXIS2_PLACEMENT_3D('',#5834,#5835,#5836);
#5834 = CARTESIAN_POINT('',(142.9,-69.65,0.));
#5835 = DIRECTION('',(-0.,0.,-1.));
#5836 = DIRECTION('',(-0.,-1.,0.));
#5837 = FACE_BOUND('',#5838,.F.);
#5838 = EDGE_LOOP('',(#5839));
#5839 = ORIENTED_EDGE('',*,*,#5840,.T.);
#5840 = EDGE_CURVE('',#5841,#5841,#5843,.T.);
#5841 = VERTEX_POINT('',#5842);
#5842 = CARTESIAN_POINT('',(145.44,-70.19,0.));
#5843 = CIRCLE('',#5844,0.54);
#5844 = AXIS2_PLACEMENT_3D('',#5845,#5846,#5847);
#5845 = CARTESIAN_POINT('',(145.44,-69.65,0.));
#5846 = DIRECTION('',(-0.,0.,-1.));
#5847 = DIRECTION('',(-0.,-1.,0.));
#5848 = FACE_BOUND('',#5849,.F.);
#5849 = EDGE_LOOP('',(#5850));
#5850 = ORIENTED_EDGE('',*,*,#5851,.F.);
#5851 = EDGE_CURVE('',#5852,#5852,#5854,.T.);
#5852 = VERTEX_POINT('',#5853);
#5853 = CARTESIAN_POINT('',(158.95,-76.15,0.));
#5854 = CIRCLE('',#5855,1.2);
#5855 = AXIS2_PLACEMENT_3D('',#5856,#5857,#5858);
#5856 = CARTESIAN_POINT('',(157.75,-76.15,0.));
#5857 = DIRECTION('',(0.,0.,1.));
#5858 = DIRECTION('',(1.,0.,-0.));
#5859 = PLANE('',#5860);
#5860 = AXIS2_PLACEMENT_3D('',#5861,#5862,#5863);
#5861 = CARTESIAN_POINT('',(0.,0.,0.));
#5862 = DIRECTION('',(0.,0.,1.));
#5863 = DIRECTION('',(1.,0.,-0.));
#5864 = ADVANCED_FACE('',(#5865,#5868,#5879,#5890,#5901,#5912,#5923,
    #5934,#5945,#5956,#5967,#5978,#5989,#6000,#6011,#6022,#6033,#6044,
    #6055),#6066,.T.);
#5865 = FACE_BOUND('',#5866,.T.);
#5866 = EDGE_LOOP('',(#5867));
#5867 = ORIENTED_EDGE('',*,*,#5638,.T.);
#5868 = FACE_BOUND('',#5869,.T.);
#5869 = EDGE_LOOP('',(#5870));
#5870 = ORIENTED_EDGE('',*,*,#5871,.F.);
#5871 = EDGE_CURVE('',#5872,#5872,#5874,.T.);
#5872 = VERTEX_POINT('',#5873);
#5873 = CARTESIAN_POINT('',(131.,-105.4,1.6));
#5874 = CIRCLE('',#5875,1.2);
#5875 = AXIS2_PLACEMENT_3D('',#5876,#5877,#5878);
#5876 = CARTESIAN_POINT('',(129.8,-105.4,1.6));
#5877 = DIRECTION('',(0.,0.,1.));
#5878 = DIRECTION('',(1.,0.,-0.));
#5879 = FACE_BOUND('',#5880,.T.);
#5880 = EDGE_LOOP('',(#5881));
#5881 = ORIENTED_EDGE('',*,*,#5882,.T.);
#5882 = EDGE_CURVE('',#5883,#5883,#5885,.T.);
#5883 = VERTEX_POINT('',#5884);
#5884 = CARTESIAN_POINT('',(140.31,-112.34,1.6));
#5885 = CIRCLE('',#5886,0.54);
#5886 = AXIS2_PLACEMENT_3D('',#5887,#5888,#5889);
#5887 = CARTESIAN_POINT('',(140.31,-111.8,1.6));
#5888 = DIRECTION('',(-0.,0.,-1.));
#5889 = DIRECTION('',(-0.,-1.,0.));
#5890 = FACE_BOUND('',#5891,.T.);
#5891 = EDGE_LOOP('',(#5892));
#5892 = ORIENTED_EDGE('',*,*,#5893,.T.);
#5893 = EDGE_CURVE('',#5894,#5894,#5896,.T.);
#5894 = VERTEX_POINT('',#5895);
#5895 = CARTESIAN_POINT('',(142.85,-112.34,1.6));
#5896 = CIRCLE('',#5897,0.54);
#5897 = AXIS2_PLACEMENT_3D('',#5898,#5899,#5900);
#5898 = CARTESIAN_POINT('',(142.85,-111.8,1.6));
#5899 = DIRECTION('',(-0.,0.,-1.));
#5900 = DIRECTION('',(-0.,-1.,0.));
#5901 = FACE_BOUND('',#5902,.T.);
#5902 = EDGE_LOOP('',(#5903));
#5903 = ORIENTED_EDGE('',*,*,#5904,.T.);
#5904 = EDGE_CURVE('',#5905,#5905,#5907,.T.);
#5905 = VERTEX_POINT('',#5906);
#5906 = CARTESIAN_POINT('',(121.8,-93.78,1.6));
#5907 = CIRCLE('',#5908,0.54);
#5908 = AXIS2_PLACEMENT_3D('',#5909,#5910,#5911);
#5909 = CARTESIAN_POINT('',(121.8,-93.24,1.6));
#5910 = DIRECTION('',(-0.,0.,-1.));
#5911 = DIRECTION('',(-2.631639762074E-14,-1.,0.));
#5912 = FACE_BOUND('',#5913,.T.);
#5913 = EDGE_LOOP('',(#5914));
#5914 = ORIENTED_EDGE('',*,*,#5915,.F.);
#5915 = EDGE_CURVE('',#5916,#5916,#5918,.T.);
#5916 = VERTEX_POINT('',#5917);
#5917 = CARTESIAN_POINT('',(133.526217,-90.730772,1.6));
#5918 = CIRCLE('',#5919,0.9);
#5919 = AXIS2_PLACEMENT_3D('',#5920,#5921,#5922);
#5920 = CARTESIAN_POINT('',(132.626217,-90.730772,1.6));
#5921 = DIRECTION('',(0.,0.,1.));
#5922 = DIRECTION('',(1.,0.,-0.));
#5923 = FACE_BOUND('',#5924,.T.);
#5924 = EDGE_LOOP('',(#5925));
#5925 = ORIENTED_EDGE('',*,*,#5926,.T.);
#5926 = EDGE_CURVE('',#5927,#5927,#5929,.T.);
#5927 = VERTEX_POINT('',#5928);
#5928 = CARTESIAN_POINT('',(145.39,-112.34,1.6));
#5929 = CIRCLE('',#5930,0.54);
#5930 = AXIS2_PLACEMENT_3D('',#5931,#5932,#5933);
#5931 = CARTESIAN_POINT('',(145.39,-111.8,1.6));
#5932 = DIRECTION('',(-0.,0.,-1.));
#5933 = DIRECTION('',(-0.,-1.,0.));
#5934 = FACE_BOUND('',#5935,.T.);
#5935 = EDGE_LOOP('',(#5936));
#5936 = ORIENTED_EDGE('',*,*,#5937,.F.);
#5937 = EDGE_CURVE('',#5938,#5938,#5940,.T.);
#5938 = VERTEX_POINT('',#5939);
#5939 = CARTESIAN_POINT('',(158.85,-105.45,1.6));
#5940 = CIRCLE('',#5941,1.2);
#5941 = AXIS2_PLACEMENT_3D('',#5942,#5943,#5944);
#5942 = CARTESIAN_POINT('',(157.65,-105.45,1.6));
#5943 = DIRECTION('',(0.,0.,1.));
#5944 = DIRECTION('',(1.,0.,-0.));
#5945 = FACE_BOUND('',#5946,.T.);
#5946 = EDGE_LOOP('',(#5947));
#5947 = ORIENTED_EDGE('',*,*,#5948,.F.);
#5948 = EDGE_CURVE('',#5949,#5949,#5951,.T.);
#5949 = VERTEX_POINT('',#5950);
#5950 = CARTESIAN_POINT('',(148.900077,-99.609269,1.6));
#5951 = CIRCLE('',#5952,0.9);
#5952 = AXIS2_PLACEMENT_3D('',#5953,#5954,#5955);
#5953 = CARTESIAN_POINT('',(148.000077,-99.609269,1.6));
#5954 = DIRECTION('',(0.,0.,1.));
#5955 = DIRECTION('',(1.,0.,-0.));
#5956 = FACE_BOUND('',#5957,.T.);
#5957 = EDGE_LOOP('',(#5958));
#5958 = ORIENTED_EDGE('',*,*,#5959,.T.);
#5959 = EDGE_CURVE('',#5960,#5960,#5962,.T.);
#5960 = VERTEX_POINT('',#5961);
#5961 = CARTESIAN_POINT('',(163.95,-93.78,1.6));
#5962 = CIRCLE('',#5963,0.54);
#5963 = AXIS2_PLACEMENT_3D('',#5964,#5965,#5966);
#5964 = CARTESIAN_POINT('',(163.95,-93.24,1.6));
#5965 = DIRECTION('',(-0.,0.,-1.));
#5966 = DIRECTION('',(-0.,-1.,0.));
#5967 = FACE_BOUND('',#5968,.T.);
#5968 = EDGE_LOOP('',(#5969));
#5969 = ORIENTED_EDGE('',*,*,#5970,.T.);
#5970 = EDGE_CURVE('',#5971,#5971,#5973,.T.);
#5971 = VERTEX_POINT('',#5972);
#5972 = CARTESIAN_POINT('',(121.8,-91.24,1.6));
#5973 = CIRCLE('',#5974,0.54);
#5974 = AXIS2_PLACEMENT_3D('',#5975,#5976,#5977);
#5975 = CARTESIAN_POINT('',(121.8,-90.7,1.6));
#5976 = DIRECTION('',(-0.,0.,-1.));
#5977 = DIRECTION('',(-2.631639762075E-14,-1.,0.));
#5978 = FACE_BOUND('',#5979,.T.);
#5979 = EDGE_LOOP('',(#5980));
#5980 = ORIENTED_EDGE('',*,*,#5981,.T.);
#5981 = EDGE_CURVE('',#5982,#5982,#5984,.T.);
#5982 = VERTEX_POINT('',#5983);
#5983 = CARTESIAN_POINT('',(121.8,-88.7,1.6));
#5984 = CIRCLE('',#5985,0.54);
#5985 = AXIS2_PLACEMENT_3D('',#5986,#5987,#5988);
#5986 = CARTESIAN_POINT('',(121.8,-88.16,1.6));
#5987 = DIRECTION('',(-0.,0.,-1.));
#5988 = DIRECTION('',(-2.631639762075E-14,-1.,0.));
#5989 = FACE_BOUND('',#5990,.T.);
#5990 = EDGE_LOOP('',(#5991));
#5991 = ORIENTED_EDGE('',*,*,#5992,.T.);
#5992 = EDGE_CURVE('',#5993,#5993,#5995,.T.);
#5993 = VERTEX_POINT('',#5994);
#5994 = CARTESIAN_POINT('',(140.36,-70.19,1.6));
#5995 = CIRCLE('',#5996,0.54);
#5996 = AXIS2_PLACEMENT_3D('',#5997,#5998,#5999);
#5997 = CARTESIAN_POINT('',(140.36,-69.65,1.6));
#5998 = DIRECTION('',(-0.,0.,-1.));
#5999 = DIRECTION('',(-0.,-1.,0.));
#6000 = FACE_BOUND('',#6001,.T.);
#6001 = EDGE_LOOP('',(#6002));
#6002 = ORIENTED_EDGE('',*,*,#6003,.F.);
#6003 = EDGE_CURVE('',#6004,#6004,#6006,.T.);
#6004 = VERTEX_POINT('',#6005);
#6005 = CARTESIAN_POINT('',(148.906989,-81.854555,1.6));
#6006 = CIRCLE('',#6007,0.9);
#6007 = AXIS2_PLACEMENT_3D('',#6008,#6009,#6010);
#6008 = CARTESIAN_POINT('',(148.006989,-81.854555,1.6));
#6009 = DIRECTION('',(0.,0.,1.));
#6010 = DIRECTION('',(1.,0.,-0.));
#6011 = FACE_BOUND('',#6012,.T.);
#6012 = EDGE_LOOP('',(#6013));
#6013 = ORIENTED_EDGE('',*,*,#6014,.T.);
#6014 = EDGE_CURVE('',#6015,#6015,#6017,.T.);
#6015 = VERTEX_POINT('',#6016);
#6016 = CARTESIAN_POINT('',(163.95,-91.24,1.6));
#6017 = CIRCLE('',#6018,0.54);
#6018 = AXIS2_PLACEMENT_3D('',#6019,#6020,#6021);
#6019 = CARTESIAN_POINT('',(163.95,-90.7,1.6));
#6020 = DIRECTION('',(-0.,0.,-1.));
#6021 = DIRECTION('',(-0.,-1.,0.));
#6022 = FACE_BOUND('',#6023,.T.);
#6023 = EDGE_LOOP('',(#6024));
#6024 = ORIENTED_EDGE('',*,*,#6025,.T.);
#6025 = EDGE_CURVE('',#6026,#6026,#6028,.T.);
#6026 = VERTEX_POINT('',#6027);
#6027 = CARTESIAN_POINT('',(163.95,-88.7,1.6));
#6028 = CIRCLE('',#6029,0.54);
#6029 = AXIS2_PLACEMENT_3D('',#6030,#6031,#6032);
#6030 = CARTESIAN_POINT('',(163.95,-88.16,1.6));
#6031 = DIRECTION('',(-0.,0.,-1.));
#6032 = DIRECTION('',(-0.,-1.,0.));
#6033 = FACE_BOUND('',#6034,.T.);
#6034 = EDGE_LOOP('',(#6035));
#6035 = ORIENTED_EDGE('',*,*,#6036,.T.);
#6036 = EDGE_CURVE('',#6037,#6037,#6039,.T.);
#6037 = VERTEX_POINT('',#6038);
#6038 = CARTESIAN_POINT('',(142.9,-70.19,1.6));
#6039 = CIRCLE('',#6040,0.54);
#6040 = AXIS2_PLACEMENT_3D('',#6041,#6042,#6043);
#6041 = CARTESIAN_POINT('',(142.9,-69.65,1.6));
#6042 = DIRECTION('',(-0.,0.,-1.));
#6043 = DIRECTION('',(-0.,-1.,0.));
#6044 = FACE_BOUND('',#6045,.T.);
#6045 = EDGE_LOOP('',(#6046));
#6046 = ORIENTED_EDGE('',*,*,#6047,.T.);
#6047 = EDGE_CURVE('',#6048,#6048,#6050,.T.);
#6048 = VERTEX_POINT('',#6049);
#6049 = CARTESIAN_POINT('',(145.44,-70.19,1.6));
#6050 = CIRCLE('',#6051,0.54);
#6051 = AXIS2_PLACEMENT_3D('',#6052,#6053,#6054);
#6052 = CARTESIAN_POINT('',(145.44,-69.65,1.6));
#6053 = DIRECTION('',(-0.,0.,-1.));
#6054 = DIRECTION('',(-0.,-1.,0.));
#6055 = FACE_BOUND('',#6056,.T.);
#6056 = EDGE_LOOP('',(#6057));
#6057 = ORIENTED_EDGE('',*,*,#6058,.F.);
#6058 = EDGE_CURVE('',#6059,#6059,#6061,.T.);
#6059 = VERTEX_POINT('',#6060);
#6060 = CARTESIAN_POINT('',(158.95,-76.15,1.6));
#6061 = CIRCLE('',#6062,1.2);
#6062 = AXIS2_PLACEMENT_3D('',#6063,#6064,#6065);
#6063 = CARTESIAN_POINT('',(157.75,-76.15,1.6));
#6064 = DIRECTION('',(0.,0.,1.));
#6065 = DIRECTION('',(1.,0.,-0.));
#6066 = PLANE('',#6067);
#6067 = AXIS2_PLACEMENT_3D('',#6068,#6069,#6070);
#6068 = CARTESIAN_POINT('',(0.,0.,1.6));
#6069 = DIRECTION('',(0.,0.,1.));
#6070 = DIRECTION('',(1.,0.,-0.));
#6071 = ADVANCED_FACE('',(#6072),#6083,.F.);
#6072 = FACE_BOUND('',#6073,.T.);
#6073 = EDGE_LOOP('',(#6074,#6080,#6081,#6082));
#6074 = ORIENTED_EDGE('',*,*,#6075,.T.);
#6075 = EDGE_CURVE('',#5665,#5872,#6076,.T.);
#6076 = LINE('',#6077,#6078);
#6077 = CARTESIAN_POINT('',(131.,-105.4,0.));
#6078 = VECTOR('',#6079,1.);
#6079 = DIRECTION('',(0.,0.,1.));
#6080 = ORIENTED_EDGE('',*,*,#5871,.T.);
#6081 = ORIENTED_EDGE('',*,*,#6075,.F.);
#6082 = ORIENTED_EDGE('',*,*,#5664,.F.);
#6083 = CYLINDRICAL_SURFACE('',#6084,1.2);
#6084 = AXIS2_PLACEMENT_3D('',#6085,#6086,#6087);
#6085 = CARTESIAN_POINT('',(129.8,-105.4,0.));
#6086 = DIRECTION('',(-0.,-0.,-1.));
#6087 = DIRECTION('',(1.,0.,-0.));
#6088 = ADVANCED_FACE('',(#6089),#6100,.F.);
#6089 = FACE_BOUND('',#6090,.T.);
#6090 = EDGE_LOOP('',(#6091,#6092,#6098,#6099));
#6091 = ORIENTED_EDGE('',*,*,#5675,.T.);
#6092 = ORIENTED_EDGE('',*,*,#6093,.T.);
#6093 = EDGE_CURVE('',#5676,#5883,#6094,.T.);
#6094 = LINE('',#6095,#6096);
#6095 = CARTESIAN_POINT('',(140.31,-112.34,-4.5E-02));
#6096 = VECTOR('',#6097,1.);
#6097 = DIRECTION('',(0.,0.,1.));
#6098 = ORIENTED_EDGE('',*,*,#5882,.F.);
#6099 = ORIENTED_EDGE('',*,*,#6093,.F.);
#6100 = CYLINDRICAL_SURFACE('',#6101,0.54);
#6101 = AXIS2_PLACEMENT_3D('',#6102,#6103,#6104);
#6102 = CARTESIAN_POINT('',(140.31,-111.8,-4.5E-02));
#6103 = DIRECTION('',(-0.,-0.,-1.));
#6104 = DIRECTION('',(-0.,-1.,0.));
#6105 = ADVANCED_FACE('',(#6106),#6117,.F.);
#6106 = FACE_BOUND('',#6107,.T.);
#6107 = EDGE_LOOP('',(#6108,#6109,#6115,#6116));
#6108 = ORIENTED_EDGE('',*,*,#5686,.T.);
#6109 = ORIENTED_EDGE('',*,*,#6110,.T.);
#6110 = EDGE_CURVE('',#5687,#5894,#6111,.T.);
#6111 = LINE('',#6112,#6113);
#6112 = CARTESIAN_POINT('',(142.85,-112.34,-4.5E-02));
#6113 = VECTOR('',#6114,1.);
#6114 = DIRECTION('',(0.,0.,1.));
#6115 = ORIENTED_EDGE('',*,*,#5893,.F.);
#6116 = ORIENTED_EDGE('',*,*,#6110,.F.);
#6117 = CYLINDRICAL_SURFACE('',#6118,0.54);
#6118 = AXIS2_PLACEMENT_3D('',#6119,#6120,#6121);
#6119 = CARTESIAN_POINT('',(142.85,-111.8,-4.5E-02));
#6120 = DIRECTION('',(-0.,-0.,-1.));
#6121 = DIRECTION('',(-0.,-1.,0.));
#6122 = ADVANCED_FACE('',(#6123),#6134,.F.);
#6123 = FACE_BOUND('',#6124,.T.);
#6124 = EDGE_LOOP('',(#6125,#6126,#6132,#6133));
#6125 = ORIENTED_EDGE('',*,*,#5697,.T.);
#6126 = ORIENTED_EDGE('',*,*,#6127,.T.);
#6127 = EDGE_CURVE('',#5698,#5905,#6128,.T.);
#6128 = LINE('',#6129,#6130);
#6129 = CARTESIAN_POINT('',(121.8,-93.78,-4.5E-02));
#6130 = VECTOR('',#6131,1.);
#6131 = DIRECTION('',(0.,0.,1.));
#6132 = ORIENTED_EDGE('',*,*,#5904,.F.);
#6133 = ORIENTED_EDGE('',*,*,#6127,.F.);
#6134 = CYLINDRICAL_SURFACE('',#6135,0.54);
#6135 = AXIS2_PLACEMENT_3D('',#6136,#6137,#6138);
#6136 = CARTESIAN_POINT('',(121.8,-93.24,-4.5E-02));
#6137 = DIRECTION('',(-0.,-0.,-1.));
#6138 = DIRECTION('',(-2.631639762074E-14,-1.,0.));
#6139 = ADVANCED_FACE('',(#6140),#6151,.F.);
#6140 = FACE_BOUND('',#6141,.T.);
#6141 = EDGE_LOOP('',(#6142,#6148,#6149,#6150));
#6142 = ORIENTED_EDGE('',*,*,#6143,.T.);
#6143 = EDGE_CURVE('',#5709,#5916,#6144,.T.);
#6144 = LINE('',#6145,#6146);
#6145 = CARTESIAN_POINT('',(133.526217,-90.730772,0.));
#6146 = VECTOR('',#6147,1.);
#6147 = DIRECTION('',(0.,0.,1.));
#6148 = ORIENTED_EDGE('',*,*,#5915,.T.);
#6149 = ORIENTED_EDGE('',*,*,#6143,.F.);
#6150 = ORIENTED_EDGE('',*,*,#5708,.F.);
#6151 = CYLINDRICAL_SURFACE('',#6152,0.9);
#6152 = AXIS2_PLACEMENT_3D('',#6153,#6154,#6155);
#6153 = CARTESIAN_POINT('',(132.626217,-90.730772,0.));
#6154 = DIRECTION('',(-0.,-0.,-1.));
#6155 = DIRECTION('',(1.,0.,-0.));
#6156 = ADVANCED_FACE('',(#6157),#6168,.F.);
#6157 = FACE_BOUND('',#6158,.T.);
#6158 = EDGE_LOOP('',(#6159,#6160,#6166,#6167));
#6159 = ORIENTED_EDGE('',*,*,#5719,.T.);
#6160 = ORIENTED_EDGE('',*,*,#6161,.T.);
#6161 = EDGE_CURVE('',#5720,#5927,#6162,.T.);
#6162 = LINE('',#6163,#6164);
#6163 = CARTESIAN_POINT('',(145.39,-112.34,-4.5E-02));
#6164 = VECTOR('',#6165,1.);
#6165 = DIRECTION('',(0.,0.,1.));
#6166 = ORIENTED_EDGE('',*,*,#5926,.F.);
#6167 = ORIENTED_EDGE('',*,*,#6161,.F.);
#6168 = CYLINDRICAL_SURFACE('',#6169,0.54);
#6169 = AXIS2_PLACEMENT_3D('',#6170,#6171,#6172);
#6170 = CARTESIAN_POINT('',(145.39,-111.8,-4.5E-02));
#6171 = DIRECTION('',(-0.,-0.,-1.));
#6172 = DIRECTION('',(-0.,-1.,0.));
#6173 = ADVANCED_FACE('',(#6174),#6185,.F.);
#6174 = FACE_BOUND('',#6175,.T.);
#6175 = EDGE_LOOP('',(#6176,#6182,#6183,#6184));
#6176 = ORIENTED_EDGE('',*,*,#6177,.T.);
#6177 = EDGE_CURVE('',#5731,#5938,#6178,.T.);
#6178 = LINE('',#6179,#6180);
#6179 = CARTESIAN_POINT('',(158.85,-105.45,0.));
#6180 = VECTOR('',#6181,1.);
#6181 = DIRECTION('',(0.,0.,1.));
#6182 = ORIENTED_EDGE('',*,*,#5937,.T.);
#6183 = ORIENTED_EDGE('',*,*,#6177,.F.);
#6184 = ORIENTED_EDGE('',*,*,#5730,.F.);
#6185 = CYLINDRICAL_SURFACE('',#6186,1.2);
#6186 = AXIS2_PLACEMENT_3D('',#6187,#6188,#6189);
#6187 = CARTESIAN_POINT('',(157.65,-105.45,0.));
#6188 = DIRECTION('',(-0.,-0.,-1.));
#6189 = DIRECTION('',(1.,0.,-0.));
#6190 = ADVANCED_FACE('',(#6191),#6202,.F.);
#6191 = FACE_BOUND('',#6192,.T.);
#6192 = EDGE_LOOP('',(#6193,#6199,#6200,#6201));
#6193 = ORIENTED_EDGE('',*,*,#6194,.T.);
#6194 = EDGE_CURVE('',#5742,#5949,#6195,.T.);
#6195 = LINE('',#6196,#6197);
#6196 = CARTESIAN_POINT('',(148.900077,-99.609269,0.));
#6197 = VECTOR('',#6198,1.);
#6198 = DIRECTION('',(0.,0.,1.));
#6199 = ORIENTED_EDGE('',*,*,#5948,.T.);
#6200 = ORIENTED_EDGE('',*,*,#6194,.F.);
#6201 = ORIENTED_EDGE('',*,*,#5741,.F.);
#6202 = CYLINDRICAL_SURFACE('',#6203,0.9);
#6203 = AXIS2_PLACEMENT_3D('',#6204,#6205,#6206);
#6204 = CARTESIAN_POINT('',(148.000077,-99.609269,0.));
#6205 = DIRECTION('',(-0.,-0.,-1.));
#6206 = DIRECTION('',(1.,0.,-0.));
#6207 = ADVANCED_FACE('',(#6208),#6219,.F.);
#6208 = FACE_BOUND('',#6209,.T.);
#6209 = EDGE_LOOP('',(#6210,#6211,#6217,#6218));
#6210 = ORIENTED_EDGE('',*,*,#5752,.T.);
#6211 = ORIENTED_EDGE('',*,*,#6212,.T.);
#6212 = EDGE_CURVE('',#5753,#5960,#6213,.T.);
#6213 = LINE('',#6214,#6215);
#6214 = CARTESIAN_POINT('',(163.95,-93.78,-4.5E-02));
#6215 = VECTOR('',#6216,1.);
#6216 = DIRECTION('',(0.,0.,1.));
#6217 = ORIENTED_EDGE('',*,*,#5959,.F.);
#6218 = ORIENTED_EDGE('',*,*,#6212,.F.);
#6219 = CYLINDRICAL_SURFACE('',#6220,0.54);
#6220 = AXIS2_PLACEMENT_3D('',#6221,#6222,#6223);
#6221 = CARTESIAN_POINT('',(163.95,-93.24,-4.5E-02));
#6222 = DIRECTION('',(-0.,-0.,-1.));
#6223 = DIRECTION('',(-0.,-1.,0.));
#6224 = ADVANCED_FACE('',(#6225),#6236,.F.);
#6225 = FACE_BOUND('',#6226,.T.);
#6226 = EDGE_LOOP('',(#6227,#6228,#6234,#6235));
#6227 = ORIENTED_EDGE('',*,*,#5763,.T.);
#6228 = ORIENTED_EDGE('',*,*,#6229,.T.);
#6229 = EDGE_CURVE('',#5764,#5971,#6230,.T.);
#6230 = LINE('',#6231,#6232);
#6231 = CARTESIAN_POINT('',(121.8,-91.24,-4.5E-02));
#6232 = VECTOR('',#6233,1.);
#6233 = DIRECTION('',(0.,0.,1.));
#6234 = ORIENTED_EDGE('',*,*,#5970,.F.);
#6235 = ORIENTED_EDGE('',*,*,#6229,.F.);
#6236 = CYLINDRICAL_SURFACE('',#6237,0.54);
#6237 = AXIS2_PLACEMENT_3D('',#6238,#6239,#6240);
#6238 = CARTESIAN_POINT('',(121.8,-90.7,-4.5E-02));
#6239 = DIRECTION('',(-0.,-0.,-1.));
#6240 = DIRECTION('',(-2.631639762075E-14,-1.,0.));
#6241 = ADVANCED_FACE('',(#6242),#6253,.F.);
#6242 = FACE_BOUND('',#6243,.T.);
#6243 = EDGE_LOOP('',(#6244,#6245,#6251,#6252));
#6244 = ORIENTED_EDGE('',*,*,#5774,.T.);
#6245 = ORIENTED_EDGE('',*,*,#6246,.T.);
#6246 = EDGE_CURVE('',#5775,#5982,#6247,.T.);
#6247 = LINE('',#6248,#6249);
#6248 = CARTESIAN_POINT('',(121.8,-88.7,-4.5E-02));
#6249 = VECTOR('',#6250,1.);
#6250 = DIRECTION('',(0.,0.,1.));
#6251 = ORIENTED_EDGE('',*,*,#5981,.F.);
#6252 = ORIENTED_EDGE('',*,*,#6246,.F.);
#6253 = CYLINDRICAL_SURFACE('',#6254,0.54);
#6254 = AXIS2_PLACEMENT_3D('',#6255,#6256,#6257);
#6255 = CARTESIAN_POINT('',(121.8,-88.16,-4.5E-02));
#6256 = DIRECTION('',(-0.,-0.,-1.));
#6257 = DIRECTION('',(-2.631639762075E-14,-1.,0.));
#6258 = ADVANCED_FACE('',(#6259),#6270,.F.);
#6259 = FACE_BOUND('',#6260,.T.);
#6260 = EDGE_LOOP('',(#6261,#6262,#6268,#6269));
#6261 = ORIENTED_EDGE('',*,*,#5785,.T.);
#6262 = ORIENTED_EDGE('',*,*,#6263,.T.);
#6263 = EDGE_CURVE('',#5786,#5993,#6264,.T.);
#6264 = LINE('',#6265,#6266);
#6265 = CARTESIAN_POINT('',(140.36,-70.19,-4.5E-02));
#6266 = VECTOR('',#6267,1.);
#6267 = DIRECTION('',(0.,0.,1.));
#6268 = ORIENTED_EDGE('',*,*,#5992,.F.);
#6269 = ORIENTED_EDGE('',*,*,#6263,.F.);
#6270 = CYLINDRICAL_SURFACE('',#6271,0.54);
#6271 = AXIS2_PLACEMENT_3D('',#6272,#6273,#6274);
#6272 = CARTESIAN_POINT('',(140.36,-69.65,-4.5E-02));
#6273 = DIRECTION('',(-0.,-0.,-1.));
#6274 = DIRECTION('',(-0.,-1.,0.));
#6275 = ADVANCED_FACE('',(#6276),#6287,.F.);
#6276 = FACE_BOUND('',#6277,.T.);
#6277 = EDGE_LOOP('',(#6278,#6284,#6285,#6286));
#6278 = ORIENTED_EDGE('',*,*,#6279,.T.);
#6279 = EDGE_CURVE('',#5797,#6004,#6280,.T.);
#6280 = LINE('',#6281,#6282);
#6281 = CARTESIAN_POINT('',(148.906989,-81.854555,0.));
#6282 = VECTOR('',#6283,1.);
#6283 = DIRECTION('',(0.,0.,1.));
#6284 = ORIENTED_EDGE('',*,*,#6003,.T.);
#6285 = ORIENTED_EDGE('',*,*,#6279,.F.);
#6286 = ORIENTED_EDGE('',*,*,#5796,.F.);
#6287 = CYLINDRICAL_SURFACE('',#6288,0.9);
#6288 = AXIS2_PLACEMENT_3D('',#6289,#6290,#6291);
#6289 = CARTESIAN_POINT('',(148.006989,-81.854555,0.));
#6290 = DIRECTION('',(-0.,-0.,-1.));
#6291 = DIRECTION('',(1.,0.,-0.));
#6292 = ADVANCED_FACE('',(#6293),#6304,.F.);
#6293 = FACE_BOUND('',#6294,.T.);
#6294 = EDGE_LOOP('',(#6295,#6296,#6302,#6303));
#6295 = ORIENTED_EDGE('',*,*,#5807,.T.);
#6296 = ORIENTED_EDGE('',*,*,#6297,.T.);
#6297 = EDGE_CURVE('',#5808,#6015,#6298,.T.);
#6298 = LINE('',#6299,#6300);
#6299 = CARTESIAN_POINT('',(163.95,-91.24,-4.5E-02));
#6300 = VECTOR('',#6301,1.);
#6301 = DIRECTION('',(0.,0.,1.));
#6302 = ORIENTED_EDGE('',*,*,#6014,.F.);
#6303 = ORIENTED_EDGE('',*,*,#6297,.F.);
#6304 = CYLINDRICAL_SURFACE('',#6305,0.54);
#6305 = AXIS2_PLACEMENT_3D('',#6306,#6307,#6308);
#6306 = CARTESIAN_POINT('',(163.95,-90.7,-4.5E-02));
#6307 = DIRECTION('',(-0.,-0.,-1.));
#6308 = DIRECTION('',(-0.,-1.,0.));
#6309 = ADVANCED_FACE('',(#6310),#6321,.F.);
#6310 = FACE_BOUND('',#6311,.T.);
#6311 = EDGE_LOOP('',(#6312,#6313,#6319,#6320));
#6312 = ORIENTED_EDGE('',*,*,#5818,.T.);
#6313 = ORIENTED_EDGE('',*,*,#6314,.T.);
#6314 = EDGE_CURVE('',#5819,#6026,#6315,.T.);
#6315 = LINE('',#6316,#6317);
#6316 = CARTESIAN_POINT('',(163.95,-88.7,-4.5E-02));
#6317 = VECTOR('',#6318,1.);
#6318 = DIRECTION('',(0.,0.,1.));
#6319 = ORIENTED_EDGE('',*,*,#6025,.F.);
#6320 = ORIENTED_EDGE('',*,*,#6314,.F.);
#6321 = CYLINDRICAL_SURFACE('',#6322,0.54);
#6322 = AXIS2_PLACEMENT_3D('',#6323,#6324,#6325);
#6323 = CARTESIAN_POINT('',(163.95,-88.16,-4.5E-02));
#6324 = DIRECTION('',(-0.,-0.,-1.));
#6325 = DIRECTION('',(-0.,-1.,0.));
#6326 = ADVANCED_FACE('',(#6327),#6338,.F.);
#6327 = FACE_BOUND('',#6328,.T.);
#6328 = EDGE_LOOP('',(#6329,#6330,#6336,#6337));
#6329 = ORIENTED_EDGE('',*,*,#5829,.T.);
#6330 = ORIENTED_EDGE('',*,*,#6331,.T.);
#6331 = EDGE_CURVE('',#5830,#6037,#6332,.T.);
#6332 = LINE('',#6333,#6334);
#6333 = CARTESIAN_POINT('',(142.9,-70.19,-4.5E-02));
#6334 = VECTOR('',#6335,1.);
#6335 = DIRECTION('',(0.,0.,1.));
#6336 = ORIENTED_EDGE('',*,*,#6036,.F.);
#6337 = ORIENTED_EDGE('',*,*,#6331,.F.);
#6338 = CYLINDRICAL_SURFACE('',#6339,0.54);
#6339 = AXIS2_PLACEMENT_3D('',#6340,#6341,#6342);
#6340 = CARTESIAN_POINT('',(142.9,-69.65,-4.5E-02));
#6341 = DIRECTION('',(-0.,-0.,-1.));
#6342 = DIRECTION('',(-0.,-1.,0.));
#6343 = ADVANCED_FACE('',(#6344),#6355,.F.);
#6344 = FACE_BOUND('',#6345,.T.);
#6345 = EDGE_LOOP('',(#6346,#6347,#6353,#6354));
#6346 = ORIENTED_EDGE('',*,*,#5840,.T.);
#6347 = ORIENTED_EDGE('',*,*,#6348,.T.);
#6348 = EDGE_CURVE('',#5841,#6048,#6349,.T.);
#6349 = LINE('',#6350,#6351);
#6350 = CARTESIAN_POINT('',(145.44,-70.19,-4.5E-02));
#6351 = VECTOR('',#6352,1.);
#6352 = DIRECTION('',(0.,0.,1.));
#6353 = ORIENTED_EDGE('',*,*,#6047,.F.);
#6354 = ORIENTED_EDGE('',*,*,#6348,.F.);
#6355 = CYLINDRICAL_SURFACE('',#6356,0.54);
#6356 = AXIS2_PLACEMENT_3D('',#6357,#6358,#6359);
#6357 = CARTESIAN_POINT('',(145.44,-69.65,-4.5E-02));
#6358 = DIRECTION('',(-0.,-0.,-1.));
#6359 = DIRECTION('',(-0.,-1.,0.));
#6360 = ADVANCED_FACE('',(#6361),#6372,.F.);
#6361 = FACE_BOUND('',#6362,.T.);
#6362 = EDGE_LOOP('',(#6363,#6369,#6370,#6371));
#6363 = ORIENTED_EDGE('',*,*,#6364,.T.);
#6364 = EDGE_CURVE('',#5852,#6059,#6365,.T.);
#6365 = LINE('',#6366,#6367);
#6366 = CARTESIAN_POINT('',(158.95,-76.15,0.));
#6367 = VECTOR('',#6368,1.);
#6368 = DIRECTION('',(0.,0.,1.));
#6369 = ORIENTED_EDGE('',*,*,#6058,.T.);
#6370 = ORIENTED_EDGE('',*,*,#6364,.F.);
#6371 = ORIENTED_EDGE('',*,*,#5851,.F.);
#6372 = CYLINDRICAL_SURFACE('',#6373,1.2);
#6373 = AXIS2_PLACEMENT_3D('',#6374,#6375,#6376);
#6374 = CARTESIAN_POINT('',(157.75,-76.15,0.));
#6375 = DIRECTION('',(-0.,-0.,-1.));
#6376 = DIRECTION('',(1.,0.,-0.));
#6377 = ( GEOMETRIC_REPRESENTATION_CONTEXT(3) 
GLOBAL_UNCERTAINTY_ASSIGNED_CONTEXT((#6381)) 
GLOBAL_UNIT_ASSIGNED_CONTEXT((#6378,#6379,#6380)) REPRESENTATION_CONTEXT
('Context #1','3D Context with UNIT and UNCERTAINTY') );
#6378 = ( LENGTH_UNIT() NAMED_UNIT(*) SI_UNIT(.MILLI.,.METRE.) );
#6379 = ( NAMED_UNIT(*) PLANE_ANGLE_UNIT() SI_UNIT($,.RADIAN.) );
#6380 = ( NAMED_UNIT(*) SI_UNIT($,.STERADIAN.) SOLID_ANGLE_UNIT() );
#6381 = UNCERTAINTY_MEASURE_WITH_UNIT(LENGTH_MEASURE(1.E-07),#6378,
  'distance_accuracy_value','confusion accuracy');
#6382 = CONTEXT_DEPENDENT_SHAPE_REPRESENTATION(#6383,#6385);
#6383 = ( REPRESENTATION_RELATIONSHIP('','',#5621,#10) 
REPRESENTATION_RELATIONSHIP_WITH_TRANSFORMATION(#6384) 
SHAPE_REPRESENTATION_RELATIONSHIP() );
#6384 = ITEM_DEFINED_TRANSFORMATION('','',#11,#39);
#6385 = PRODUCT_DEFINITION_SHAPE('Placement','Placement of an item',
  #6386);
#6386 = NEXT_ASSEMBLY_USAGE_OCCURRENCE('9','=>[0:1:1:6]','',#5,#5616,$);
#6387 = PRODUCT_RELATED_PRODUCT_CATEGORY('part',$,(#5618));
#6388 = MECHANICAL_DESIGN_GEOMETRIC_PRESENTATION_REPRESENTATION('',(
    #6389,#6397,#6404,#6411,#6418,#6425,#6432,#6439,#6446,#6453,#6460,
    #6468,#6475,#6482,#6489,#6496,#6503,#6510,#6517,#6524,#6531,#6538,
    #6545,#6552,#6559,#6566,#6573,#6580),#934);
#6389 = STYLED_ITEM('color',(#6390),#82);
#6390 = PRESENTATION_STYLE_ASSIGNMENT((#6391));
#6391 = SURFACE_STYLE_USAGE(.BOTH.,#6392);
#6392 = SURFACE_SIDE_STYLE('',(#6393));
#6393 = SURFACE_STYLE_FILL_AREA(#6394);
#6394 = FILL_AREA_STYLE('',(#6395));
#6395 = FILL_AREA_STYLE_COLOUR('',#6396);
#6396 = COLOUR_RGB('',0.823999987314,0.819999987296,0.781000009244);
#6397 = STYLED_ITEM('color',(#6398),#158);
#6398 = PRESENTATION_STYLE_ASSIGNMENT((#6399));
#6399 = SURFACE_STYLE_USAGE(.BOTH.,#6400);
#6400 = SURFACE_SIDE_STYLE('',(#6401));
#6401 = SURFACE_STYLE_FILL_AREA(#6402);
#6402 = FILL_AREA_STYLE('',(#6403));
#6403 = FILL_AREA_STYLE_COLOUR('',#6396);
#6404 = STYLED_ITEM('color',(#6405),#189);
#6405 = PRESENTATION_STYLE_ASSIGNMENT((#6406));
#6406 = SURFACE_STYLE_USAGE(.BOTH.,#6407);
#6407 = SURFACE_SIDE_STYLE('',(#6408));
#6408 = SURFACE_STYLE_FILL_AREA(#6409);
#6409 = FILL_AREA_STYLE('',(#6410));
#6410 = FILL_AREA_STYLE_COLOUR('',#6396);
#6411 = STYLED_ITEM('color',(#6412),#214);
#6412 = PRESENTATION_STYLE_ASSIGNMENT((#6413));
#6413 = SURFACE_STYLE_USAGE(.BOTH.,#6414);
#6414 = SURFACE_SIDE_STYLE('',(#6415));
#6415 = SURFACE_STYLE_FILL_AREA(#6416);
#6416 = FILL_AREA_STYLE('',(#6417));
#6417 = FILL_AREA_STYLE_COLOUR('',#6396);
#6418 = STYLED_ITEM('color',(#6419),#239);
#6419 = PRESENTATION_STYLE_ASSIGNMENT((#6420));
#6420 = SURFACE_STYLE_USAGE(.BOTH.,#6421);
#6421 = SURFACE_SIDE_STYLE('',(#6422));
#6422 = SURFACE_STYLE_FILL_AREA(#6423);
#6423 = FILL_AREA_STYLE('',(#6424));
#6424 = FILL_AREA_STYLE_COLOUR('',#6396);
#6425 = STYLED_ITEM('color',(#6426),#263);
#6426 = PRESENTATION_STYLE_ASSIGNMENT((#6427));
#6427 = SURFACE_STYLE_USAGE(.BOTH.,#6428);
#6428 = SURFACE_SIDE_STYLE('',(#6429));
#6429 = SURFACE_STYLE_FILL_AREA(#6430);
#6430 = FILL_AREA_STYLE('',(#6431));
#6431 = FILL_AREA_STYLE_COLOUR('',#6396);
#6432 = STYLED_ITEM('color',(#6433),#287);
#6433 = PRESENTATION_STYLE_ASSIGNMENT((#6434));
#6434 = SURFACE_STYLE_USAGE(.BOTH.,#6435);
#6435 = SURFACE_SIDE_STYLE('',(#6436));
#6436 = SURFACE_STYLE_FILL_AREA(#6437);
#6437 = FILL_AREA_STYLE('',(#6438));
#6438 = FILL_AREA_STYLE_COLOUR('',#6396);
#6439 = STYLED_ITEM('color',(#6440),#312);
#6440 = PRESENTATION_STYLE_ASSIGNMENT((#6441));
#6441 = SURFACE_STYLE_USAGE(.BOTH.,#6442);
#6442 = SURFACE_SIDE_STYLE('',(#6443));
#6443 = SURFACE_STYLE_FILL_AREA(#6444);
#6444 = FILL_AREA_STYLE('',(#6445));
#6445 = FILL_AREA_STYLE_COLOUR('',#6396);
#6446 = STYLED_ITEM('color',(#6447),#337);
#6447 = PRESENTATION_STYLE_ASSIGNMENT((#6448));
#6448 = SURFACE_STYLE_USAGE(.BOTH.,#6449);
#6449 = SURFACE_SIDE_STYLE('',(#6450));
#6450 = SURFACE_STYLE_FILL_AREA(#6451);
#6451 = FILL_AREA_STYLE('',(#6452));
#6452 = FILL_AREA_STYLE_COLOUR('',#6396);
#6453 = STYLED_ITEM('color',(#6454),#354);
#6454 = PRESENTATION_STYLE_ASSIGNMENT((#6455));
#6455 = SURFACE_STYLE_USAGE(.BOTH.,#6456);
#6456 = SURFACE_SIDE_STYLE('',(#6457));
#6457 = SURFACE_STYLE_FILL_AREA(#6458);
#6458 = FILL_AREA_STYLE('',(#6459));
#6459 = FILL_AREA_STYLE_COLOUR('',#6396);
#6460 = STYLED_ITEM('color',(#6461),#440);
#6461 = PRESENTATION_STYLE_ASSIGNMENT((#6462));
#6462 = SURFACE_STYLE_USAGE(.BOTH.,#6463);
#6463 = SURFACE_SIDE_STYLE('',(#6464));
#6464 = SURFACE_STYLE_FILL_AREA(#6465);
#6465 = FILL_AREA_STYLE('',(#6466));
#6466 = FILL_AREA_STYLE_COLOUR('',#6467);
#6467 = COLOUR_RGB('',0.379000005575,0.270000008848,0.214999999939);
#6468 = STYLED_ITEM('color',(#6469),#472);
#6469 = PRESENTATION_STYLE_ASSIGNMENT((#6470));
#6470 = SURFACE_STYLE_USAGE(.BOTH.,#6471);
#6471 = SURFACE_SIDE_STYLE('',(#6472));
#6472 = SURFACE_STYLE_FILL_AREA(#6473);
#6473 = FILL_AREA_STYLE('',(#6474));
#6474 = FILL_AREA_STYLE_COLOUR('',#6467);
#6475 = STYLED_ITEM('color',(#6476),#496);
#6476 = PRESENTATION_STYLE_ASSIGNMENT((#6477));
#6477 = SURFACE_STYLE_USAGE(.BOTH.,#6478);
#6478 = SURFACE_SIDE_STYLE('',(#6479));
#6479 = SURFACE_STYLE_FILL_AREA(#6480);
#6480 = FILL_AREA_STYLE('',(#6481));
#6481 = FILL_AREA_STYLE_COLOUR('',#6467);
#6482 = STYLED_ITEM('color',(#6483),#521);
#6483 = PRESENTATION_STYLE_ASSIGNMENT((#6484));
#6484 = SURFACE_STYLE_USAGE(.BOTH.,#6485);
#6485 = SURFACE_SIDE_STYLE('',(#6486));
#6486 = SURFACE_STYLE_FILL_AREA(#6487);
#6487 = FILL_AREA_STYLE('',(#6488));
#6488 = FILL_AREA_STYLE_COLOUR('',#6467);
#6489 = STYLED_ITEM('color',(#6490),#545);
#6490 = PRESENTATION_STYLE_ASSIGNMENT((#6491));
#6491 = SURFACE_STYLE_USAGE(.BOTH.,#6492);
#6492 = SURFACE_SIDE_STYLE('',(#6493));
#6493 = SURFACE_STYLE_FILL_AREA(#6494);
#6494 = FILL_AREA_STYLE('',(#6495));
#6495 = FILL_AREA_STYLE_COLOUR('',#6467);
#6496 = STYLED_ITEM('color',(#6497),#570);
#6497 = PRESENTATION_STYLE_ASSIGNMENT((#6498));
#6498 = SURFACE_STYLE_USAGE(.BOTH.,#6499);
#6499 = SURFACE_SIDE_STYLE('',(#6500));
#6500 = SURFACE_STYLE_FILL_AREA(#6501);
#6501 = FILL_AREA_STYLE('',(#6502));
#6502 = FILL_AREA_STYLE_COLOUR('',#6467);
#6503 = STYLED_ITEM('color',(#6504),#594);
#6504 = PRESENTATION_STYLE_ASSIGNMENT((#6505));
#6505 = SURFACE_STYLE_USAGE(.BOTH.,#6506);
#6506 = SURFACE_SIDE_STYLE('',(#6507));
#6507 = SURFACE_STYLE_FILL_AREA(#6508);
#6508 = FILL_AREA_STYLE('',(#6509));
#6509 = FILL_AREA_STYLE_COLOUR('',#6467);
#6510 = STYLED_ITEM('color',(#6511),#619);
#6511 = PRESENTATION_STYLE_ASSIGNMENT((#6512));
#6512 = SURFACE_STYLE_USAGE(.BOTH.,#6513);
#6513 = SURFACE_SIDE_STYLE('',(#6514));
#6514 = SURFACE_STYLE_FILL_AREA(#6515);
#6515 = FILL_AREA_STYLE('',(#6516));
#6516 = FILL_AREA_STYLE_COLOUR('',#6467);
#6517 = STYLED_ITEM('color',(#6518),#636);
#6518 = PRESENTATION_STYLE_ASSIGNMENT((#6519));
#6519 = SURFACE_STYLE_USAGE(.BOTH.,#6520);
#6520 = SURFACE_SIDE_STYLE('',(#6521));
#6521 = SURFACE_STYLE_FILL_AREA(#6522);
#6522 = FILL_AREA_STYLE('',(#6523));
#6523 = FILL_AREA_STYLE_COLOUR('',#6396);
#6524 = STYLED_ITEM('color',(#6525),#722);
#6525 = PRESENTATION_STYLE_ASSIGNMENT((#6526));
#6526 = SURFACE_STYLE_USAGE(.BOTH.,#6527);
#6527 = SURFACE_SIDE_STYLE('',(#6528));
#6528 = SURFACE_STYLE_FILL_AREA(#6529);
#6529 = FILL_AREA_STYLE('',(#6530));
#6530 = FILL_AREA_STYLE_COLOUR('',#6396);
#6531 = STYLED_ITEM('color',(#6532),#753);
#6532 = PRESENTATION_STYLE_ASSIGNMENT((#6533));
#6533 = SURFACE_STYLE_USAGE(.BOTH.,#6534);
#6534 = SURFACE_SIDE_STYLE('',(#6535));
#6535 = SURFACE_STYLE_FILL_AREA(#6536);
#6536 = FILL_AREA_STYLE('',(#6537));
#6537 = FILL_AREA_STYLE_COLOUR('',#6396);
#6538 = STYLED_ITEM('color',(#6539),#778);
#6539 = PRESENTATION_STYLE_ASSIGNMENT((#6540));
#6540 = SURFACE_STYLE_USAGE(.BOTH.,#6541);
#6541 = SURFACE_SIDE_STYLE('',(#6542));
#6542 = SURFACE_STYLE_FILL_AREA(#6543);
#6543 = FILL_AREA_STYLE('',(#6544));
#6544 = FILL_AREA_STYLE_COLOUR('',#6396);
#6545 = STYLED_ITEM('color',(#6546),#803);
#6546 = PRESENTATION_STYLE_ASSIGNMENT((#6547));
#6547 = SURFACE_STYLE_USAGE(.BOTH.,#6548);
#6548 = SURFACE_SIDE_STYLE('',(#6549));
#6549 = SURFACE_STYLE_FILL_AREA(#6550);
#6550 = FILL_AREA_STYLE('',(#6551));
#6551 = FILL_AREA_STYLE_COLOUR('',#6396);
#6552 = STYLED_ITEM('color',(#6553),#827);
#6553 = PRESENTATION_STYLE_ASSIGNMENT((#6554));
#6554 = SURFACE_STYLE_USAGE(.BOTH.,#6555);
#6555 = SURFACE_SIDE_STYLE('',(#6556));
#6556 = SURFACE_STYLE_FILL_AREA(#6557);
#6557 = FILL_AREA_STYLE('',(#6558));
#6558 = FILL_AREA_STYLE_COLOUR('',#6396);
#6559 = STYLED_ITEM('color',(#6560),#851);
#6560 = PRESENTATION_STYLE_ASSIGNMENT((#6561));
#6561 = SURFACE_STYLE_USAGE(.BOTH.,#6562);
#6562 = SURFACE_SIDE_STYLE('',(#6563));
#6563 = SURFACE_STYLE_FILL_AREA(#6564);
#6564 = FILL_AREA_STYLE('',(#6565));
#6565 = FILL_AREA_STYLE_COLOUR('',#6396);
#6566 = STYLED_ITEM('color',(#6567),#876);
#6567 = PRESENTATION_STYLE_ASSIGNMENT((#6568));
#6568 = SURFACE_STYLE_USAGE(.BOTH.,#6569);
#6569 = SURFACE_SIDE_STYLE('',(#6570));
#6570 = SURFACE_STYLE_FILL_AREA(#6571);
#6571 = FILL_AREA_STYLE('',(#6572));
#6572 = FILL_AREA_STYLE_COLOUR('',#6396);
#6573 = STYLED_ITEM('color',(#6574),#901);
#6574 = PRESENTATION_STYLE_ASSIGNMENT((#6575));
#6575 = SURFACE_STYLE_USAGE(.BOTH.,#6576);
#6576 = SURFACE_SIDE_STYLE('',(#6577));
#6577 = SURFACE_STYLE_FILL_AREA(#6578);
#6578 = FILL_AREA_STYLE('',(#6579));
#6579 = FILL_AREA_STYLE_COLOUR('',#6396);
#6580 = STYLED_ITEM('color',(#6581),#918);
#6581 = PRESENTATION_STYLE_ASSIGNMENT((#6582));
#6582 = SURFACE_STYLE_USAGE(.BOTH.,#6583);
#6583 = SURFACE_SIDE_STYLE('',(#6584));
#6584 = SURFACE_STYLE_FILL_AREA(#6585);
#6585 = FILL_AREA_STYLE('',(#6586));
#6586 = FILL_AREA_STYLE_COLOUR('',#6396);
#6587 = MECHANICAL_DESIGN_GEOMETRIC_PRESENTATION_REPRESENTATION('',(
    #6588),#6377);
#6588 = STYLED_ITEM('color',(#6589),#5622);
#6589 = PRESENTATION_STYLE_ASSIGNMENT((#6590));
#6590 = SURFACE_STYLE_USAGE(.BOTH.,#6591);
#6591 = SURFACE_SIDE_STYLE('',(#6592));
#6592 = SURFACE_STYLE_FILL_AREA(#6593);
#6593 = FILL_AREA_STYLE('',(#6594));
#6594 = FILL_AREA_STYLE_COLOUR('',#6595);
#6595 = COLOUR_RGB('',0.313304153717,0.484529207832,0.410020903123);
#6596 = MECHANICAL_DESIGN_GEOMETRIC_PRESENTATION_REPRESENTATION('',(
    #6597,#6605,#6612,#6619,#6626,#6633,#6641,#6648,#6655,#6662,#6669,
    #6676,#6683,#6690,#6697,#6704,#6711,#6718,#6725,#6732,#6739,#6746,
    #6753,#6760,#6767,#6774,#6781,#6788,#6795,#6802,#6809,#6816,#6823,
    #6830,#6837,#6844,#6851,#6858,#6865,#6872,#6879,#6886,#6893,#6900,
    #6907,#6914,#6921,#6928,#6935,#6942,#6949,#6956,#6963,#6970,#6977,
    #6984,#6991,#6998,#7005,#7012,#7019,#7026,#7033,#7040,#7047,#7054,
    #7061,#7068,#7075,#7082,#7089,#7096,#7103,#7110,#7117,#7124,#7131,
    #7138,#7145,#7152,#7159,#7166,#7173,#7180,#7187,#7194,#7201,#7208,
    #7215,#7222,#7229,#7236,#7243,#7250,#7257,#7264,#7271,#7278,#7285,
    #7293,#7300,#7307,#7314,#7321,#7328,#7335,#7342,#7349,#7356,#7363,
    #7370,#7377,#7384,#7391,#7398,#7405,#7412,#7419,#7426,#7433,#7440,
    #7447,#7454,#7461,#7468,#7475,#7482,#7489,#7496,#7503,#7510,#7517,
    #7524,#7531,#7538,#7545,#7552,#7559,#7566,#7573,#7580,#7587,#7594,
    #7601,#7608,#7615,#7622,#7629,#7636,#7643,#7650,#7657,#7664,#7671,
    #7678,#7685),#5598);
#6597 = STYLED_ITEM('color',(#6598),#993);
#6598 = PRESENTATION_STYLE_ASSIGNMENT((#6599));
#6599 = SURFACE_STYLE_USAGE(.BOTH.,#6600);
#6600 = SURFACE_SIDE_STYLE('',(#6601));
#6601 = SURFACE_STYLE_FILL_AREA(#6602);
#6602 = FILL_AREA_STYLE('',(#6603));
#6603 = FILL_AREA_STYLE_COLOUR('',#6604);
#6604 = COLOUR_RGB('',0.823529417451,0.819607860991,0.780392170416);
#6605 = STYLED_ITEM('color',(#6606),#1035);
#6606 = PRESENTATION_STYLE_ASSIGNMENT((#6607));
#6607 = SURFACE_STYLE_USAGE(.BOTH.,#6608);
#6608 = SURFACE_SIDE_STYLE('',(#6609));
#6609 = SURFACE_STYLE_FILL_AREA(#6610);
#6610 = FILL_AREA_STYLE('',(#6611));
#6611 = FILL_AREA_STYLE_COLOUR('',#6604);
#6612 = STYLED_ITEM('color',(#6613),#1066);
#6613 = PRESENTATION_STYLE_ASSIGNMENT((#6614));
#6614 = SURFACE_STYLE_USAGE(.BOTH.,#6615);
#6615 = SURFACE_SIDE_STYLE('',(#6616));
#6616 = SURFACE_STYLE_FILL_AREA(#6617);
#6617 = FILL_AREA_STYLE('',(#6618));
#6618 = FILL_AREA_STYLE_COLOUR('',#6604);
#6619 = STYLED_ITEM('color',(#6620),#1097);
#6620 = PRESENTATION_STYLE_ASSIGNMENT((#6621));
#6621 = SURFACE_STYLE_USAGE(.BOTH.,#6622);
#6622 = SURFACE_SIDE_STYLE('',(#6623));
#6623 = SURFACE_STYLE_FILL_AREA(#6624);
#6624 = FILL_AREA_STYLE('',(#6625));
#6625 = FILL_AREA_STYLE_COLOUR('',#6604);
#6626 = STYLED_ITEM('color',(#6627),#1181);
#6627 = PRESENTATION_STYLE_ASSIGNMENT((#6628));
#6628 = SURFACE_STYLE_USAGE(.BOTH.,#6629);
#6629 = SURFACE_SIDE_STYLE('',(#6630));
#6630 = SURFACE_STYLE_FILL_AREA(#6631);
#6631 = FILL_AREA_STYLE('',(#6632));
#6632 = FILL_AREA_STYLE_COLOUR('',#6604);
#6633 = STYLED_ITEM('color',(#6634),#1265);
#6634 = PRESENTATION_STYLE_ASSIGNMENT((#6635));
#6635 = SURFACE_STYLE_USAGE(.BOTH.,#6636);
#6636 = SURFACE_SIDE_STYLE('',(#6637));
#6637 = SURFACE_STYLE_FILL_AREA(#6638);
#6638 = FILL_AREA_STYLE('',(#6639));
#6639 = FILL_AREA_STYLE_COLOUR('',#6640);
#6640 = COLOUR_RGB('',0.145098047169,0.14117647753,0.14117647753);
#6641 = STYLED_ITEM('color',(#6642),#1358);
#6642 = PRESENTATION_STYLE_ASSIGNMENT((#6643));
#6643 = SURFACE_STYLE_USAGE(.BOTH.,#6644);
#6644 = SURFACE_SIDE_STYLE('',(#6645));
#6645 = SURFACE_STYLE_FILL_AREA(#6646);
#6646 = FILL_AREA_STYLE('',(#6647));
#6647 = FILL_AREA_STYLE_COLOUR('',#6604);
#6648 = STYLED_ITEM('color',(#6649),#1375);
#6649 = PRESENTATION_STYLE_ASSIGNMENT((#6650));
#6650 = SURFACE_STYLE_USAGE(.BOTH.,#6651);
#6651 = SURFACE_SIDE_STYLE('',(#6652));
#6652 = SURFACE_STYLE_FILL_AREA(#6653);
#6653 = FILL_AREA_STYLE('',(#6654));
#6654 = FILL_AREA_STYLE_COLOUR('',#6640);
#6655 = STYLED_ITEM('color',(#6656),#1398);
#6656 = PRESENTATION_STYLE_ASSIGNMENT((#6657));
#6657 = SURFACE_STYLE_USAGE(.BOTH.,#6658);
#6658 = SURFACE_SIDE_STYLE('',(#6659));
#6659 = SURFACE_STYLE_FILL_AREA(#6660);
#6660 = FILL_AREA_STYLE('',(#6661));
#6661 = FILL_AREA_STYLE_COLOUR('',#6604);
#6662 = STYLED_ITEM('color',(#6663),#1436);
#6663 = PRESENTATION_STYLE_ASSIGNMENT((#6664));
#6664 = SURFACE_STYLE_USAGE(.BOTH.,#6665);
#6665 = SURFACE_SIDE_STYLE('',(#6666));
#6666 = SURFACE_STYLE_FILL_AREA(#6667);
#6667 = FILL_AREA_STYLE('',(#6668));
#6668 = FILL_AREA_STYLE_COLOUR('',#6604);
#6669 = STYLED_ITEM('color',(#6670),#1453);
#6670 = PRESENTATION_STYLE_ASSIGNMENT((#6671));
#6671 = SURFACE_STYLE_USAGE(.BOTH.,#6672);
#6672 = SURFACE_SIDE_STYLE('',(#6673));
#6673 = SURFACE_STYLE_FILL_AREA(#6674);
#6674 = FILL_AREA_STYLE('',(#6675));
#6675 = FILL_AREA_STYLE_COLOUR('',#6604);
#6676 = STYLED_ITEM('color',(#6677),#1470);
#6677 = PRESENTATION_STYLE_ASSIGNMENT((#6678));
#6678 = SURFACE_STYLE_USAGE(.BOTH.,#6679);
#6679 = SURFACE_SIDE_STYLE('',(#6680));
#6680 = SURFACE_STYLE_FILL_AREA(#6681);
#6681 = FILL_AREA_STYLE('',(#6682));
#6682 = FILL_AREA_STYLE_COLOUR('',#6604);
#6683 = STYLED_ITEM('color',(#6684),#1487);
#6684 = PRESENTATION_STYLE_ASSIGNMENT((#6685));
#6685 = SURFACE_STYLE_USAGE(.BOTH.,#6686);
#6686 = SURFACE_SIDE_STYLE('',(#6687));
#6687 = SURFACE_STYLE_FILL_AREA(#6688);
#6688 = FILL_AREA_STYLE('',(#6689));
#6689 = FILL_AREA_STYLE_COLOUR('',#6604);
#6690 = STYLED_ITEM('color',(#6691),#1504);
#6691 = PRESENTATION_STYLE_ASSIGNMENT((#6692));
#6692 = SURFACE_STYLE_USAGE(.BOTH.,#6693);
#6693 = SURFACE_SIDE_STYLE('',(#6694));
#6694 = SURFACE_STYLE_FILL_AREA(#6695);
#6695 = FILL_AREA_STYLE('',(#6696));
#6696 = FILL_AREA_STYLE_COLOUR('',#6604);
#6697 = STYLED_ITEM('color',(#6698),#1521);
#6698 = PRESENTATION_STYLE_ASSIGNMENT((#6699));
#6699 = SURFACE_STYLE_USAGE(.BOTH.,#6700);
#6700 = SURFACE_SIDE_STYLE('',(#6701));
#6701 = SURFACE_STYLE_FILL_AREA(#6702);
#6702 = FILL_AREA_STYLE('',(#6703));
#6703 = FILL_AREA_STYLE_COLOUR('',#6604);
#6704 = STYLED_ITEM('color',(#6705),#1533);
#6705 = PRESENTATION_STYLE_ASSIGNMENT((#6706));
#6706 = SURFACE_STYLE_USAGE(.BOTH.,#6707);
#6707 = SURFACE_SIDE_STYLE('',(#6708));
#6708 = SURFACE_STYLE_FILL_AREA(#6709);
#6709 = FILL_AREA_STYLE('',(#6710));
#6710 = FILL_AREA_STYLE_COLOUR('',#6640);
#6711 = STYLED_ITEM('color',(#6712),#1557);
#6712 = PRESENTATION_STYLE_ASSIGNMENT((#6713));
#6713 = SURFACE_STYLE_USAGE(.BOTH.,#6714);
#6714 = SURFACE_SIDE_STYLE('',(#6715));
#6715 = SURFACE_STYLE_FILL_AREA(#6716);
#6716 = FILL_AREA_STYLE('',(#6717));
#6717 = FILL_AREA_STYLE_COLOUR('',#6640);
#6718 = STYLED_ITEM('color',(#6719),#1620);
#6719 = PRESENTATION_STYLE_ASSIGNMENT((#6720));
#6720 = SURFACE_STYLE_USAGE(.BOTH.,#6721);
#6721 = SURFACE_SIDE_STYLE('',(#6722));
#6722 = SURFACE_STYLE_FILL_AREA(#6723);
#6723 = FILL_AREA_STYLE('',(#6724));
#6724 = FILL_AREA_STYLE_COLOUR('',#6640);
#6725 = STYLED_ITEM('color',(#6726),#1643);
#6726 = PRESENTATION_STYLE_ASSIGNMENT((#6727));
#6727 = SURFACE_STYLE_USAGE(.BOTH.,#6728);
#6728 = SURFACE_SIDE_STYLE('',(#6729));
#6729 = SURFACE_STYLE_FILL_AREA(#6730);
#6730 = FILL_AREA_STYLE('',(#6731));
#6731 = FILL_AREA_STYLE_COLOUR('',#6640);
#6732 = STYLED_ITEM('color',(#6733),#1666);
#6733 = PRESENTATION_STYLE_ASSIGNMENT((#6734));
#6734 = SURFACE_STYLE_USAGE(.BOTH.,#6735);
#6735 = SURFACE_SIDE_STYLE('',(#6736));
#6736 = SURFACE_STYLE_FILL_AREA(#6737);
#6737 = FILL_AREA_STYLE('',(#6738));
#6738 = FILL_AREA_STYLE_COLOUR('',#6640);
#6739 = STYLED_ITEM('color',(#6740),#1696);
#6740 = PRESENTATION_STYLE_ASSIGNMENT((#6741));
#6741 = SURFACE_STYLE_USAGE(.BOTH.,#6742);
#6742 = SURFACE_SIDE_STYLE('',(#6743));
#6743 = SURFACE_STYLE_FILL_AREA(#6744);
#6744 = FILL_AREA_STYLE('',(#6745));
#6745 = FILL_AREA_STYLE_COLOUR('',#6604);
#6746 = STYLED_ITEM('color',(#6747),#1727);
#6747 = PRESENTATION_STYLE_ASSIGNMENT((#6748));
#6748 = SURFACE_STYLE_USAGE(.BOTH.,#6749);
#6749 = SURFACE_SIDE_STYLE('',(#6750));
#6750 = SURFACE_STYLE_FILL_AREA(#6751);
#6751 = FILL_AREA_STYLE('',(#6752));
#6752 = FILL_AREA_STYLE_COLOUR('',#6640);
#6753 = STYLED_ITEM('color',(#6754),#1758);
#6754 = PRESENTATION_STYLE_ASSIGNMENT((#6755));
#6755 = SURFACE_STYLE_USAGE(.BOTH.,#6756);
#6756 = SURFACE_SIDE_STYLE('',(#6757));
#6757 = SURFACE_STYLE_FILL_AREA(#6758);
#6758 = FILL_AREA_STYLE('',(#6759));
#6759 = FILL_AREA_STYLE_COLOUR('',#6604);
#6760 = STYLED_ITEM('color',(#6761),#1789);
#6761 = PRESENTATION_STYLE_ASSIGNMENT((#6762));
#6762 = SURFACE_STYLE_USAGE(.BOTH.,#6763);
#6763 = SURFACE_SIDE_STYLE('',(#6764));
#6764 = SURFACE_STYLE_FILL_AREA(#6765);
#6765 = FILL_AREA_STYLE('',(#6766));
#6766 = FILL_AREA_STYLE_COLOUR('',#6604);
#6767 = STYLED_ITEM('color',(#6768),#1820);
#6768 = PRESENTATION_STYLE_ASSIGNMENT((#6769));
#6769 = SURFACE_STYLE_USAGE(.BOTH.,#6770);
#6770 = SURFACE_SIDE_STYLE('',(#6771));
#6771 = SURFACE_STYLE_FILL_AREA(#6772);
#6772 = FILL_AREA_STYLE('',(#6773));
#6773 = FILL_AREA_STYLE_COLOUR('',#6640);
#6774 = STYLED_ITEM('color',(#6775),#1851);
#6775 = PRESENTATION_STYLE_ASSIGNMENT((#6776));
#6776 = SURFACE_STYLE_USAGE(.BOTH.,#6777);
#6777 = SURFACE_SIDE_STYLE('',(#6778));
#6778 = SURFACE_STYLE_FILL_AREA(#6779);
#6779 = FILL_AREA_STYLE('',(#6780));
#6780 = FILL_AREA_STYLE_COLOUR('',#6640);
#6781 = STYLED_ITEM('color',(#6782),#1874);
#6782 = PRESENTATION_STYLE_ASSIGNMENT((#6783));
#6783 = SURFACE_STYLE_USAGE(.BOTH.,#6784);
#6784 = SURFACE_SIDE_STYLE('',(#6785));
#6785 = SURFACE_STYLE_FILL_AREA(#6786);
#6786 = FILL_AREA_STYLE('',(#6787));
#6787 = FILL_AREA_STYLE_COLOUR('',#6640);
#6788 = STYLED_ITEM('color',(#6789),#1897);
#6789 = PRESENTATION_STYLE_ASSIGNMENT((#6790));
#6790 = SURFACE_STYLE_USAGE(.BOTH.,#6791);
#6791 = SURFACE_SIDE_STYLE('',(#6792));
#6792 = SURFACE_STYLE_FILL_AREA(#6793);
#6793 = FILL_AREA_STYLE('',(#6794));
#6794 = FILL_AREA_STYLE_COLOUR('',#6640);
#6795 = STYLED_ITEM('color',(#6796),#1983);
#6796 = PRESENTATION_STYLE_ASSIGNMENT((#6797));
#6797 = SURFACE_STYLE_USAGE(.BOTH.,#6798);
#6798 = SURFACE_SIDE_STYLE('',(#6799));
#6799 = SURFACE_STYLE_FILL_AREA(#6800);
#6800 = FILL_AREA_STYLE('',(#6801));
#6801 = FILL_AREA_STYLE_COLOUR('',#6640);
#6802 = STYLED_ITEM('color',(#6803),#2000);
#6803 = PRESENTATION_STYLE_ASSIGNMENT((#6804));
#6804 = SURFACE_STYLE_USAGE(.BOTH.,#6805);
#6805 = SURFACE_SIDE_STYLE('',(#6806));
#6806 = SURFACE_STYLE_FILL_AREA(#6807);
#6807 = FILL_AREA_STYLE('',(#6808));
#6808 = FILL_AREA_STYLE_COLOUR('',#6604);
#6809 = STYLED_ITEM('color',(#6810),#2092);
#6810 = PRESENTATION_STYLE_ASSIGNMENT((#6811));
#6811 = SURFACE_STYLE_USAGE(.BOTH.,#6812);
#6812 = SURFACE_SIDE_STYLE('',(#6813));
#6813 = SURFACE_STYLE_FILL_AREA(#6814);
#6814 = FILL_AREA_STYLE('',(#6815));
#6815 = FILL_AREA_STYLE_COLOUR('',#6640);
#6816 = STYLED_ITEM('color',(#6817),#2115);
#6817 = PRESENTATION_STYLE_ASSIGNMENT((#6818));
#6818 = SURFACE_STYLE_USAGE(.BOTH.,#6819);
#6819 = SURFACE_SIDE_STYLE('',(#6820));
#6820 = SURFACE_STYLE_FILL_AREA(#6821);
#6821 = FILL_AREA_STYLE('',(#6822));
#6822 = FILL_AREA_STYLE_COLOUR('',#6640);
#6823 = STYLED_ITEM('color',(#6824),#2138);
#6824 = PRESENTATION_STYLE_ASSIGNMENT((#6825));
#6825 = SURFACE_STYLE_USAGE(.BOTH.,#6826);
#6826 = SURFACE_SIDE_STYLE('',(#6827));
#6827 = SURFACE_STYLE_FILL_AREA(#6828);
#6828 = FILL_AREA_STYLE('',(#6829));
#6829 = FILL_AREA_STYLE_COLOUR('',#6640);
#6830 = STYLED_ITEM('color',(#6831),#2161);
#6831 = PRESENTATION_STYLE_ASSIGNMENT((#6832));
#6832 = SURFACE_STYLE_USAGE(.BOTH.,#6833);
#6833 = SURFACE_SIDE_STYLE('',(#6834));
#6834 = SURFACE_STYLE_FILL_AREA(#6835);
#6835 = FILL_AREA_STYLE('',(#6836));
#6836 = FILL_AREA_STYLE_COLOUR('',#6640);
#6837 = STYLED_ITEM('color',(#6838),#2248);
#6838 = PRESENTATION_STYLE_ASSIGNMENT((#6839));
#6839 = SURFACE_STYLE_USAGE(.BOTH.,#6840);
#6840 = SURFACE_SIDE_STYLE('',(#6841));
#6841 = SURFACE_STYLE_FILL_AREA(#6842);
#6842 = FILL_AREA_STYLE('',(#6843));
#6843 = FILL_AREA_STYLE_COLOUR('',#6640);
#6844 = STYLED_ITEM('color',(#6845),#2265);
#6845 = PRESENTATION_STYLE_ASSIGNMENT((#6846));
#6846 = SURFACE_STYLE_USAGE(.BOTH.,#6847);
#6847 = SURFACE_SIDE_STYLE('',(#6848));
#6848 = SURFACE_STYLE_FILL_AREA(#6849);
#6849 = FILL_AREA_STYLE('',(#6850));
#6850 = FILL_AREA_STYLE_COLOUR('',#6640);
#6851 = STYLED_ITEM('color',(#6852),#2288);
#6852 = PRESENTATION_STYLE_ASSIGNMENT((#6853));
#6853 = SURFACE_STYLE_USAGE(.BOTH.,#6854);
#6854 = SURFACE_SIDE_STYLE('',(#6855));
#6855 = SURFACE_STYLE_FILL_AREA(#6856);
#6856 = FILL_AREA_STYLE('',(#6857));
#6857 = FILL_AREA_STYLE_COLOUR('',#6604);
#6858 = STYLED_ITEM('color',(#6859),#2380);
#6859 = PRESENTATION_STYLE_ASSIGNMENT((#6860));
#6860 = SURFACE_STYLE_USAGE(.BOTH.,#6861);
#6861 = SURFACE_SIDE_STYLE('',(#6862));
#6862 = SURFACE_STYLE_FILL_AREA(#6863);
#6863 = FILL_AREA_STYLE('',(#6864));
#6864 = FILL_AREA_STYLE_COLOUR('',#6640);
#6865 = STYLED_ITEM('color',(#6866),#2401);
#6866 = PRESENTATION_STYLE_ASSIGNMENT((#6867));
#6867 = SURFACE_STYLE_USAGE(.BOTH.,#6868);
#6868 = SURFACE_SIDE_STYLE('',(#6869));
#6869 = SURFACE_STYLE_FILL_AREA(#6870);
#6870 = FILL_AREA_STYLE('',(#6871));
#6871 = FILL_AREA_STYLE_COLOUR('',#6604);
#6872 = STYLED_ITEM('color',(#6873),#2493);
#6873 = PRESENTATION_STYLE_ASSIGNMENT((#6874));
#6874 = SURFACE_STYLE_USAGE(.BOTH.,#6875);
#6875 = SURFACE_SIDE_STYLE('',(#6876));
#6876 = SURFACE_STYLE_FILL_AREA(#6877);
#6877 = FILL_AREA_STYLE('',(#6878));
#6878 = FILL_AREA_STYLE_COLOUR('',#6604);
#6879 = STYLED_ITEM('color',(#6880),#2510);
#6880 = PRESENTATION_STYLE_ASSIGNMENT((#6881));
#6881 = SURFACE_STYLE_USAGE(.BOTH.,#6882);
#6882 = SURFACE_SIDE_STYLE('',(#6883));
#6883 = SURFACE_STYLE_FILL_AREA(#6884);
#6884 = FILL_AREA_STYLE('',(#6885));
#6885 = FILL_AREA_STYLE_COLOUR('',#6604);
#6886 = STYLED_ITEM('color',(#6887),#2602);
#6887 = PRESENTATION_STYLE_ASSIGNMENT((#6888));
#6888 = SURFACE_STYLE_USAGE(.BOTH.,#6889);
#6889 = SURFACE_SIDE_STYLE('',(#6890));
#6890 = SURFACE_STYLE_FILL_AREA(#6891);
#6891 = FILL_AREA_STYLE('',(#6892));
#6892 = FILL_AREA_STYLE_COLOUR('',#6640);
#6893 = STYLED_ITEM('color',(#6894),#2624);
#6894 = PRESENTATION_STYLE_ASSIGNMENT((#6895));
#6895 = SURFACE_STYLE_USAGE(.BOTH.,#6896);
#6896 = SURFACE_SIDE_STYLE('',(#6897));
#6897 = SURFACE_STYLE_FILL_AREA(#6898);
#6898 = FILL_AREA_STYLE('',(#6899));
#6899 = FILL_AREA_STYLE_COLOUR('',#6604);
#6900 = STYLED_ITEM('color',(#6901),#2649);
#6901 = PRESENTATION_STYLE_ASSIGNMENT((#6902));
#6902 = SURFACE_STYLE_USAGE(.BOTH.,#6903);
#6903 = SURFACE_SIDE_STYLE('',(#6904));
#6904 = SURFACE_STYLE_FILL_AREA(#6905);
#6905 = FILL_AREA_STYLE('',(#6906));
#6906 = FILL_AREA_STYLE_COLOUR('',#6604);
#6907 = STYLED_ITEM('color',(#6908),#2733);
#6908 = PRESENTATION_STYLE_ASSIGNMENT((#6909));
#6909 = SURFACE_STYLE_USAGE(.BOTH.,#6910);
#6910 = SURFACE_SIDE_STYLE('',(#6911));
#6911 = SURFACE_STYLE_FILL_AREA(#6912);
#6912 = FILL_AREA_STYLE('',(#6913));
#6913 = FILL_AREA_STYLE_COLOUR('',#6604);
#6914 = STYLED_ITEM('color',(#6915),#2825);
#6915 = PRESENTATION_STYLE_ASSIGNMENT((#6916));
#6916 = SURFACE_STYLE_USAGE(.BOTH.,#6917);
#6917 = SURFACE_SIDE_STYLE('',(#6918));
#6918 = SURFACE_STYLE_FILL_AREA(#6919);
#6919 = FILL_AREA_STYLE('',(#6920));
#6920 = FILL_AREA_STYLE_COLOUR('',#6604);
#6921 = STYLED_ITEM('color',(#6922),#2842);
#6922 = PRESENTATION_STYLE_ASSIGNMENT((#6923));
#6923 = SURFACE_STYLE_USAGE(.BOTH.,#6924);
#6924 = SURFACE_SIDE_STYLE('',(#6925));
#6925 = SURFACE_STYLE_FILL_AREA(#6926);
#6926 = FILL_AREA_STYLE('',(#6927));
#6927 = FILL_AREA_STYLE_COLOUR('',#6640);
#6928 = STYLED_ITEM('color',(#6929),#2864);
#6929 = PRESENTATION_STYLE_ASSIGNMENT((#6930));
#6930 = SURFACE_STYLE_USAGE(.BOTH.,#6931);
#6931 = SURFACE_SIDE_STYLE('',(#6932));
#6932 = SURFACE_STYLE_FILL_AREA(#6933);
#6933 = FILL_AREA_STYLE('',(#6934));
#6934 = FILL_AREA_STYLE_COLOUR('',#6640);
#6935 = STYLED_ITEM('color',(#6936),#2887);
#6936 = PRESENTATION_STYLE_ASSIGNMENT((#6937));
#6937 = SURFACE_STYLE_USAGE(.BOTH.,#6938);
#6938 = SURFACE_SIDE_STYLE('',(#6939));
#6939 = SURFACE_STYLE_FILL_AREA(#6940);
#6940 = FILL_AREA_STYLE('',(#6941));
#6941 = FILL_AREA_STYLE_COLOUR('',#6640);
#6942 = STYLED_ITEM('color',(#6943),#2910);
#6943 = PRESENTATION_STYLE_ASSIGNMENT((#6944));
#6944 = SURFACE_STYLE_USAGE(.BOTH.,#6945);
#6945 = SURFACE_SIDE_STYLE('',(#6946));
#6946 = SURFACE_STYLE_FILL_AREA(#6947);
#6947 = FILL_AREA_STYLE('',(#6948));
#6948 = FILL_AREA_STYLE_COLOUR('',#6640);
#6949 = STYLED_ITEM('color',(#6950),#2933);
#6950 = PRESENTATION_STYLE_ASSIGNMENT((#6951));
#6951 = SURFACE_STYLE_USAGE(.BOTH.,#6952);
#6952 = SURFACE_SIDE_STYLE('',(#6953));
#6953 = SURFACE_STYLE_FILL_AREA(#6954);
#6954 = FILL_AREA_STYLE('',(#6955));
#6955 = FILL_AREA_STYLE_COLOUR('',#6640);
#6956 = STYLED_ITEM('color',(#6957),#3000);
#6957 = PRESENTATION_STYLE_ASSIGNMENT((#6958));
#6958 = SURFACE_STYLE_USAGE(.BOTH.,#6959);
#6959 = SURFACE_SIDE_STYLE('',(#6960));
#6960 = SURFACE_STYLE_FILL_AREA(#6961);
#6961 = FILL_AREA_STYLE('',(#6962));
#6962 = FILL_AREA_STYLE_COLOUR('',#6640);
#6963 = STYLED_ITEM('color',(#6964),#3023);
#6964 = PRESENTATION_STYLE_ASSIGNMENT((#6965));
#6965 = SURFACE_STYLE_USAGE(.BOTH.,#6966);
#6966 = SURFACE_SIDE_STYLE('',(#6967));
#6967 = SURFACE_STYLE_FILL_AREA(#6968);
#6968 = FILL_AREA_STYLE('',(#6969));
#6969 = FILL_AREA_STYLE_COLOUR('',#6604);
#6970 = STYLED_ITEM('color',(#6971),#3042);
#6971 = PRESENTATION_STYLE_ASSIGNMENT((#6972));
#6972 = SURFACE_STYLE_USAGE(.BOTH.,#6973);
#6973 = SURFACE_SIDE_STYLE('',(#6974));
#6974 = SURFACE_STYLE_FILL_AREA(#6975);
#6975 = FILL_AREA_STYLE('',(#6976));
#6976 = FILL_AREA_STYLE_COLOUR('',#6604);
#6977 = STYLED_ITEM('color',(#6978),#3061);
#6978 = PRESENTATION_STYLE_ASSIGNMENT((#6979));
#6979 = SURFACE_STYLE_USAGE(.BOTH.,#6980);
#6980 = SURFACE_SIDE_STYLE('',(#6981));
#6981 = SURFACE_STYLE_FILL_AREA(#6982);
#6982 = FILL_AREA_STYLE('',(#6983));
#6983 = FILL_AREA_STYLE_COLOUR('',#6604);
#6984 = STYLED_ITEM('color',(#6985),#3080);
#6985 = PRESENTATION_STYLE_ASSIGNMENT((#6986));
#6986 = SURFACE_STYLE_USAGE(.BOTH.,#6987);
#6987 = SURFACE_SIDE_STYLE('',(#6988));
#6988 = SURFACE_STYLE_FILL_AREA(#6989);
#6989 = FILL_AREA_STYLE('',(#6990));
#6990 = FILL_AREA_STYLE_COLOUR('',#6604);
#6991 = STYLED_ITEM('color',(#6992),#3097);
#6992 = PRESENTATION_STYLE_ASSIGNMENT((#6993));
#6993 = SURFACE_STYLE_USAGE(.BOTH.,#6994);
#6994 = SURFACE_SIDE_STYLE('',(#6995));
#6995 = SURFACE_STYLE_FILL_AREA(#6996);
#6996 = FILL_AREA_STYLE('',(#6997));
#6997 = FILL_AREA_STYLE_COLOUR('',#6604);
#6998 = STYLED_ITEM('color',(#6999),#3114);
#6999 = PRESENTATION_STYLE_ASSIGNMENT((#7000));
#7000 = SURFACE_STYLE_USAGE(.BOTH.,#7001);
#7001 = SURFACE_SIDE_STYLE('',(#7002));
#7002 = SURFACE_STYLE_FILL_AREA(#7003);
#7003 = FILL_AREA_STYLE('',(#7004));
#7004 = FILL_AREA_STYLE_COLOUR('',#6604);
#7005 = STYLED_ITEM('color',(#7006),#3131);
#7006 = PRESENTATION_STYLE_ASSIGNMENT((#7007));
#7007 = SURFACE_STYLE_USAGE(.BOTH.,#7008);
#7008 = SURFACE_SIDE_STYLE('',(#7009));
#7009 = SURFACE_STYLE_FILL_AREA(#7010);
#7010 = FILL_AREA_STYLE('',(#7011));
#7011 = FILL_AREA_STYLE_COLOUR('',#6604);
#7012 = STYLED_ITEM('color',(#7013),#3148);
#7013 = PRESENTATION_STYLE_ASSIGNMENT((#7014));
#7014 = SURFACE_STYLE_USAGE(.BOTH.,#7015);
#7015 = SURFACE_SIDE_STYLE('',(#7016));
#7016 = SURFACE_STYLE_FILL_AREA(#7017);
#7017 = FILL_AREA_STYLE('',(#7018));
#7018 = FILL_AREA_STYLE_COLOUR('',#6604);
#7019 = STYLED_ITEM('color',(#7020),#3165);
#7020 = PRESENTATION_STYLE_ASSIGNMENT((#7021));
#7021 = SURFACE_STYLE_USAGE(.BOTH.,#7022);
#7022 = SURFACE_SIDE_STYLE('',(#7023));
#7023 = SURFACE_STYLE_FILL_AREA(#7024);
#7024 = FILL_AREA_STYLE('',(#7025));
#7025 = FILL_AREA_STYLE_COLOUR('',#6604);
#7026 = STYLED_ITEM('color',(#7027),#3182);
#7027 = PRESENTATION_STYLE_ASSIGNMENT((#7028));
#7028 = SURFACE_STYLE_USAGE(.BOTH.,#7029);
#7029 = SURFACE_SIDE_STYLE('',(#7030));
#7030 = SURFACE_STYLE_FILL_AREA(#7031);
#7031 = FILL_AREA_STYLE('',(#7032));
#7032 = FILL_AREA_STYLE_COLOUR('',#6604);
#7033 = STYLED_ITEM('color',(#7034),#3199);
#7034 = PRESENTATION_STYLE_ASSIGNMENT((#7035));
#7035 = SURFACE_STYLE_USAGE(.BOTH.,#7036);
#7036 = SURFACE_SIDE_STYLE('',(#7037));
#7037 = SURFACE_STYLE_FILL_AREA(#7038);
#7038 = FILL_AREA_STYLE('',(#7039));
#7039 = FILL_AREA_STYLE_COLOUR('',#6604);
#7040 = STYLED_ITEM('color',(#7041),#3211);
#7041 = PRESENTATION_STYLE_ASSIGNMENT((#7042));
#7042 = SURFACE_STYLE_USAGE(.BOTH.,#7043);
#7043 = SURFACE_SIDE_STYLE('',(#7044));
#7044 = SURFACE_STYLE_FILL_AREA(#7045);
#7045 = FILL_AREA_STYLE('',(#7046));
#7046 = FILL_AREA_STYLE_COLOUR('',#6640);
#7047 = STYLED_ITEM('color',(#7048),#3234);
#7048 = PRESENTATION_STYLE_ASSIGNMENT((#7049));
#7049 = SURFACE_STYLE_USAGE(.BOTH.,#7050);
#7050 = SURFACE_SIDE_STYLE('',(#7051));
#7051 = SURFACE_STYLE_FILL_AREA(#7052);
#7052 = FILL_AREA_STYLE('',(#7053));
#7053 = FILL_AREA_STYLE_COLOUR('',#6640);
#7054 = STYLED_ITEM('color',(#7055),#3257);
#7055 = PRESENTATION_STYLE_ASSIGNMENT((#7056));
#7056 = SURFACE_STYLE_USAGE(.BOTH.,#7057);
#7057 = SURFACE_SIDE_STYLE('',(#7058));
#7058 = SURFACE_STYLE_FILL_AREA(#7059);
#7059 = FILL_AREA_STYLE('',(#7060));
#7060 = FILL_AREA_STYLE_COLOUR('',#6640);
#7061 = STYLED_ITEM('color',(#7062),#3281);
#7062 = PRESENTATION_STYLE_ASSIGNMENT((#7063));
#7063 = SURFACE_STYLE_USAGE(.BOTH.,#7064);
#7064 = SURFACE_SIDE_STYLE('',(#7065));
#7065 = SURFACE_STYLE_FILL_AREA(#7066);
#7066 = FILL_AREA_STYLE('',(#7067));
#7067 = FILL_AREA_STYLE_COLOUR('',#6640);
#7068 = STYLED_ITEM('color',(#7069),#3311);
#7069 = PRESENTATION_STYLE_ASSIGNMENT((#7070));
#7070 = SURFACE_STYLE_USAGE(.BOTH.,#7071);
#7071 = SURFACE_SIDE_STYLE('',(#7072));
#7072 = SURFACE_STYLE_FILL_AREA(#7073);
#7073 = FILL_AREA_STYLE('',(#7074));
#7074 = FILL_AREA_STYLE_COLOUR('',#6604);
#7075 = STYLED_ITEM('color',(#7076),#3342);
#7076 = PRESENTATION_STYLE_ASSIGNMENT((#7077));
#7077 = SURFACE_STYLE_USAGE(.BOTH.,#7078);
#7078 = SURFACE_SIDE_STYLE('',(#7079));
#7079 = SURFACE_STYLE_FILL_AREA(#7080);
#7080 = FILL_AREA_STYLE('',(#7081));
#7081 = FILL_AREA_STYLE_COLOUR('',#6604);
#7082 = STYLED_ITEM('color',(#7083),#3373);
#7083 = PRESENTATION_STYLE_ASSIGNMENT((#7084));
#7084 = SURFACE_STYLE_USAGE(.BOTH.,#7085);
#7085 = SURFACE_SIDE_STYLE('',(#7086));
#7086 = SURFACE_STYLE_FILL_AREA(#7087);
#7087 = FILL_AREA_STYLE('',(#7088));
#7088 = FILL_AREA_STYLE_COLOUR('',#6640);
#7089 = STYLED_ITEM('color',(#7090),#3404);
#7090 = PRESENTATION_STYLE_ASSIGNMENT((#7091));
#7091 = SURFACE_STYLE_USAGE(.BOTH.,#7092);
#7092 = SURFACE_SIDE_STYLE('',(#7093));
#7093 = SURFACE_STYLE_FILL_AREA(#7094);
#7094 = FILL_AREA_STYLE('',(#7095));
#7095 = FILL_AREA_STYLE_COLOUR('',#6640);
#7096 = STYLED_ITEM('color',(#7097),#3435);
#7097 = PRESENTATION_STYLE_ASSIGNMENT((#7098));
#7098 = SURFACE_STYLE_USAGE(.BOTH.,#7099);
#7099 = SURFACE_SIDE_STYLE('',(#7100));
#7100 = SURFACE_STYLE_FILL_AREA(#7101);
#7101 = FILL_AREA_STYLE('',(#7102));
#7102 = FILL_AREA_STYLE_COLOUR('',#6604);
#7103 = STYLED_ITEM('color',(#7104),#3466);
#7104 = PRESENTATION_STYLE_ASSIGNMENT((#7105));
#7105 = SURFACE_STYLE_USAGE(.BOTH.,#7106);
#7106 = SURFACE_SIDE_STYLE('',(#7107));
#7107 = SURFACE_STYLE_FILL_AREA(#7108);
#7108 = FILL_AREA_STYLE('',(#7109));
#7109 = FILL_AREA_STYLE_COLOUR('',#6604);
#7110 = STYLED_ITEM('color',(#7111),#3497);
#7111 = PRESENTATION_STYLE_ASSIGNMENT((#7112));
#7112 = SURFACE_STYLE_USAGE(.BOTH.,#7113);
#7113 = SURFACE_SIDE_STYLE('',(#7114));
#7114 = SURFACE_STYLE_FILL_AREA(#7115);
#7115 = FILL_AREA_STYLE('',(#7116));
#7116 = FILL_AREA_STYLE_COLOUR('',#6640);
#7117 = STYLED_ITEM('color',(#7118),#3528);
#7118 = PRESENTATION_STYLE_ASSIGNMENT((#7119));
#7119 = SURFACE_STYLE_USAGE(.BOTH.,#7120);
#7120 = SURFACE_SIDE_STYLE('',(#7121));
#7121 = SURFACE_STYLE_FILL_AREA(#7122);
#7122 = FILL_AREA_STYLE('',(#7123));
#7123 = FILL_AREA_STYLE_COLOUR('',#6640);
#7124 = STYLED_ITEM('color',(#7125),#3545);
#7125 = PRESENTATION_STYLE_ASSIGNMENT((#7126));
#7126 = SURFACE_STYLE_USAGE(.BOTH.,#7127);
#7127 = SURFACE_SIDE_STYLE('',(#7128));
#7128 = SURFACE_STYLE_FILL_AREA(#7129);
#7129 = FILL_AREA_STYLE('',(#7130));
#7130 = FILL_AREA_STYLE_COLOUR('',#6640);
#7131 = STYLED_ITEM('color',(#7132),#3561);
#7132 = PRESENTATION_STYLE_ASSIGNMENT((#7133));
#7133 = SURFACE_STYLE_USAGE(.BOTH.,#7134);
#7134 = SURFACE_SIDE_STYLE('',(#7135));
#7135 = SURFACE_STYLE_FILL_AREA(#7136);
#7136 = FILL_AREA_STYLE('',(#7137));
#7137 = FILL_AREA_STYLE_COLOUR('',#6604);
#7138 = STYLED_ITEM('color',(#7139),#3578);
#7139 = PRESENTATION_STYLE_ASSIGNMENT((#7140));
#7140 = SURFACE_STYLE_USAGE(.BOTH.,#7141);
#7141 = SURFACE_SIDE_STYLE('',(#7142));
#7142 = SURFACE_STYLE_FILL_AREA(#7143);
#7143 = FILL_AREA_STYLE('',(#7144));
#7144 = FILL_AREA_STYLE_COLOUR('',#6604);
#7145 = STYLED_ITEM('color',(#7146),#3595);
#7146 = PRESENTATION_STYLE_ASSIGNMENT((#7147));
#7147 = SURFACE_STYLE_USAGE(.BOTH.,#7148);
#7148 = SURFACE_SIDE_STYLE('',(#7149));
#7149 = SURFACE_STYLE_FILL_AREA(#7150);
#7150 = FILL_AREA_STYLE('',(#7151));
#7151 = FILL_AREA_STYLE_COLOUR('',#6604);
#7152 = STYLED_ITEM('color',(#7153),#3612);
#7153 = PRESENTATION_STYLE_ASSIGNMENT((#7154));
#7154 = SURFACE_STYLE_USAGE(.BOTH.,#7155);
#7155 = SURFACE_SIDE_STYLE('',(#7156));
#7156 = SURFACE_STYLE_FILL_AREA(#7157);
#7157 = FILL_AREA_STYLE('',(#7158));
#7158 = FILL_AREA_STYLE_COLOUR('',#6604);
#7159 = STYLED_ITEM('color',(#7160),#3629);
#7160 = PRESENTATION_STYLE_ASSIGNMENT((#7161));
#7161 = SURFACE_STYLE_USAGE(.BOTH.,#7162);
#7162 = SURFACE_SIDE_STYLE('',(#7163));
#7163 = SURFACE_STYLE_FILL_AREA(#7164);
#7164 = FILL_AREA_STYLE('',(#7165));
#7165 = FILL_AREA_STYLE_COLOUR('',#6604);
#7166 = STYLED_ITEM('color',(#7167),#3646);
#7167 = PRESENTATION_STYLE_ASSIGNMENT((#7168));
#7168 = SURFACE_STYLE_USAGE(.BOTH.,#7169);
#7169 = SURFACE_SIDE_STYLE('',(#7170));
#7170 = SURFACE_STYLE_FILL_AREA(#7171);
#7171 = FILL_AREA_STYLE('',(#7172));
#7172 = FILL_AREA_STYLE_COLOUR('',#6604);
#7173 = STYLED_ITEM('color',(#7174),#3663);
#7174 = PRESENTATION_STYLE_ASSIGNMENT((#7175));
#7175 = SURFACE_STYLE_USAGE(.BOTH.,#7176);
#7176 = SURFACE_SIDE_STYLE('',(#7177));
#7177 = SURFACE_STYLE_FILL_AREA(#7178);
#7178 = FILL_AREA_STYLE('',(#7179));
#7179 = FILL_AREA_STYLE_COLOUR('',#6604);
#7180 = STYLED_ITEM('color',(#7181),#3680);
#7181 = PRESENTATION_STYLE_ASSIGNMENT((#7182));
#7182 = SURFACE_STYLE_USAGE(.BOTH.,#7183);
#7183 = SURFACE_SIDE_STYLE('',(#7184));
#7184 = SURFACE_STYLE_FILL_AREA(#7185);
#7185 = FILL_AREA_STYLE('',(#7186));
#7186 = FILL_AREA_STYLE_COLOUR('',#6604);
#7187 = STYLED_ITEM('color',(#7188),#3692);
#7188 = PRESENTATION_STYLE_ASSIGNMENT((#7189));
#7189 = SURFACE_STYLE_USAGE(.BOTH.,#7190);
#7190 = SURFACE_SIDE_STYLE('',(#7191));
#7191 = SURFACE_STYLE_FILL_AREA(#7192);
#7192 = FILL_AREA_STYLE('',(#7193));
#7193 = FILL_AREA_STYLE_COLOUR('',#6604);
#7194 = STYLED_ITEM('color',(#7195),#3709);
#7195 = PRESENTATION_STYLE_ASSIGNMENT((#7196));
#7196 = SURFACE_STYLE_USAGE(.BOTH.,#7197);
#7197 = SURFACE_SIDE_STYLE('',(#7198));
#7198 = SURFACE_STYLE_FILL_AREA(#7199);
#7199 = FILL_AREA_STYLE('',(#7200));
#7200 = FILL_AREA_STYLE_COLOUR('',#6604);
#7201 = STYLED_ITEM('color',(#7202),#3726);
#7202 = PRESENTATION_STYLE_ASSIGNMENT((#7203));
#7203 = SURFACE_STYLE_USAGE(.BOTH.,#7204);
#7204 = SURFACE_SIDE_STYLE('',(#7205));
#7205 = SURFACE_STYLE_FILL_AREA(#7206);
#7206 = FILL_AREA_STYLE('',(#7207));
#7207 = FILL_AREA_STYLE_COLOUR('',#6604);
#7208 = STYLED_ITEM('color',(#7209),#3743);
#7209 = PRESENTATION_STYLE_ASSIGNMENT((#7210));
#7210 = SURFACE_STYLE_USAGE(.BOTH.,#7211);
#7211 = SURFACE_SIDE_STYLE('',(#7212));
#7212 = SURFACE_STYLE_FILL_AREA(#7213);
#7213 = FILL_AREA_STYLE('',(#7214));
#7214 = FILL_AREA_STYLE_COLOUR('',#6604);
#7215 = STYLED_ITEM('color',(#7216),#3760);
#7216 = PRESENTATION_STYLE_ASSIGNMENT((#7217));
#7217 = SURFACE_STYLE_USAGE(.BOTH.,#7218);
#7218 = SURFACE_SIDE_STYLE('',(#7219));
#7219 = SURFACE_STYLE_FILL_AREA(#7220);
#7220 = FILL_AREA_STYLE('',(#7221));
#7221 = FILL_AREA_STYLE_COLOUR('',#6604);
#7222 = STYLED_ITEM('color',(#7223),#3777);
#7223 = PRESENTATION_STYLE_ASSIGNMENT((#7224));
#7224 = SURFACE_STYLE_USAGE(.BOTH.,#7225);
#7225 = SURFACE_SIDE_STYLE('',(#7226));
#7226 = SURFACE_STYLE_FILL_AREA(#7227);
#7227 = FILL_AREA_STYLE('',(#7228));
#7228 = FILL_AREA_STYLE_COLOUR('',#6604);
#7229 = STYLED_ITEM('color',(#7230),#3794);
#7230 = PRESENTATION_STYLE_ASSIGNMENT((#7231));
#7231 = SURFACE_STYLE_USAGE(.BOTH.,#7232);
#7232 = SURFACE_SIDE_STYLE('',(#7233));
#7233 = SURFACE_STYLE_FILL_AREA(#7234);
#7234 = FILL_AREA_STYLE('',(#7235));
#7235 = FILL_AREA_STYLE_COLOUR('',#6604);
#7236 = STYLED_ITEM('color',(#7237),#3811);
#7237 = PRESENTATION_STYLE_ASSIGNMENT((#7238));
#7238 = SURFACE_STYLE_USAGE(.BOTH.,#7239);
#7239 = SURFACE_SIDE_STYLE('',(#7240));
#7240 = SURFACE_STYLE_FILL_AREA(#7241);
#7241 = FILL_AREA_STYLE('',(#7242));
#7242 = FILL_AREA_STYLE_COLOUR('',#6604);
#7243 = STYLED_ITEM('color',(#7244),#3823);
#7244 = PRESENTATION_STYLE_ASSIGNMENT((#7245));
#7245 = SURFACE_STYLE_USAGE(.BOTH.,#7246);
#7246 = SURFACE_SIDE_STYLE('',(#7247));
#7247 = SURFACE_STYLE_FILL_AREA(#7248);
#7248 = FILL_AREA_STYLE('',(#7249));
#7249 = FILL_AREA_STYLE_COLOUR('',#6640);
#7250 = STYLED_ITEM('color',(#7251),#3846);
#7251 = PRESENTATION_STYLE_ASSIGNMENT((#7252));
#7252 = SURFACE_STYLE_USAGE(.BOTH.,#7253);
#7253 = SURFACE_SIDE_STYLE('',(#7254));
#7254 = SURFACE_STYLE_FILL_AREA(#7255);
#7255 = FILL_AREA_STYLE('',(#7256));
#7256 = FILL_AREA_STYLE_COLOUR('',#6640);
#7257 = STYLED_ITEM('color',(#7258),#3862);
#7258 = PRESENTATION_STYLE_ASSIGNMENT((#7259));
#7259 = SURFACE_STYLE_USAGE(.BOTH.,#7260);
#7260 = SURFACE_SIDE_STYLE('',(#7261));
#7261 = SURFACE_STYLE_FILL_AREA(#7262);
#7262 = FILL_AREA_STYLE('',(#7263));
#7263 = FILL_AREA_STYLE_COLOUR('',#6640);
#7264 = STYLED_ITEM('color',(#7265),#3885);
#7265 = PRESENTATION_STYLE_ASSIGNMENT((#7266));
#7266 = SURFACE_STYLE_USAGE(.BOTH.,#7267);
#7267 = SURFACE_SIDE_STYLE('',(#7268));
#7268 = SURFACE_STYLE_FILL_AREA(#7269);
#7269 = FILL_AREA_STYLE('',(#7270));
#7270 = FILL_AREA_STYLE_COLOUR('',#6640);
#7271 = STYLED_ITEM('color',(#7272),#3972);
#7272 = PRESENTATION_STYLE_ASSIGNMENT((#7273));
#7273 = SURFACE_STYLE_USAGE(.BOTH.,#7274);
#7274 = SURFACE_SIDE_STYLE('',(#7275));
#7275 = SURFACE_STYLE_FILL_AREA(#7276);
#7276 = FILL_AREA_STYLE('',(#7277));
#7277 = FILL_AREA_STYLE_COLOUR('',#6640);
#7278 = STYLED_ITEM('color',(#7279),#3995);
#7279 = PRESENTATION_STYLE_ASSIGNMENT((#7280));
#7280 = SURFACE_STYLE_USAGE(.BOTH.,#7281);
#7281 = SURFACE_SIDE_STYLE('',(#7282));
#7282 = SURFACE_STYLE_FILL_AREA(#7283);
#7283 = FILL_AREA_STYLE('',(#7284));
#7284 = FILL_AREA_STYLE_COLOUR('',#6640);
#7285 = STYLED_ITEM('color',(#7286),#4012);
#7286 = PRESENTATION_STYLE_ASSIGNMENT((#7287));
#7287 = SURFACE_STYLE_USAGE(.BOTH.,#7288);
#7288 = SURFACE_SIDE_STYLE('',(#7289));
#7289 = SURFACE_STYLE_FILL_AREA(#7290);
#7290 = FILL_AREA_STYLE('',(#7291));
#7291 = FILL_AREA_STYLE_COLOUR('',#7292);
#7292 = COLOUR_RGB('',0.690196106937,0.662745111292,0.596078458879);
#7293 = STYLED_ITEM('color',(#7294),#4037);
#7294 = PRESENTATION_STYLE_ASSIGNMENT((#7295));
#7295 = SURFACE_STYLE_USAGE(.BOTH.,#7296);
#7296 = SURFACE_SIDE_STYLE('',(#7297));
#7297 = SURFACE_STYLE_FILL_AREA(#7298);
#7298 = FILL_AREA_STYLE('',(#7299));
#7299 = FILL_AREA_STYLE_COLOUR('',#6640);
#7300 = STYLED_ITEM('color',(#7301),#4053);
#7301 = PRESENTATION_STYLE_ASSIGNMENT((#7302));
#7302 = SURFACE_STYLE_USAGE(.BOTH.,#7303);
#7303 = SURFACE_SIDE_STYLE('',(#7304));
#7304 = SURFACE_STYLE_FILL_AREA(#7305);
#7305 = FILL_AREA_STYLE('',(#7306));
#7306 = FILL_AREA_STYLE_COLOUR('',#6640);
#7307 = STYLED_ITEM('color',(#7308),#4069);
#7308 = PRESENTATION_STYLE_ASSIGNMENT((#7309));
#7309 = SURFACE_STYLE_USAGE(.BOTH.,#7310);
#7310 = SURFACE_SIDE_STYLE('',(#7311));
#7311 = SURFACE_STYLE_FILL_AREA(#7312);
#7312 = FILL_AREA_STYLE('',(#7313));
#7313 = FILL_AREA_STYLE_COLOUR('',#6640);
#7314 = STYLED_ITEM('color',(#7315),#4086);
#7315 = PRESENTATION_STYLE_ASSIGNMENT((#7316));
#7316 = SURFACE_STYLE_USAGE(.BOTH.,#7317);
#7317 = SURFACE_SIDE_STYLE('',(#7318));
#7318 = SURFACE_STYLE_FILL_AREA(#7319);
#7319 = FILL_AREA_STYLE('',(#7320));
#7320 = FILL_AREA_STYLE_COLOUR('',#6604);
#7321 = STYLED_ITEM('color',(#7322),#4178);
#7322 = PRESENTATION_STYLE_ASSIGNMENT((#7323));
#7323 = SURFACE_STYLE_USAGE(.BOTH.,#7324);
#7324 = SURFACE_SIDE_STYLE('',(#7325));
#7325 = SURFACE_STYLE_FILL_AREA(#7326);
#7326 = FILL_AREA_STYLE('',(#7327));
#7327 = FILL_AREA_STYLE_COLOUR('',#6604);
#7328 = STYLED_ITEM('color',(#7329),#4270);
#7329 = PRESENTATION_STYLE_ASSIGNMENT((#7330));
#7330 = SURFACE_STYLE_USAGE(.BOTH.,#7331);
#7331 = SURFACE_SIDE_STYLE('',(#7332));
#7332 = SURFACE_STYLE_FILL_AREA(#7333);
#7333 = FILL_AREA_STYLE('',(#7334));
#7334 = FILL_AREA_STYLE_COLOUR('',#6640);
#7335 = STYLED_ITEM('color',(#7336),#4291);
#7336 = PRESENTATION_STYLE_ASSIGNMENT((#7337));
#7337 = SURFACE_STYLE_USAGE(.BOTH.,#7338);
#7338 = SURFACE_SIDE_STYLE('',(#7339));
#7339 = SURFACE_STYLE_FILL_AREA(#7340);
#7340 = FILL_AREA_STYLE('',(#7341));
#7341 = FILL_AREA_STYLE_COLOUR('',#6604);
#7342 = STYLED_ITEM('color',(#7343),#4316);
#7343 = PRESENTATION_STYLE_ASSIGNMENT((#7344));
#7344 = SURFACE_STYLE_USAGE(.BOTH.,#7345);
#7345 = SURFACE_SIDE_STYLE('',(#7346));
#7346 = SURFACE_STYLE_FILL_AREA(#7347);
#7347 = FILL_AREA_STYLE('',(#7348));
#7348 = FILL_AREA_STYLE_COLOUR('',#6604);
#7349 = STYLED_ITEM('color',(#7350),#4400);
#7350 = PRESENTATION_STYLE_ASSIGNMENT((#7351));
#7351 = SURFACE_STYLE_USAGE(.BOTH.,#7352);
#7352 = SURFACE_SIDE_STYLE('',(#7353));
#7353 = SURFACE_STYLE_FILL_AREA(#7354);
#7354 = FILL_AREA_STYLE('',(#7355));
#7355 = FILL_AREA_STYLE_COLOUR('',#6604);
#7356 = STYLED_ITEM('color',(#7357),#4492);
#7357 = PRESENTATION_STYLE_ASSIGNMENT((#7358));
#7358 = SURFACE_STYLE_USAGE(.BOTH.,#7359);
#7359 = SURFACE_SIDE_STYLE('',(#7360));
#7360 = SURFACE_STYLE_FILL_AREA(#7361);
#7361 = FILL_AREA_STYLE('',(#7362));
#7362 = FILL_AREA_STYLE_COLOUR('',#6604);
#7363 = STYLED_ITEM('color',(#7364),#4509);
#7364 = PRESENTATION_STYLE_ASSIGNMENT((#7365));
#7365 = SURFACE_STYLE_USAGE(.BOTH.,#7366);
#7366 = SURFACE_SIDE_STYLE('',(#7367));
#7367 = SURFACE_STYLE_FILL_AREA(#7368);
#7368 = FILL_AREA_STYLE('',(#7369));
#7369 = FILL_AREA_STYLE_COLOUR('',#6640);
#7370 = STYLED_ITEM('color',(#7371),#4531);
#7371 = PRESENTATION_STYLE_ASSIGNMENT((#7372));
#7372 = SURFACE_STYLE_USAGE(.BOTH.,#7373);
#7373 = SURFACE_SIDE_STYLE('',(#7374));
#7374 = SURFACE_STYLE_FILL_AREA(#7375);
#7375 = FILL_AREA_STYLE('',(#7376));
#7376 = FILL_AREA_STYLE_COLOUR('',#6604);
#7377 = STYLED_ITEM('color',(#7378),#4623);
#7378 = PRESENTATION_STYLE_ASSIGNMENT((#7379));
#7379 = SURFACE_STYLE_USAGE(.BOTH.,#7380);
#7380 = SURFACE_SIDE_STYLE('',(#7381));
#7381 = SURFACE_STYLE_FILL_AREA(#7382);
#7382 = FILL_AREA_STYLE('',(#7383));
#7383 = FILL_AREA_STYLE_COLOUR('',#6604);
#7384 = STYLED_ITEM('color',(#7385),#4715);
#7385 = PRESENTATION_STYLE_ASSIGNMENT((#7386));
#7386 = SURFACE_STYLE_USAGE(.BOTH.,#7387);
#7387 = SURFACE_SIDE_STYLE('',(#7388));
#7388 = SURFACE_STYLE_FILL_AREA(#7389);
#7389 = FILL_AREA_STYLE('',(#7390));
#7390 = FILL_AREA_STYLE_COLOUR('',#6640);
#7391 = STYLED_ITEM('color',(#7392),#4737);
#7392 = PRESENTATION_STYLE_ASSIGNMENT((#7393));
#7393 = SURFACE_STYLE_USAGE(.BOTH.,#7394);
#7394 = SURFACE_SIDE_STYLE('',(#7395));
#7395 = SURFACE_STYLE_FILL_AREA(#7396);
#7396 = FILL_AREA_STYLE('',(#7397));
#7397 = FILL_AREA_STYLE_COLOUR('',#6604);
#7398 = STYLED_ITEM('color',(#7399),#4762);
#7399 = PRESENTATION_STYLE_ASSIGNMENT((#7400));
#7400 = SURFACE_STYLE_USAGE(.BOTH.,#7401);
#7401 = SURFACE_SIDE_STYLE('',(#7402));
#7402 = SURFACE_STYLE_FILL_AREA(#7403);
#7403 = FILL_AREA_STYLE('',(#7404));
#7404 = FILL_AREA_STYLE_COLOUR('',#6604);
#7405 = STYLED_ITEM('color',(#7406),#4846);
#7406 = PRESENTATION_STYLE_ASSIGNMENT((#7407));
#7407 = SURFACE_STYLE_USAGE(.BOTH.,#7408);
#7408 = SURFACE_SIDE_STYLE('',(#7409));
#7409 = SURFACE_STYLE_FILL_AREA(#7410);
#7410 = FILL_AREA_STYLE('',(#7411));
#7411 = FILL_AREA_STYLE_COLOUR('',#6604);
#7412 = STYLED_ITEM('color',(#7413),#4938);
#7413 = PRESENTATION_STYLE_ASSIGNMENT((#7414));
#7414 = SURFACE_STYLE_USAGE(.BOTH.,#7415);
#7415 = SURFACE_SIDE_STYLE('',(#7416));
#7416 = SURFACE_STYLE_FILL_AREA(#7417);
#7417 = FILL_AREA_STYLE('',(#7418));
#7418 = FILL_AREA_STYLE_COLOUR('',#6604);
#7419 = STYLED_ITEM('color',(#7420),#4955);
#7420 = PRESENTATION_STYLE_ASSIGNMENT((#7421));
#7421 = SURFACE_STYLE_USAGE(.BOTH.,#7422);
#7422 = SURFACE_SIDE_STYLE('',(#7423));
#7423 = SURFACE_STYLE_FILL_AREA(#7424);
#7424 = FILL_AREA_STYLE('',(#7425));
#7425 = FILL_AREA_STYLE_COLOUR('',#6640);
#7426 = STYLED_ITEM('color',(#7427),#4977);
#7427 = PRESENTATION_STYLE_ASSIGNMENT((#7428));
#7428 = SURFACE_STYLE_USAGE(.BOTH.,#7429);
#7429 = SURFACE_SIDE_STYLE('',(#7430));
#7430 = SURFACE_STYLE_FILL_AREA(#7431);
#7431 = FILL_AREA_STYLE('',(#7432));
#7432 = FILL_AREA_STYLE_COLOUR('',#6640);
#7433 = STYLED_ITEM('color',(#7434),#4989);
#7434 = PRESENTATION_STYLE_ASSIGNMENT((#7435));
#7435 = SURFACE_STYLE_USAGE(.BOTH.,#7436);
#7436 = SURFACE_SIDE_STYLE('',(#7437));
#7437 = SURFACE_STYLE_FILL_AREA(#7438);
#7438 = FILL_AREA_STYLE('',(#7439));
#7439 = FILL_AREA_STYLE_COLOUR('',#6604);
#7440 = STYLED_ITEM('color',(#7441),#5008);
#7441 = PRESENTATION_STYLE_ASSIGNMENT((#7442));
#7442 = SURFACE_STYLE_USAGE(.BOTH.,#7443);
#7443 = SURFACE_SIDE_STYLE('',(#7444));
#7444 = SURFACE_STYLE_FILL_AREA(#7445);
#7445 = FILL_AREA_STYLE('',(#7446));
#7446 = FILL_AREA_STYLE_COLOUR('',#6604);
#7447 = STYLED_ITEM('color',(#7448),#5027);
#7448 = PRESENTATION_STYLE_ASSIGNMENT((#7449));
#7449 = SURFACE_STYLE_USAGE(.BOTH.,#7450);
#7450 = SURFACE_SIDE_STYLE('',(#7451));
#7451 = SURFACE_STYLE_FILL_AREA(#7452);
#7452 = FILL_AREA_STYLE('',(#7453));
#7453 = FILL_AREA_STYLE_COLOUR('',#6604);
#7454 = STYLED_ITEM('color',(#7455),#5046);
#7455 = PRESENTATION_STYLE_ASSIGNMENT((#7456));
#7456 = SURFACE_STYLE_USAGE(.BOTH.,#7457);
#7457 = SURFACE_SIDE_STYLE('',(#7458));
#7458 = SURFACE_STYLE_FILL_AREA(#7459);
#7459 = FILL_AREA_STYLE('',(#7460));
#7460 = FILL_AREA_STYLE_COLOUR('',#6604);
#7461 = STYLED_ITEM('color',(#7462),#5065);
#7462 = PRESENTATION_STYLE_ASSIGNMENT((#7463));
#7463 = SURFACE_STYLE_USAGE(.BOTH.,#7464);
#7464 = SURFACE_SIDE_STYLE('',(#7465));
#7465 = SURFACE_STYLE_FILL_AREA(#7466);
#7466 = FILL_AREA_STYLE('',(#7467));
#7467 = FILL_AREA_STYLE_COLOUR('',#7292);
#7468 = STYLED_ITEM('color',(#7469),#5074);
#7469 = PRESENTATION_STYLE_ASSIGNMENT((#7470));
#7470 = SURFACE_STYLE_USAGE(.BOTH.,#7471);
#7471 = SURFACE_SIDE_STYLE('',(#7472));
#7472 = SURFACE_STYLE_FILL_AREA(#7473);
#7473 = FILL_AREA_STYLE('',(#7474));
#7474 = FILL_AREA_STYLE_COLOUR('',#6604);
#7475 = STYLED_ITEM('color',(#7476),#5091);
#7476 = PRESENTATION_STYLE_ASSIGNMENT((#7477));
#7477 = SURFACE_STYLE_USAGE(.BOTH.,#7478);
#7478 = SURFACE_SIDE_STYLE('',(#7479));
#7479 = SURFACE_STYLE_FILL_AREA(#7480);
#7480 = FILL_AREA_STYLE('',(#7481));
#7481 = FILL_AREA_STYLE_COLOUR('',#6604);
#7482 = STYLED_ITEM('color',(#7483),#5108);
#7483 = PRESENTATION_STYLE_ASSIGNMENT((#7484));
#7484 = SURFACE_STYLE_USAGE(.BOTH.,#7485);
#7485 = SURFACE_SIDE_STYLE('',(#7486));
#7486 = SURFACE_STYLE_FILL_AREA(#7487);
#7487 = FILL_AREA_STYLE('',(#7488));
#7488 = FILL_AREA_STYLE_COLOUR('',#6604);
#7489 = STYLED_ITEM('color',(#7490),#5125);
#7490 = PRESENTATION_STYLE_ASSIGNMENT((#7491));
#7491 = SURFACE_STYLE_USAGE(.BOTH.,#7492);
#7492 = SURFACE_SIDE_STYLE('',(#7493));
#7493 = SURFACE_STYLE_FILL_AREA(#7494);
#7494 = FILL_AREA_STYLE('',(#7495));
#7495 = FILL_AREA_STYLE_COLOUR('',#6604);
#7496 = STYLED_ITEM('color',(#7497),#5142);
#7497 = PRESENTATION_STYLE_ASSIGNMENT((#7498));
#7498 = SURFACE_STYLE_USAGE(.BOTH.,#7499);
#7499 = SURFACE_SIDE_STYLE('',(#7500));
#7500 = SURFACE_STYLE_FILL_AREA(#7501);
#7501 = FILL_AREA_STYLE('',(#7502));
#7502 = FILL_AREA_STYLE_COLOUR('',#6604);
#7503 = STYLED_ITEM('color',(#7504),#5159);
#7504 = PRESENTATION_STYLE_ASSIGNMENT((#7505));
#7505 = SURFACE_STYLE_USAGE(.BOTH.,#7506);
#7506 = SURFACE_SIDE_STYLE('',(#7507));
#7507 = SURFACE_STYLE_FILL_AREA(#7508);
#7508 = FILL_AREA_STYLE('',(#7509));
#7509 = FILL_AREA_STYLE_COLOUR('',#6604);
#7510 = STYLED_ITEM('color',(#7511),#5176);
#7511 = PRESENTATION_STYLE_ASSIGNMENT((#7512));
#7512 = SURFACE_STYLE_USAGE(.BOTH.,#7513);
#7513 = SURFACE_SIDE_STYLE('',(#7514));
#7514 = SURFACE_STYLE_FILL_AREA(#7515);
#7515 = FILL_AREA_STYLE('',(#7516));
#7516 = FILL_AREA_STYLE_COLOUR('',#6604);
#7517 = STYLED_ITEM('color',(#7518),#5193);
#7518 = PRESENTATION_STYLE_ASSIGNMENT((#7519));
#7519 = SURFACE_STYLE_USAGE(.BOTH.,#7520);
#7520 = SURFACE_SIDE_STYLE('',(#7521));
#7521 = SURFACE_STYLE_FILL_AREA(#7522);
#7522 = FILL_AREA_STYLE('',(#7523));
#7523 = FILL_AREA_STYLE_COLOUR('',#6604);
#7524 = STYLED_ITEM('color',(#7525),#5205);
#7525 = PRESENTATION_STYLE_ASSIGNMENT((#7526));
#7526 = SURFACE_STYLE_USAGE(.BOTH.,#7527);
#7527 = SURFACE_SIDE_STYLE('',(#7528));
#7528 = SURFACE_STYLE_FILL_AREA(#7529);
#7529 = FILL_AREA_STYLE('',(#7530));
#7530 = FILL_AREA_STYLE_COLOUR('',#6604);
#7531 = STYLED_ITEM('color',(#7532),#5222);
#7532 = PRESENTATION_STYLE_ASSIGNMENT((#7533));
#7533 = SURFACE_STYLE_USAGE(.BOTH.,#7534);
#7534 = SURFACE_SIDE_STYLE('',(#7535));
#7535 = SURFACE_STYLE_FILL_AREA(#7536);
#7536 = FILL_AREA_STYLE('',(#7537));
#7537 = FILL_AREA_STYLE_COLOUR('',#6604);
#7538 = STYLED_ITEM('color',(#7539),#5239);
#7539 = PRESENTATION_STYLE_ASSIGNMENT((#7540));
#7540 = SURFACE_STYLE_USAGE(.BOTH.,#7541);
#7541 = SURFACE_SIDE_STYLE('',(#7542));
#7542 = SURFACE_STYLE_FILL_AREA(#7543);
#7543 = FILL_AREA_STYLE('',(#7544));
#7544 = FILL_AREA_STYLE_COLOUR('',#6604);
#7545 = STYLED_ITEM('color',(#7546),#5256);
#7546 = PRESENTATION_STYLE_ASSIGNMENT((#7547));
#7547 = SURFACE_STYLE_USAGE(.BOTH.,#7548);
#7548 = SURFACE_SIDE_STYLE('',(#7549));
#7549 = SURFACE_STYLE_FILL_AREA(#7550);
#7550 = FILL_AREA_STYLE('',(#7551));
#7551 = FILL_AREA_STYLE_COLOUR('',#6604);
#7552 = STYLED_ITEM('color',(#7553),#5273);
#7553 = PRESENTATION_STYLE_ASSIGNMENT((#7554));
#7554 = SURFACE_STYLE_USAGE(.BOTH.,#7555);
#7555 = SURFACE_SIDE_STYLE('',(#7556));
#7556 = SURFACE_STYLE_FILL_AREA(#7557);
#7557 = FILL_AREA_STYLE('',(#7558));
#7558 = FILL_AREA_STYLE_COLOUR('',#6604);
#7559 = STYLED_ITEM('color',(#7560),#5290);
#7560 = PRESENTATION_STYLE_ASSIGNMENT((#7561));
#7561 = SURFACE_STYLE_USAGE(.BOTH.,#7562);
#7562 = SURFACE_SIDE_STYLE('',(#7563));
#7563 = SURFACE_STYLE_FILL_AREA(#7564);
#7564 = FILL_AREA_STYLE('',(#7565));
#7565 = FILL_AREA_STYLE_COLOUR('',#6604);
#7566 = STYLED_ITEM('color',(#7567),#5307);
#7567 = PRESENTATION_STYLE_ASSIGNMENT((#7568));
#7568 = SURFACE_STYLE_USAGE(.BOTH.,#7569);
#7569 = SURFACE_SIDE_STYLE('',(#7570));
#7570 = SURFACE_STYLE_FILL_AREA(#7571);
#7571 = FILL_AREA_STYLE('',(#7572));
#7572 = FILL_AREA_STYLE_COLOUR('',#6604);
#7573 = STYLED_ITEM('color',(#7574),#5324);
#7574 = PRESENTATION_STYLE_ASSIGNMENT((#7575));
#7575 = SURFACE_STYLE_USAGE(.BOTH.,#7576);
#7576 = SURFACE_SIDE_STYLE('',(#7577));
#7577 = SURFACE_STYLE_FILL_AREA(#7578);
#7578 = FILL_AREA_STYLE('',(#7579));
#7579 = FILL_AREA_STYLE_COLOUR('',#6604);
#7580 = STYLED_ITEM('color',(#7581),#5336);
#7581 = PRESENTATION_STYLE_ASSIGNMENT((#7582));
#7582 = SURFACE_STYLE_USAGE(.BOTH.,#7583);
#7583 = SURFACE_SIDE_STYLE('',(#7584));
#7584 = SURFACE_STYLE_FILL_AREA(#7585);
#7585 = FILL_AREA_STYLE('',(#7586));
#7586 = FILL_AREA_STYLE_COLOUR('',#6604);
#7587 = STYLED_ITEM('color',(#7588),#5353);
#7588 = PRESENTATION_STYLE_ASSIGNMENT((#7589));
#7589 = SURFACE_STYLE_USAGE(.BOTH.,#7590);
#7590 = SURFACE_SIDE_STYLE('',(#7591));
#7591 = SURFACE_STYLE_FILL_AREA(#7592);
#7592 = FILL_AREA_STYLE('',(#7593));
#7593 = FILL_AREA_STYLE_COLOUR('',#6604);
#7594 = STYLED_ITEM('color',(#7595),#5370);
#7595 = PRESENTATION_STYLE_ASSIGNMENT((#7596));
#7596 = SURFACE_STYLE_USAGE(.BOTH.,#7597);
#7597 = SURFACE_SIDE_STYLE('',(#7598));
#7598 = SURFACE_STYLE_FILL_AREA(#7599);
#7599 = FILL_AREA_STYLE('',(#7600));
#7600 = FILL_AREA_STYLE_COLOUR('',#6604);
#7601 = STYLED_ITEM('color',(#7602),#5387);
#7602 = PRESENTATION_STYLE_ASSIGNMENT((#7603));
#7603 = SURFACE_STYLE_USAGE(.BOTH.,#7604);
#7604 = SURFACE_SIDE_STYLE('',(#7605));
#7605 = SURFACE_STYLE_FILL_AREA(#7606);
#7606 = FILL_AREA_STYLE('',(#7607));
#7607 = FILL_AREA_STYLE_COLOUR('',#6604);
#7608 = STYLED_ITEM('color',(#7609),#5404);
#7609 = PRESENTATION_STYLE_ASSIGNMENT((#7610));
#7610 = SURFACE_STYLE_USAGE(.BOTH.,#7611);
#7611 = SURFACE_SIDE_STYLE('',(#7612));
#7612 = SURFACE_STYLE_FILL_AREA(#7613);
#7613 = FILL_AREA_STYLE('',(#7614));
#7614 = FILL_AREA_STYLE_COLOUR('',#6604);
#7615 = STYLED_ITEM('color',(#7616),#5421);
#7616 = PRESENTATION_STYLE_ASSIGNMENT((#7617));
#7617 = SURFACE_STYLE_USAGE(.BOTH.,#7618);
#7618 = SURFACE_SIDE_STYLE('',(#7619));
#7619 = SURFACE_STYLE_FILL_AREA(#7620);
#7620 = FILL_AREA_STYLE('',(#7621));
#7621 = FILL_AREA_STYLE_COLOUR('',#6604);
#7622 = STYLED_ITEM('color',(#7623),#5438);
#7623 = PRESENTATION_STYLE_ASSIGNMENT((#7624));
#7624 = SURFACE_STYLE_USAGE(.BOTH.,#7625);
#7625 = SURFACE_SIDE_STYLE('',(#7626));
#7626 = SURFACE_STYLE_FILL_AREA(#7627);
#7627 = FILL_AREA_STYLE('',(#7628));
#7628 = FILL_AREA_STYLE_COLOUR('',#6604);
#7629 = STYLED_ITEM('color',(#7630),#5455);
#7630 = PRESENTATION_STYLE_ASSIGNMENT((#7631));
#7631 = SURFACE_STYLE_USAGE(.BOTH.,#7632);
#7632 = SURFACE_SIDE_STYLE('',(#7633));
#7633 = SURFACE_STYLE_FILL_AREA(#7634);
#7634 = FILL_AREA_STYLE('',(#7635));
#7635 = FILL_AREA_STYLE_COLOUR('',#6604);
#7636 = STYLED_ITEM('color',(#7637),#5467);
#7637 = PRESENTATION_STYLE_ASSIGNMENT((#7638));
#7638 = SURFACE_STYLE_USAGE(.BOTH.,#7639);
#7639 = SURFACE_SIDE_STYLE('',(#7640));
#7640 = SURFACE_STYLE_FILL_AREA(#7641);
#7641 = FILL_AREA_STYLE('',(#7642));
#7642 = FILL_AREA_STYLE_COLOUR('',#6604);
#7643 = STYLED_ITEM('color',(#7644),#5484);
#7644 = PRESENTATION_STYLE_ASSIGNMENT((#7645));
#7645 = SURFACE_STYLE_USAGE(.BOTH.,#7646);
#7646 = SURFACE_SIDE_STYLE('',(#7647));
#7647 = SURFACE_STYLE_FILL_AREA(#7648);
#7648 = FILL_AREA_STYLE('',(#7649));
#7649 = FILL_AREA_STYLE_COLOUR('',#6604);
#7650 = STYLED_ITEM('color',(#7651),#5501);
#7651 = PRESENTATION_STYLE_ASSIGNMENT((#7652));
#7652 = SURFACE_STYLE_USAGE(.BOTH.,#7653);
#7653 = SURFACE_SIDE_STYLE('',(#7654));
#7654 = SURFACE_STYLE_FILL_AREA(#7655);
#7655 = FILL_AREA_STYLE('',(#7656));
#7656 = FILL_AREA_STYLE_COLOUR('',#6604);
#7657 = STYLED_ITEM('color',(#7658),#5518);
#7658 = PRESENTATION_STYLE_ASSIGNMENT((#7659));
#7659 = SURFACE_STYLE_USAGE(.BOTH.,#7660);
#7660 = SURFACE_SIDE_STYLE('',(#7661));
#7661 = SURFACE_STYLE_FILL_AREA(#7662);
#7662 = FILL_AREA_STYLE('',(#7663));
#7663 = FILL_AREA_STYLE_COLOUR('',#6604);
#7664 = STYLED_ITEM('color',(#7665),#5535);
#7665 = PRESENTATION_STYLE_ASSIGNMENT((#7666));
#7666 = SURFACE_STYLE_USAGE(.BOTH.,#7667);
#7667 = SURFACE_SIDE_STYLE('',(#7668));
#7668 = SURFACE_STYLE_FILL_AREA(#7669);
#7669 = FILL_AREA_STYLE('',(#7670));
#7670 = FILL_AREA_STYLE_COLOUR('',#6604);
#7671 = STYLED_ITEM('color',(#7672),#5552);
#7672 = PRESENTATION_STYLE_ASSIGNMENT((#7673));
#7673 = SURFACE_STYLE_USAGE(.BOTH.,#7674);
#7674 = SURFACE_SIDE_STYLE('',(#7675));
#7675 = SURFACE_STYLE_FILL_AREA(#7676);
#7676 = FILL_AREA_STYLE('',(#7677));
#7677 = FILL_AREA_STYLE_COLOUR('',#6604);
#7678 = STYLED_ITEM('color',(#7679),#5569);
#7679 = PRESENTATION_STYLE_ASSIGNMENT((#7680));
#7680 = SURFACE_STYLE_USAGE(.BOTH.,#7681);
#7681 = SURFACE_SIDE_STYLE('',(#7682));
#7682 = SURFACE_STYLE_FILL_AREA(#7683);
#7683 = FILL_AREA_STYLE('',(#7684));
#7684 = FILL_AREA_STYLE_COLOUR('',#6604);
#7685 = STYLED_ITEM('color',(#7686),#5586);
#7686 = PRESENTATION_STYLE_ASSIGNMENT((#7687));
#7687 = SURFACE_STYLE_USAGE(.BOTH.,#7688);
#7688 = SURFACE_SIDE_STYLE('',(#7689));
#7689 = SURFACE_STYLE_FILL_AREA(#7690);
#7690 = FILL_AREA_STYLE('',(#7691));
#7691 = FILL_AREA_STYLE_COLOUR('',#6604);
ENDSEC;
END-ISO-10303-21;
